rank	bare	toned
10	ati	àti
14	ba	bà
29	nitori	nítorí
35	tabi	tàbí
42	ninu	nínú
46	ọjọ	ọjọ́
55	ijọba	ìjọba
57	ṣugbọn	ṣùgbọ́n
62	ilẹ	ilẹ̀
64	ju	jù
72	oju	ojú
73	pẹlu	pẹ̀lú
75	iwa	ìwà
85	oṣelu	òṣèlú
94	oke	òkè
105	oṣu	oṣù
107	olori	olorì
109	lẹhin	lẹ́hìn
113	oni	òní
121	orilẹ	orílẹ̀
123	ọpọ	ọ̀pọ̀
128	ode	òde
134	wọnyi	wọ̀nyí
139	igbeyawo	ìgbéyàwó
142	ẹrọ	ẹ̀rọ
145	iku	ikú
146	asiko	àsìkò
153	kuro	kúrò
157	ofin	òfin
160	gbọ	gbọ́
164	yo	yó
165	pupọ	púpọ̀
169	bẹẹ	bẹ́ẹ̀
175	pẹ	pẹ́
176	agbaye	àgbáyé
177	keji	kejì
179	ologun	ológun
184	atijọ	àtijọ́
188	apẹrẹ	apẹ̀rẹ̀
189	ifẹ	ìfẹ́
196	ipinlẹ	ìpínlẹ̀
197	alejo	àlejò
200	idile	ìdílé
201	din	dín
204	fẹran	fẹ́ràn
208	ominira	òmìnira
209	agbẹ	àgbẹ̀
211	diẹ	díẹ̀
214	ijapa	ìjàpá
216	ibilẹ	ìbílẹ̀
224	oṣiṣẹ	òṣìṣẹ́
225	ayelujara	ayélujára
228	nikan	nìkan
232	mẹta	mẹ́ta
233	kekere	kékeré
234	rọbi	rọbí
235	ikan	ikán
237	adiẹ	adìẹ
238	kọja	kọjá
239	oloye	olóyè
242	agbegbe	agbègbè
250	were	wèrè
253	gomina	gómìnà
256	aworan	àwòrán
257	ọlọrọ	ọlọ́rọ̀
259	ijẹbu	ìjẹ̀bú
260	lẹyin	lẹ́yìn
261	sọrọ	sọ̀rọ̀
265	iṣẹlẹ	ìṣẹ̀lẹ̀
269	tẹlẹ	tẹ́lẹ̀
270	akara	àkàrà
275	mẹfa	mẹ́fà
278	oku	òkú
284	igun	igún
285	labẹ	lábẹ́
290	ẹwọn	ẹ̀wọ̀n
292	gbọdọ	gbọdọ̀
294	aje	ajé
295	oriṣa	òrìṣà
297	ọgẹdẹ	ọ̀gẹ̀dẹ̀
298	ranti	rántí
299	ẹlẹdẹ	ẹlẹ́dẹ̀
303	ṣẹlẹ	ṣẹlẹ̀
304	onile	onílé
310	waye	wáyé
311	tọju	tọ́jú
314	abẹtẹlẹ	àbẹ̀tẹ́lẹ̀
319	kiniun	kìnìún
321	dagba	dàgbà
322	adura	àdúrà
323	ikoko	ìkòkò
324	arugbo	arúgbó
325	iṣe	ìṣe
330	ẹmi	ẹ̀mí
334	ẹlomiran	ẹlòmíràn
335	igbagbọ	ìgbàgbọ́
346	gbiyanju	gbìyànjú
347	nile	nílé
348	iṣoro	ìṣòro
350	iranti	ìrántí
352	ojukokoro	ojúkòkòrò
355	igbese	igbèsè
361	ajọdun	àjọ̀dún
362	yara	yàrá
365	ekeji	èkejì
366	adugbo	àdúgbò
368	agbado	àgbàdo
369	isinku	ìsìnkú
371	gele	gèlè
377	alaini	aláìní
380	ajẹ	àjẹ́
381	ṣiṣe	ṣíṣe
385	ẹjẹ	ẹ̀jẹ̀
388	imu	imú
392	ijo	ijó
394	imọran	ìmọ̀ràn
395	eewọ	èèwọ̀
396	akẹkọọ	akẹ́kọ̀ọ́
401	amala	àmàlà
404	dibo	dìbò
405	akoba	àkóbá
408	iranlọwọ	ìrànlọ́wọ́
409	ajoji	àjòjì
410	irọ	irọ́
411	aarin	àárín
412	itẹlọrun	ìtẹ́lọ́rùn
413	kini	kíni
414	mẹrin	mẹ́rin
418	soke	sókè
419	ẹbun	ẹ̀bùn
420	igbẹ	ìgbẹ́
421	aburo	àbúrò
423	irẹsi	ìrẹsì
424	aadọta	àádọ́ta
425	otitọ	òtítọ́
426	aṣiri	àṣírí
429	kẹtẹkẹtẹ	kẹ́tẹ́kẹ́tẹ́
431	bẹru	bẹ̀rù
436	ewurẹ	ewúrẹ́
437	onigbagbọ	onígbàgbọ́
438	okunkun	òkùnkùn
440	wura	wúrà
441	ewura	ewùrà
449	abule	abúlé
450	kaka	kàkà
452	ifa	ìfà
453	gbagbọ	gbàgbọ́
454	boya	bóyá
455	eṣu	eṣú
456	mejeeji	méjèèjì
466	naira	náírà
467	ibanujẹ	ìbànújẹ́
471	ibinu	ìbínú
473	iroko	ìrókò
475	oniṣowo	oníṣòwò
480	ibẹrẹ	ìbẹ̀rẹ̀
481	abiku	àbíkú
485	fo	fò
490	ọmọniyan	ọmọnìyàn
492	balẹ	balẹ̀
495	ewedu	ewédú
496	ogoji	ogójì
498	ipade	ìpàdé
499	ajọyọ	àjọyọ̀
501	okeere	òkèèrè
504	atimọle	àtìmọ́lé
505	ayọ	ayọ̀
508	iwo	ìwo
510	igberaga	ìgbéraga
512	ariwa	àríwá
514	ale	àlè
516	nta	ńta
517	suuru	sùúrù
519	ọwa	ọwá
520	ileeṣẹ	iléeṣẹ́
521	iwọde	ìwọ́de
524	alakara	alákàrà
525	iho	ihò
526	okete	òkété
527	agbẹjọro	agbẹjọ́rò
529	oriki	oríkì
530	alọ	àlọ́
534	osi	òsì
535	kẹfa	kẹfà
537	wakati	wákàtí
538	padanu	pàdánù
540	oniṣegun	oníṣègùn
541	ọkanjuwa	ọ̀kánjúwà
547	apẹẹrẹ	àpẹẹrẹ
550	ọtun	ọ̀tún
551	olukọ	olùkọ́
553	owurọ	òwúrọ̀
554	gbadun	gbádùn
557	ilọsiwaju	ìlọsíwájú
560	ẹnikẹni	ẹnikẹ́ni
561	ọjọgbọn	ọ̀jọ̀gbọ́n
563	oore	òòrè
564	onimọ	onímọ̀
565	alatagba	alátagbà
567	sunkun	sunkún
569	aanu	àánú
571	ileri	ìlérí
573	ofurufu	òfurufú
574	nle	ńlé
578	apọn	àpọ́n
579	ayanfẹ	àyànfẹ́
580	itage	ìtàgé
582	ẹfọ	ẹ̀fọ́
584	aguntan	àgùntàn
586	dide	dìde
587	ọfọ	ọfọ̀
591	eke	èké
592	ọkẹrẹ	ọ̀kẹ́rẹ́
594	adan	àdán
597	laipẹ	láìpẹ́
598	ọpa	ọ̀pá
600	ireti	ìrètí
605	asin	asín
606	guusu	gúúsù
610	kọkọrọ	kọ́kọ́rọ́
613	gbongbo	gbòǹgbò
614	buburu	búburú
615	panti	pàǹtí
616	akọbi	àkọ́bí
617	mẹjọ	mẹ́jọ
618	iyẹ	ìyẹ́
619	igbadun	ìgbádùn
622	idagbasoke	ìdàgbàsókè
623	jiya	jìyà
624	orisun	orísun
625	igbesẹ	ìgbésẹ̀
627	ẹgbaa	ẹgbàá
628	jin	jìn
630	ipari	ìparí
633	paṣẹ	pàṣẹ
634	pẹlẹ	pẹ̀lẹ́
637	ewo	èwo
638	ọkẹ	ọ̀kẹ́
639	afojudi	àfojúdi
641	elubọ	èlùbọ́
643	okuta	òkúta
644	igo	ìgò
646	akisa	àkísà
654	ohunkohun	ohunkóhun
656	babalawo	babaláwo
658	kii	kíì
659	gbera	gbéra
661	ikede	ìkéde
663	abẹrẹ	abẹ́rẹ́
664	baale	baálé
666	gbese	gbèsè
668	ofi	òfì
671	ikọkọrẹ	ìkọ́kọrẹ́
673	ilera	ìlera
676	ojoojumọ	ojoojúmọ́
678	ipinnu	ìpinnu
679	tii	tíì
680	awodi	àwòdì
681	iyalẹnu	ìyàlẹ́nu
682	ẹgbẹrun	ẹgbẹ̀rún
683	opin	òpin
687	yanju	yanjú
693	wara	wàrà
694	orogbo	orógbó
695	iṣile	ìṣílé
696	too	tóò
697	oyun	oyún
700	apata	àpáta
701	agbọnrin	àgbọ̀nrín
704	gboju	gbójú
705	alagbẹdẹ	alágbẹ̀dẹ
709	isalẹ	ìsàlẹ̀
716	ibeji	ìbejì
717	papa	pápá
718	ranṣẹ	ránṣẹ́
719	aloku	àlòkù
722	ọfun	ọ̀fun
724	imale	ìmàle
725	aluko	àlùkò
726	baalẹ	baálẹ̀
727	alantakun	aláǹtakùn
728	amunisin	amúnisìn
731	ọtẹlẹmuyẹ	ọ̀tẹlẹ̀múyẹ́
732	ọlọja	ọlọ́jà
736	aparo	àparò
738	ayo	ayò
740	iṣelu	ìṣèlú
741	sunwọn	sunwọ̀n
744	agbagba	àgbagbà
746	kuru	kúrú
748	orule	òrùlé
749	ọtẹ	ọ̀tẹ̀
750	ololufẹ	olólùfẹ́
752	toro	tòrò
756	oloyin	olóyin
757	ojola	òjòlá
758	ọsin	ọ̀sìn
759	maluu	màlúù
761	kede	kéde
762	afẹfẹ	afẹ́fẹ́
763	afọju	afọ́jú
766	alaafia	àlàáfíà
767	saa	sáà
768	oloṣelu	olóṣèlú
770	adiyẹ	adìyẹ
771	kilọ	kìlọ̀
772	jibiti	jìbìtì
773	laisi	láìsí
774	okiki	òkìkí
775	ṣọwọn	ṣọ̀wọ́n
777	ọmuti	ọ̀mùtí
778	irẹ	ìrẹ̀
780	kanga	kànga
781	abi	àbí
782	yala	yálà
784	ọkin	ọ̀kín
785	daji	dájì
786	ẹgẹ	ẹ̀gẹ́
787	ọbun	ọ̀bùn
788	itosi	ìtòsí
789	ogongo	ògòǹgò
790	lojiji	lójijì
791	etutu	ètùtù
793	anfaani	àǹfààní
795	isa	isà
797	rogbodiyan	rògbòdìyàn
798	imado	ìmàdò
799	dinku	dínkù
801	ojumọ	ojúmọ́
808	epe	èpè
809	ofuurufu	òfuurufú
811	ifẹhonuhan	ìfẹ̀hónúhàn
812	atilẹyin	àtìlẹ́yìn
813	pata	pátá
814	fidio	fídíò
816	ilẹkẹ	ìlẹ̀kẹ̀
818	ariyanjiyan	àríyànjiyàn
819	gbẹgiri	gbẹ̀gìrì
822	ferese	fèrèsé
823	iṣẹju	ìṣẹ́jú
827	gaari	gàárì
828	ẹgusi	ẹ̀gúsí
829	ṣeto	ṣètò
832	ọyẹ	ọyẹ́
833	lekeleke	lékeléke
835	kuna	kùnà
836	itakun	ìtàkùn
839	adaba	àdàbà
841	ajọṣepọ	àjọṣepọ̀
842	iwuri	ìwúrí
844	aran	àrán
847	ogboni	ògbóni
848	ọkọọkan	ọ̀kọ̀ọ̀kan
849	niwaju	níwájú
850	akọbulọọgu	akọbúlọ́ọ̀gù
851	alatilẹyin	alátìlẹ́yìn
852	idije	ìdíje
854	koo	kóò
855	tuka	túká
856	ṣibi	ṣíbí
859	kaa	káà
860	igberiko	ìgbèríko
861	apari	apárí
862	aake	àáké
864	afinju	afínjú
866	apọnle	àpọ́nlé
867	ọmọluwabi	ọmọlúwàbí
868	irinṣẹ	irinṣẹ́
873	akan	akàn
875	araye	aráyé
876	arokọ	àròkọ
880	ootọ	òótọ́
882	afikun	àfikún
883	iyara	iyàrá
885	roro	rorò
886	ekute	èkúté
887	jaye	jayé
889	difa	dífá
890	ase	àsè
891	ipalara	ìpalára
892	ẹku	ẹ̀kú
893	gbeja	gbèjà
894	polowo	polówó
900	aboyun	aboyún
903	adun	adùn
905	lemọmu	lèmọ́mù
906	obukọ	òbúkọ
907	obo	òbò
908	akọọlẹ	àkọọ́lẹ̀
909	mooru	móoru
911	ẹlẹja	ẹlẹ́ja
914	laakaye	làákàyè
915	kakiri	kákiri
918	ekolo	ekòló
920	gbalẹ	gbálẹ̀
921	erongba	èròǹgbà
923	apilẹkọ	àpilẹ̀kọ
926	ogbo	ògbo
927	idanimọ	ìdánimọ̀
928	ifun	ìfun
929	ẹwu	ẹ̀wù
932	eera	èèrà
933	aaya	àáyá
934	ọṣọ	ọ̀ṣọ́
935	burẹdi	búrẹ́dì
936	okunfa	okùnfà
937	dada	dàda
938	agbajọ	àgbájọ
939	ireke	ìrèké
940	aaye	ààyè
941	ifọwọsowọpọ	ìfọwọ́sowọ́pọ̀
942	ẹrẹkẹ	ẹ̀rẹ̀kẹ́
945	ọpẹlẹ	ọ̀pẹ̀lẹ̀
946	ipolowo	ìpolówó
948	fere	fèrè
949	ofofo	òfófó
951	ijakadi	ìjàkadì
952	ijanu	ìjánu
953	pẹpẹyẹ	pẹ́pẹ́yẹ
956	patapata	pátápátá
957	ifura	ìfura
959	aworo	àwòrò
960	igala	ìgalà
961	ẹburu	ẹ̀bùrú
962	ọdalẹ	ọ̀dàlẹ̀
963	eefin	èéfín
964	talaka	tálákà
966	ajao	àjàò
968	ewi	ewì
969	abuda	àbùdá
970	akojọ	àkójọ
972	idahun	ìdáhùn
973	gbọngan	gbọ̀ngàn
975	riran	ríran
979	ibomiran	ibòmíràn
980	daju	dájú
981	nipasẹ	nípasẹ̀
982	asia	àsíá
983	ojojo	òjòjò
984	olugbe	olùgbé
987	ẹẹkan	ẹ̀ẹ̀kan
988	akala	àkàlà
989	ọọdunrun	ọ̀ọ́dúnrún
990	odidẹrẹ	odídẹrẹ́
991	akeekee	àkéekèe
993	mọṣalaṣi	mọ́ṣáláṣí
995	abuke	abuké
996	ipọnju	ìpọ́njú
997	ipakọ	ìpàkọ́
998	oniṣango	oníṣàngó
999	araba	àràbà
1001	lafun	láfún
1002	oromọdiyẹ	òròmọdìyẹ
1004	aibikita	àìbìkítà
1007	ẹpa	ẹ̀pà
1008	aajo	aájò
1009	alumọni	àlùmọ́nì
1010	iwuye	ìwúyè
1011	ahere	ahéré
1012	mọto	mọ́tò
1014	ofu	òfú
1015	ọlẹlẹ	ọ̀lẹ̀lẹ̀
1016	ibikibi	ibikíbi
1017	owiwi	òwìwí
1018	agan	àgàn
1021	agbanrere	àgbáǹréré
1025	lapalapa	làpálàpá
1026	bura	búra
1028	ọgọta	ọgọ́ta
1029	ọbakan	ọbàkan
1030	dọbalẹ	dọ̀bálẹ̀
1034	atupa	àtùpà
1035	ikarahun	ìkarahun
1036	aha	ahá
1037	akoso	àkóso
1039	akewi	akéwì
1041	loke	lókè
1042	gangan	gángan
1043	ẹdọ	ẹ̀dọ̀
1044	yooku	yòókù
1046	okobo	òkóbó
1048	atari	àtàrí
1049	irọlẹ	ìrọ̀lẹ́
1050	wuwo	wúwo
1054	ọfiisi	ọ́fíìsì
1056	opopona	òpópónà
1058	eṣi	èṣí
1059	figagbaga	figagbága
1061	apaadi	àpáàdì
1062	agẹrẹ	àgẹ̀rẹ̀
1063	igbelarugẹ	ìgbélárugẹ
1064	pajawiri	pàjáwìrì
1066	oṣere	òṣèré
1067	dana	dáná
1068	ifọrọwanilẹnuwo	ìfọ̀rọ̀wánilẹ́nuwò
1069	bun	bùn
1070	aditi	adití
1072	asinwin	asínwín
1075	iwoyi	ìwòyí
1077	ajẹku	àjẹkù
1078	ẹbiti	ẹ̀bìtì
1080	ijimere	ìjímèrè
1081	labalaba	labalábá
1082	dubulẹ	dùbúlẹ̀
1084	afomọ	àfòmọ́
1085	parọ	parọ́
1086	ṣuga	ṣúgà
1087	agbako	àgbákò
1088	ṣeleri	ṣèlérí
1089	ọdaju	ọ̀dájú
1091	kolẹ	kólẹ̀
1092	awada	àwàdà
1094	aṣaro	àṣáró
1097	amọtẹkun	àmọ̀tẹ́kùn
1099	ẹlẹmu	ẹlẹ́mu
1102	adagun	adágún
1103	akalamagbo	àkàlàmàgbò
1104	irẹlẹ	ìrẹ̀lẹ̀
1105	ọyaya	ọ̀yàyà
1106	jere	jèrè
1113	kololo	kólòlò
1114	agabagebe	àgàbàgebè
1115	ramuramu	ramúramù
1116	okiti	òkìtì
1117	sanyan	sányán
1118	pagọ	pàgọ́
1119	alase	alásè
1120	afọwọfa	àfọwọ́fà
1121	arẹmọ	àrẹ̀mọ
1122	ojubọ	ojúbọ
1123	iṣakọlẹ	ìṣákọ́lẹ̀
1124	aṣeyọri	àṣeyọrí
1126	iṣo	ìṣó
1127	etitu	ètítú
1129	kare	káre
1130	igunpa	ìgúnpá
1131	rago	ràgó
1132	magun	mágùn
1133	irukẹrẹ	ìrùkẹ̀rẹ̀
1135	ikunlẹ	ìkúnlẹ̀
1136	iṣasun	ìṣasùn
1140	irọri	ìrọ̀rí
1141	lẹta	lẹ́tà
1142	agbẹdẹ	àgbẹ̀dẹ
1143	gbẹnagbẹna	gbẹ́nàgbẹ́nà
1144	koda	kódà
1146	ayeraye	ayérayé
1147	afin	àfín
1149	kaakiri	káàkiri
1150	isinmi	ìsinmi
1151	olugbeja	olùgbèjà
1153	ho	hó
1154	mẹkunnu	mẹ̀kúnnù
1155	aleefa	àlééfà
1156	adua	àdúà
1158	saba	sábà
1159	ipenija	ìpèníjà
1160	ojule	ojúlé
1161	imisi	ìmísí
1162	ọdọọdun	ọdọọdún
1163	irawọ	ìràwọ̀
1169	akasọ	àkàsọ̀
1170	kilomita	kìlómítà
1171	mẹtẹẹta	mẹ́tẹ̀ẹ̀ta
1174	ayafi	àyàfi
1177	ẹlu	ẹ̀lú
1178	loṣoo	lóṣòó
1179	ọdẹdẹ	ọ̀dẹ̀dẹ̀
1182	gbọgbẹ	gbọgbẹ́
1183	atẹlẹwọ	àtẹ́lẹwọ́
1185	ologinni	ológìnní
1186	irungbọn	irùngbọ̀n
1188	akukọ	àkùkọ
1189	pete	pète
1190	digbolugi	dìgbòlugi
1191	ookan	oókan
1192	gbẹdu	gbẹ̀du
1193	bẹẹrẹ	bẹ́ẹ́rẹ̀
1194	agbigbo	àgbìgbò
1195	saraa	sàráà
1196	ọgọ	ọ̀gọ̀
1197	awusa	awùsá
1199	mariwo	màrìwò
1200	yẹri	yẹ̀rì
1201	kunlẹ	kúnlẹ̀
1203	eegbọn	eégbọn
1206	ọfọn	ọ̀fọn
1207	otolo	òtòlò
1209	ogunna	ògúnná
1210	ibomii	ibòmíì
1213	mọmi	mọ́mì
1215	ọkanlelogun	ọ̀kànlélógún
1216	amofin	amòfin
1217	bikita	bìkítà
1218	jiroro	jíròrò
1219	adogan	àdògán
1221	eedu	èédú
1225	ikarawun	ìkarawun
1226	iwọntunwọnsi	ìwọ̀ntúnwọ̀nsì
1227	abẹla	àbẹ́là
1228	fadaka	fàdákà
1230	gbẹrun	gbẹ́run
1232	imọle	ìmọ̀le
1235	alufaa	àlùfáà
1239	telọ	télọ̀
1240	sinima	sinimá
1241	atọgbẹ	àtọ̀gbẹ
1242	ihoho	ìhòhò
1245	kẹrindinlogun	kẹrìndínlógún
1246	ibukun	ìbùkún
1251	taka	tàka
1253	ṣiyemeji	ṣiyèméjì
1255	isẹ	isẹ̀
1260	irinwo	irinwó
1262	popo	pópó
1263	nini	nìní
1265	ipẹ	ìpẹ́
1268	ijokoo	ìjókòó
1269	inaki	ìnàkí
1271	lọpọlọpọ	lọ́pọ̀lọ́pọ̀
1272	buba	bùbá
1276	faaji	fàájì
1277	ẹfuufu	ẹ̀fúùfù
1279	ọjẹ	ọ̀jẹ̀
1280	bulọọgu	búlọ́ọ̀gù
1283	ifasiti	ifásitì
1284	gongo	góńgó
1285	afonifoji	àfonífojì
1286	agbabọọlu	agbábọ́ọ̀lù
1287	gege	gègé
1288	mẹkunu	mẹ̀kúnù
1290	iṣẹṣe	ìṣẹ̀ṣe
1292	eweko	ewéko
1293	ipilẹṣẹ	ìpilẹ̀ṣẹ̀
1294	ariya	àríyá
1295	gaga	gágà
1299	kọsẹ	kọ̀sẹ̀
1300	mita	mítà
1301	gẹdu	gẹdú
1302	ajeji	àjèjì
1304	lọya	lọ́yà
1305	okotorobo	òkótòróbó
1306	iyẹwu	ìyẹ̀wù
1307	oloriṣa	olórìṣà
1308	ọnini	ọ̀níní
1309	gborin	gbórín
1310	ipenpeju	ìpéǹpéjú
1311	taba	tábà
1312	bọbọ	bọ̀bọ́
1315	furọ	fùrọ̀
1316	tolotolo	tòlótòló
1317	dandogo	dàńdógó
1318	ọọdẹ	ọ̀ọ̀dẹ̀
1320	oyo	òyo
1321	onigbajamọ	onígbàjámọ̀
1322	oorẹ	òòrẹ̀
1324	akurọ	àkùrọ̀
1325	dundun	dùndún
1327	ewuro	ewúro
1328	poṣe	pòṣé
1329	ojugun	ojúgun
1330	agutan	àgùtàn
1332	gọgọ	gọ̀gọ̀
1334	oji	ojì
1335	alapata	alápatà
1336	ṣẹgi	ṣẹ̀gi
1337	fitila	fìtílà
1340	awoko	àwòko
1341	abata	àbàtà
1342	eree	erèé
1343	afinihan	afinihàn
1349	ọganjọ	ọ̀gànjọ́
1350	rikiṣi	rìkíṣí
1351	afẹẹri	àfẹ́ẹ̀rí
1352	kọnkọ	kọ̀ǹkọ̀
1354	isansa	ìsáǹsá
1355	ejika	èjìká
1356	ladugbo	ládugbó
1357	oruka	òrùka
1358	ibantẹ	ìbàǹtẹ́
1359	ẹẹta	ẹẹ́ta
1360	bọti	bọ̀tí
1361	ibale	ìbálé
1362	elegede	elégédé
1363	aganran	agánrán
1364	afopina	àfòpiná
1365	edo	èdó
1366	agbalaaye	àgbáláayé
1367	sọrọsọrọ	sọ̀rọ̀sọ̀rọ̀
1368	waasu	wàásù
1370	aroko	àrokò
1372	yunifasiti	yunifásítì
1373	ooya	òòyà
1374	bia	bíà
1375	ogogoro	ògógóró
1376	ọmọwe	ọ̀mọ̀wé
1377	kaadi	káàdì
1378	muti	mutí
1379	sibi	sìbí
1381	eekanna	èékánná
1382	irinkerindo	ìrìnkèrindò
1383	parọwa	pàrọwà
1384	ominu	ominú
1385	aafin	ààfin
1388	ẹrẹja	ẹrẹ́jà
1391	gedegede	gédégédé
1392	lọbalọba	lọ́balọ́ba
1393	kọfi	kọfí
1394	agbẹgilere	agbẹ́gilére
1395	ṣanpọnna	ṣànpọ̀nná
1396	irẹpọ	ìrẹ́pọ̀
1398	laini	láìní
1399	pokunso	pokùnso
1400	oyi	òyì
1402	alubọsa	àlùbọ́sà
1406	fuyẹ	fúyẹ́
1408	aniyan	àníyàn
1410	awijare	àwíjàre
1411	balaga	bàlágà
1413	aala	ààlà
1415	obirikiti	òbìrìkìtì
1416	bode	bodè
1417	ojukoju	ojúkojú
1418	laasigbo	làásìgbò
1419	panda	páńda
1420	ifẹyinti	ìfẹ̀yìntì
1421	yanpọnyanrin	yánpọnyánrin
1422	igbekun	ìgbèkùn
1424	imọlara	ìmọ̀lára
1425	ilumọọka	ìlúmọ̀ọ́ká
1426	ajọsọ	àjọsọ
1428	nọmba	nọ́ḿbà
1429	idọti	ìdọ̀tí
1431	bojuboju	bojúbojú
1435	mẹrẹẹrin	mẹ́rẹ̀ẹ̀rin
1436	ilakaka	ìlàkàkà
1437	orooro	òróòro
1438	atamatase	atamátàsé
1439	baluu	bàlúù
1442	atẹjiṣẹ	àtẹ̀jíṣẹ́
1444	eroja	èròjà
1445	igbaradi	ìgbáradì
1446	aayo	ààyò
1447	aapọn	ààpọ̀n
1449	mọlẹbi	mọ̀lẹ́bí
1450	loorekoore	lóòrèkóòrè
1451	lafikun	láfikún
1452	ibọsẹ	ìbọ̀sẹ̀
1453	inagijẹ	ìnagijẹ
1454	karakata	káràkátà
1455	iṣura	ìṣúra
1456	tatapupu	tatapùpù
1457	alarabara	aláràbarà
1458	ayederu	ayédèrú
1459	segesege	ségesège
1460	amodi	àmódi
1462	ọgẹrẹ	ọ̀gẹ́rẹ́
1464	etido	etídò
1467	yekeyeke	yékéyéké
1469	kindinrin	kíndìnrín
1470	ongbẹ	òǹgbẹ
1471	airi	àìrí
1472	iforiti	ìforítì
1473	yinyin	yìnyín
1474	ibusun	ibùsùn
1475	ikaniyan	ìkànìyàn
1476	miliọnu	mílíọ̀nù
1478	igbafẹ	ìgbafẹ́
1479	sayẹnsi	sáyẹ́ǹsì
1480	igbabọọlu	ìgbábọ́ọ̀lù
1482	ikẹgan	ìkẹ́gàn
1483	ṣayẹwo	ṣàyẹ̀wò
1484	gbede	gbédè
1485	iloro	ìloro
1486	egbodo	ègbodò
1487	ọyan	ọyàn
1489	nipọn	nípọn
1490	ẹna	ẹnà
1491	ẹliri	ẹ̀lírí
1492	yangi	yangí
1493	iṣapa	ìṣápá
1494	kakaki	kàkàkí
1495	aikaragba	àíkàràgbá
1497	igbio	igbió
1498	ọfafa	ọ̀fàfà
1501	adiitu	àdììtú
1503	ṣẹkẹrẹ	ṣẹ̀kẹ̀rẹ̀
1504	lọrunlọrun	lọ́rùnlọ́rùn
1505	ideregbe	ìdérègbè
1506	ahọn	ahọ́n
1507	okunrun	òkùnrùn
1508	parada	paradà
1511	alawada	aláwàdà
1512	ojude	ojúde
1513	orunkun	orúnkún
1514	ekuru	èkuru
1516	ẹfa	ẹ̀fà
1519	opipi	òpìpì
1520	logbo	lógbò
1523	juba	júbà
1524	afọn	àfọ̀n
1525	itadogun	ìtàdógún
1526	ọgbẹri	ọ̀gbẹ̀rì
1527	kọbọ	kọ́bọ̀
1528	agbebọ	àgbébọ̀
1529	eeji	eéjì
1530	iyanrin	iyanrìn
1531	onisuuru	onísùúrù
1534	pitan	pìtàn
1535	igbiwo	igbiwó
1536	igara	ìgárá
1539	akere	àkèré
1541	arifin	àrífín
1545	abiya	abíyá
1546	saari	sààrì
1547	burẹwa	burẹ́wà
1548	adin	àdín
1550	salubata	sálúbàtà
1552	iganna	ìgànná
1555	akiti	akítì
1557	aawẹ	ààwẹ̀
1558	ogbogbo	ògbògbo
1560	eewo	eéwo
1561	oṣibata	òṣíbàtà
1562	saree	sàréè
1563	posi	pósí
1564	ṣẹlẹru	ṣẹ́lẹ̀rú
1565	ọwẹ	ọ̀wẹ̀
1567	niran	níran
1572	ipin	ìpín
1573	dukia	dúkìá
1574	ẹẹmeji	ẹ̀ẹ̀mejì
1575	ilari	ìlàrí
1576	gbaawẹ	gbààwẹ̀
1578	dafa	dáfá
1581	abọriṣa	abọ̀rìṣà
1582	guguru	gúgúrú
1583	ọmọlangidi	ọmọláńgidi
1584	ṣaanu	ṣàánú
1585	ejirẹ	èjìrẹ́
1586	esuru	èsúrú
1587	ewuju	ewújù
1589	ijakumọ	ìjàkùmọ̀
1590	ijalọ	ìjàlọ
1592	oloo	olóó
1593	fọto	fọ́tò
1594	timutimu	tìmùtìmù
1596	iga	ìgà
1597	onidiri	onídìrí
1598	popondo	pòpòǹdó
1599	orokun	orókún
1600	atọọle	atọ̀ọ́lé
1601	ojugba	ojúgbà
1602	olomele	olómele
1605	ṣago	ṣágo
1606	ṣaki	ṣàkì
1608	agaga	àgàgà
1609	warapa	wárápá
1610	mọmọ	mọ̀mọ́
1611	agadagodo	àgádágodo
1612	ibadi	ìbàdí
1613	aaro	ààrò
1615	iti	ìtì
1617	bantẹ	bàǹtẹ́
1618	yanyan	yányàn
1619	atipo	àtìpó
1620	ekulu	èkùlù
1623	olufẹ	olùfẹ́
1624	danwo	dánwò
1625	ogidigbo	ògìdìgbó
1626	sobiya	sòbìyà
1627	tulasi	túlàsì
1629	pana	paná
1630	suya	súyà
