word	reading
آئینه	â'īna
آب	âb
آباد	-âbâd
آبادی	âbâdī
آبشار	âbšâr
آبی	âbi
آبیاری	âbyâri
آتش	âtaš
آثار	âsâr
آجر	âjor
آخر	âxor
آداب	âdâb
آدرس	âdres
آدم	âdam
آدمی	âdamī
آذر	âzar
آر	âr
آرا	ârâ
آرام	ârâm
آرامش	ârâmiš
آرامگاه	ârâmgâh
آرامی	ârâmi
آرایش	ârâyiš
آزاد	âzâd
آزادی	âzâdi
آزار	âzâr
آزمایش	âzmâyiš
آزمایشگاه	âzmâyešgâh
آزمون	âzmūn
آسان	âsân
آسانی	âsâni
آستانه	âstâna
آسمان	âsmân
آسیا	âsiyâ
آسیایی	âsiyâyī
آسیب	âsêb
آشامیدن	âšâmīdan
آشنا	âšnâ
آشنایی	âšnâyī
آشپزخانه	âšpazxâna
آشپزی	âšpazī
آشکار	âškâr
آغاز	âġâz
آفتاب	âftâb
آفتابی	âftâbi
آفریقا	âfrīqâ
آقا	âqâ
آل	âl
آلبوم	âlbom
آلمانی	âlmâni
آلوده	âlūda
آلودگی	âlūdagī
آلومینیوم	âluminiyom
آلی	âlê
آلیاژ	âliyâž
آماده	âmâde
آمار	âmâr
آمد	âmid
آمدن	âmadan
آمدند	âmadand
آمریکایی	âmrikâyi
آموزش	âmôziš
آموزگار	âmôzgâr
آمیز	âmiz
آن	ân
آنان	ânân
آنجا	ânjâ
آنزیم	ânzim
آنقدر	ânqadr
آنلاین	ânlâyn
آنها	ân-hâ
آنچه	ânče
آنگاه	ângâh
آهسته	âhista
آهن	âhan
آهنگ	âhang
آهنگساز	âhangsâz
آهنگسازی	âhangsâzi
آهو	âhu
آواز	âwâz
آورد	âvord
آوردن	âwardan
آویزان	âvizân
آپارتمان	âpârtemân
آژانس	âžâns
آکادمی	âkademi
آگاه	âgâh
آگاهی	âgâhi
آی	ây
آیا	âyâ
آیات	âyât
آینده	âyanda
آینه	âyina
آیه	âya
آیین	âyin
ائتلاف	e'telâf
اب	ab
ابتدا	ebtedâ
ابتلا	ibtilâ
ابر	abr
ابراز	ibrâz
ابریشم	abrêšam
ابزار	abzâr
ابله	ablah
ابن	ebn
اتاق	utâq
اتحاد	ittihâd
اتحادیه	ittihâdiyya
اتخاذ	ittixâz
اتصال	ittisâl
اتفاق	ittifâq
اتم	atom
اتمام	etmâm
اتمی	atomi
اتهام	ittihâm
اتو	utū
اتوبوس	otobus
اثبات	esbât
اثر	asar
اجاره	ejâre
اجازه	ijâza
اجاق	ujâq
اجتماع	ijtimâ'
اجتماعی	ejtemâ'i
اجتناب	ejtenâb
اجرا	ejrâ
احاطه	ihâta
احترام	ihtirâm
احتمال	ihtimâl
احتیاج	ehtiyâj
احتیاط	ihtiyât
احداث	ahdâs
احساس	ihsâs
احضار	ihzâr
احمد	ahmad
احیا	ehyâ
اخبار	axbâr
اختراع	exterâ'
اختصاص	ixtisâs
اختلاف	ixtilâf
اختلال	ixtilâl
اختیار	ixtiyâr
اخذ	axz
اخراج	exrâj
اخلاق	axlâq
اخلاقی	axlâqi
اخیر	axir
اد	-âd
اداره	idâra
ادامه	edâme
ادب	adab
ادبی	adabi
ادبیات	adabiyyât
ادغام	edġâm
ادیان	adyân
ار	-âr
ارائه	erâ'e
اراضی	arâzi
ارتباط	irtibât
ارتش	artiš
ارتفاع	irtifâ'
ارتقا	erteqâ
ارتکاب	irtikâb
ارث	irs
ارد	ard
اردوگاه	urdūgâh
ارزان	arzân
ارزش	arzeš
ارزشمند	arzešmand
ارزیابی	arzyâbī
ارس	ars
ارسال	ersâl
ارسی	urusī
ارشاد	eršâd
ارشد	aršad
ارمغان	armaġân
ارمنی	armanī
ارمنیان	armaniyân
ارواح	arvâh
اروپا	orupâ
اروپایی	orupâyi
ارکستر	orkestr
اریک	erik
از	az
ازار	izâr
ازدواج	izdiwâj
اس	es
اسارت	asârat
اساس	asâs
اساسی	asâsi
اسامی	asâmī
اسب	asb
است	ast
استاد	ustâd
استادان	ostâdân
استان	ustân
استخدام	estexdâm
استخراج	estexrâj
استخوان	ustuxwân
استدلال	estedlâl
استراتژی	esterâteži
استراحت	istirâhat
استراحت کردن	esterâhat kardan
استرالیا	ostorâliyâ
استعداد	isti'dâd
استعفا	este'fâ
استفاده	estefâde
استقبال	esteqbâl
استقرار	esteqrâr
استقلال	istiqlâl
استناد	estenâd
استوار	ustuwâr
استودیو	estudiyo
اسرائیلی	isrâ'īlī
اسفند	isfand
اسلامی	islâmī
اسلحه	asliha
اسم	ism
اسپانیایی	espâniyâyi
اسپرانتو	esperânto
اسید	asid
اسیر	asir
اشاره	išâra
اشتباه	ištibâh
اشتراک	ištirâk
اشتغال	ištiġâl
اشخاص	ašxâs
اشراف	ašrâf
اشعار	aš'âr
اشغال	ešġâl
اشک	ašk
اشکال	aškâl
اشیاء	ašyâ'
اصابت	isâbat
اصالت	asâlat
اصرار	isrâr
اصطلاح	istilâh
اصفهانی	isfahânī
اصل	asl
اصلا	aslan
اصلاح	islâh
اصلی	aslī
اصیل	asil
اضافه	izâfa
اضافه کردن	ezâfe kardan
اضطراب	iztirâb
اطاعت	itâ'at
اطراف	atrâf
اطلاع	ittilâ'
اطلاعات	ittilâ'ât
اطلاق	itlâq
اطمینان	itmīnân
اظهار	izhâr
اعتبار	i'tibâr
اعتراض	i'tirâz
اعتراضات	e'terâzât
اعتراف	e'terâf
اعتقاد	i'tiqâd
اعتماد	i'timâd
اعتیاد	e'tiyâd
اعدام	e'dâm
اعزام	e'zâm
اعضا	a'zâ
اعظم	a'zam
اعلام	i'lâm
اعمال	a'mâl
اغراق	eġrâq
اغلب	aġlab
افت	oft
افتادن	oftâdan
افتاده	oftâde
افتخار	iftixâr
افراد	afrâd
افزایش	afzâyeš
افزودن	afzūdan
افسانه	afsâne
افسر	afsar
افسردگی	afsordegi
افسوس	afsôs
افسون	afsun
افق	ufuq
افقی	ofoqi
افکار	afkâr
اقامت	iqâmat
اقتصاد	iqtisâd
اقتصادی	iqtisâdī
اقدام	aqdâm
اقدامات	eqdâmât
اقلیت	aqalliyyat
اقلیم	iqlīm
اقوام	aqvâm
اقیانوس	uqyânūs
ال	al
الآن	al'ân
الا	alâ
الان	alân
البته	albatta
الف	alef
الم	alam
اله	ilâh
الهام	elhâm
الکترون	elektron
الکترونیک	elekteronik
الکل	alkol
الگوریتم	algoritm
الی	elâ
ام	em-
اما	ammâ
امام	imâm
امامزاده	emâmzâde
امتحان	imtihân
امتداد	imtidâd
امتیاز	imtiyâz
امر	amr
امروز	imrôz
امروزه	emruze
امسال	emsâl
امشب	imšab
امضا	emzâ'
املاک	amlâk
امن	amn
امنیت	amniyyat
امواج	amwâj
اموال	amwâl
امپراتور	emperâtur
امپراتوری	emperâturi
امکان	imkân
امید	umêd
امیدوار بودن	ommid-vâr budan
امیر	amīr
امین	amīn
ان	an
انبار	anbâr-
انبوه	anbuh
انتخاب	intixâb
انتخاب کردن	entexâb kardan
انتخابات	intixâbât
انتشار	intišâr
انتظار	intizâr
انتظامی	intizâmī
انتقاد	enteqâd
انتقادی	enteqâdi
انتقال	enteqâl
انتقام	intiqâm
انجام	anjâm
انجمن	anjuman
انحلال	inhilâl
اند	and
اندازه	andâza
اندازه گرفتن	andâze gereftan
اندام	andâm
اندک	andak
اندکی	andaki
اندیشه	andêša
اندیشیدن	andêšīdan
انرژی	enerži
انزوا	enzevâ
انسان	insân
انسانی	insânī
انفجار	enfejâr
انفرادی	enferâdi
انقلاب	inqilâb
انقلابی	inqilâbī
انواع	anvâ'
انکار	enkâr
انگشت	angušt
انگلیسی	englisi
انگیز	angêz
انگیزه	angize
انیمیشن	animeyšen
اهالی	ahâlī
اهل	ahl
اهمیت	ahammiyyat
او	u
اواخر	avâxer
اواسط	avâset
اوج	awj
اور	ur
اوضاع	owzâ'
اوقات	awqât
اول	avval
اولویت	owlaviyyat
اولین	awwalīn
اون	ôn
اژه	eže
اکبر	akbar
اکثر	aksar
اکثریت	aksariyyat
اکران	ekrân
اکسیژن	oksižen
اکنون	aknūn
اگر	agar
اگرچه	agarče
ای	ay
ایالات	iyâlât
ایالت	iyâlat
ایام	ayyâm
ایتالیا	ītâliyâ
ایتالیایی	itâliyâyi
ایجاد	ijâd
اید	id
ایده	ide
ایراد	īrâd
ایران	êrân
ایرانی	êrânī
ایرانیان	êrâniyân
ایست	ist
ایستادن	êstâdan
ایستگاه	īstgâh
ایشان	išân
ایفا	ifâ
ایل	êl
ایمان	īmân
ایمنی	êminī
این	ên
اینجا	injâ
اینقدر	īnqadr
ایوان	ivân
با	-bâ
باب	bâb
بابت	bâbat
باد	bâd
بار	bâr
باران	bârân
بارداری	bârdâri
بارش	bâriš
بارندگی	bârandegi
باره	bâre
بارها	bârhâ
باروت	bârūt
بارگذاری	bârgozâri
باری	bâri
باریدن	bâridan
باریک	bârik
باز	bâz
باز کردن	bâz kardan
بازار	bâzâr
بازاریابی	bâzâr-yâbi
بازتاب	bâztâb
بازداشت	bâzdâšt
بازدید	bâzdid
بازرسی	bâzrasi
بازرگانی	bâzargânī
بازسازی	bâz-sâzi
بازنده	bâzande
بازنشسته	bâznešaste
بازنشستگی	bâznešastegi
بازه	bâza
بازگشت	bâzgašt
بازی	bâzī
بازی کردن	bâzi kardan
بازیکن	bâzikon
بازیکنان	bâzikonân
بازیگر	bâzīgar
بازیگران	bâzigarân
بازیگری	bâzigari
باستان	bâstân
باستانی	bâstânī
باش	bâš
باشگاه	bâšgâh
باعث	bâ'is
باغ	bâġ
بافت	bâft
باقی	bâqī
بال	bâl
بالا	bâlâ
بالاخره	bel-axare
بالغ	bâloġ
بالقوه	bi-l-quwwa
باله	bâle
بالگرد	bâlgard
بام	bâm
باند	bând
بانمک	bânamak
بانوان	bânovân
بانک	bânk
باهوش	bâ-hôš
باور	bâwar
باور کردن	bâvar kardan
باید	bâyad
بایست	bâyist
بایستی	bâyesti
ببر	babr
ببرد	bebarad
ببرم	bebaram
ببیند	bebinad
ببینم	bebinam
بت	but
بتن	beton
بته	botte
بحث	bahs
بحران	buhrân
بخار	buxâr
بخاطر	baxâtir-i
بخش	baxš
بخصوص	baxusūs
بد	bad
بدان	bed-ân
بدتر	bad-tar
بدترین	bad-tarin
بدست	bidast
بدل	badal
بدن	badan
بدنه	badana
بدون	bidūn-i
بذر	bazr
بر	bar
برآورد	bar-âvard
برابر	barâbar
برابری	barâbarī
برادر	barâdar
برادران	barâdarân
برادری	barâdari
برای	barâ-yi
برتر	bartar
برج	burj
برجسته	bar-jaste
برخلاف	barxelâf-e
برخورد	barxward
برخوردار	barxurdâr
برخی	barxê
بردار	bordâr
برداشت	bardâšt
برداشتن	bardâštan
بردن	burdan
بردند	bordand
برده	barda
بررسی	barrasi
برسد	beresad
برش	buriš
برف	barf
برق	barq
برقرار	barqarâr
برقراری	barqarârī
برم	barm
برنامه	barnâma
برنج	birinj
برنده	barande
برنز	boronz
بروز	boruz
بروند	beravand
بروید	beravid
برویم	beravim
برپا	barpâ
برچسب	barčasb
برکنار	bar-kenâr
برگ	barg
برگرد	bargard
برگزار	bargozâr
برگشت	bargašt
برگشتن	bargaštan
بریتانیایی	beritâniyâyi
بز	buz
بزرگ	buzurg
بزرگی	buzurgī
بزن	bezan
بزند	bezanad
بستر	bastar
بستری	bastari
بستن	bastan
بسته	baste
بستگی	bastegi
بسکتبال	basketbâl
بسیار	besyâr
بشر	bašar
بشقاب	bušqâb
بعد	ba'd
بعدی	ba'di
بعضی	ba'zê
بقیه	baqiyye
بلافاصله	belâfâsele
بلند	boland
بلند شدن	boland šodan
بلندترین	boland-tarin
بلندگو	boland-gu
بله	bale
بلوک	boluk
بلکه	balki
بلیت	belit
بلیط	belit
بمان	bimân
بمب	bomb
بمباران	bombârân
بن	bon
بنا	binâ
بنابراین	benâbar-in
بنام	benâm
بند	band
بندر	bandar
بندی	bandi
بنوشید	benušid
بنیاد	bonyâd
بنیادی	bonyâdi
بنیان	bonyân
به	ba
به یاد آوردن	be yâd âvardan
بهائی	bahâ'i
بهار	bahâr
بهبود	bihbūd
بهتر	behtar
بهترین	behtarin
بهداشت	behdâšt
بهداشتی	behdâšti
بهره	bahra
بهشت	bihišt
بهمن	bahman
بهینه	bihīna
بو	bu
بود	bud
بودجه	budje
بودن	būdan
بودند	budand
بودیم	budim
بورس	būrs
بوسه	bôsa
بوسیدن	bôsīdan
بومی	bumi
بوی	buy
بچه	bačča
بک	bak
بکار	bekâr
بکشد	bekošad
بکنم	bekonam
بکنی	bokoni
بگذارد	begozârad
بگذارید	begozârid
بگیرد	begirad
بگیرم	begiram
بگیرند	begirand
بی	bi
بیا	biyâ
بیان	bayân
بیانیه	bayâniya
بیاید	biyâyd
بیایید	biyâyid
بیت	bayt
بیدار	bidâr
بیرون	bêrūn
بیرونی	bêrūnī
بیست	bist
بیستم	bistom
بیش	bêš
بیشتر	bištar
بیشترین	bištarin
بیل	bêl
بیمار	bimâr
بیمارستان	bêmâristân
بیماری	bêmârī
بیمه	bime
بین	bayn
بینایی	binâyi
بینی	bīnī
بیهوده	bêhūda
بیگ	bêg
تأثیر	ta'sīr
تأخیر	ta'xir
تأسیس	ta'sis
تأمین	ta'mīn
تأکید	ta'kīd
تأیید	ta'yīd
تئاتر	te'âtr
تا	tâ
تابستان	tâbistân
تابستانی	tâbestâni
تابش	tabeš
تابع	tâbi'
تاج	tâj
تار	târ
تاریخ	târīx
تاریخچه	târixče
تاریخی	târixi
تاریک	târik
تاریکی	târiki
تازه	tâza
تازگی	tâzegi
تازیانه	tâziyâne
تالاب	tâlâb
تالار	tâlâr
تان	-etân
تانک	tânk
تاکنون	tâ-konun
تب	tab
تبادل	tabâdol
تبار	-tabâr
تبدیل	tabdil
تبعید	tab'īd
تبلیغ	tabliġ
تجارت	tijârat
تجاری	tejâri
تجاوز	tajâwuz
تجدید	tajdid
تجربه	tajruba
تجربی	tajrobi
تجزیه	tajziya
تجمع	tajammo'
تجهیزات	tajhīzât
تجویز	tajwīz
تحت	taht-e
تحریف	tahrīf
تحریم	tahrim
تحریک	tahrik
تحسین	tahsin
تحصیل	tahsīl
تحقق	tahaqqoq
تحقیق	tahqīq
تحقیقات	tahqiqât
تحلیل	tahlīl
تحمل	tahammol
تحول	tahavvol
تحویل	tahvil
تخت	taxt
تخریب	taxrib
تخلیه	taxliye
تخم	toxm
تخم مرغ	toxm-e morġ
تخمین	taxmīn
تداوم	tadâwum
تدریج	tadrij
تدریس	tadris
تدوین	tadwīn
تر	tar
ترافیک	terâfik
ترانه	tarâne
تراکم	tarâkom
تربیت	tarbiyat
ترتیب	tartīb
ترجمه	tarjuma
تردید	tardid
ترس	tars
ترسیدن	tarsidan
ترسیم	tarsīm
ترمیم	tarmīm
ترور	teror
تروریسم	terorism
ترویج	tarwīj
ترک	tark
ترکان	turkân
ترکی	torki
ترکیب	tarkib
ترکیه	turkiyya
ترین	-tarin
تزریق	tazriq
تساوی	tasâvi
تست	test
تسخیر	tasxīr
تسلط	tasallot
تسلیت	tasliyat
تسلیم	taslim
تسهیل	tashil
تشخیص	tašxīs
تشدید	tašdīd
تشنه	tišna
تشکر	tašakkur
تشکر کردن	tašakkor kardan
تشکیل	taškīl
تشکیلات	taškilât
تصادف	tasâduf
تصادفی	tasâdufī
تصاویر	tasâvir
تصحیح	tashih
تصرف	tasarrof
تصمیم	tasmīm
تصمیم گرفتن	tasmim gereftan
تصویب	tasvib
تصویر	taswīr
تضعیف	taz'if
تضمین	tazmin
تطبیق	tatbiq
تطبیقی	tatbīqī
تظاهرات	tazâhorât
تعادل	ta'âdul
تعامل	ta'âmul
تعبیر	ta'bīr
تعداد	ti'dâd
تعریف	ta'rīf
تعطیل	ta'tīl
تعطیلات	ta'tilât
تعقیب	ta'qib
تعلق	ta'alloq
تعلم	ta'allom
تعلیق	ta'liq
تعلیم	ta'līm
تعمیر	ta'mīr
تعمیر کردن	ta'mir kardan
تعهد	ta'ahhod
تعویض	ta'viz
تعیین	ta'yin
تغییر	taġyīr
تغییرات	taġyīrât
تفاوت	tafâwut
تفسیر	tafsīr
تفنگ	tufang
تفکیک	tafkīk
تقاضا	taqâzâ
تقدیر	taqdīr
تقدیم	taqdim
تقریبا	taqrīban
تقسیم	taqsīm
تقلید	taqlīd
تقویت	taqviyat
تقویم	taqvim
تلاش	talâš
تلخ	talx
تلف	talaf
تلفات	talafât
تلفظ	talaffuz
تلفن	telefon
تلقی	talaqi
تلویزیون	talwīziyūn
تماس	tamâs
تماشا	tamâšâ
تماشا کردن	tamâšâ kardan
تمام	tamâm
تمام کردن	tamâm kardan
تمایل	tamâyol
تمدن	tamaddun
تمدید	tamdīd
تمرکز	tamarkoz
تمرین	tamrīn
تمیز	tamīz
تمیز کردن	tamiz kardan
تن	tan
تناسب	tanâsub
تنبلی	tanbali
تند	tond
تندیس	tandis
تنش	taneš
تنظیم	tanzīm
تنه	tane
تنها	tanhâ
تنهایی	tanhâyi
تنگ	tang
تهدید	tahdīd
تهران	tihrân
تهیه	tahiyye
تو	to
توازن	tawâzun
توافق	tawâfuq
توان	tavân
توانستن	tavânestan
توجه	tawajjuh
توجیه	towjih
توده	tude
تور	tôr
تورم	tavarrom
توزیع	tawzī'
توسط	tavassot
توسعه	towse'e
توصیف	tawsīf
توصیه	towsiye
توضیح	tawzīh
توضیح دادن	towzih dâdan
توطئه	tawti'a
توقف	tawaqquf
توقیف	towqif
تولد	tawallud
تولید	tawlīd
توماس	tomâs
تومان	tumân
تونل	tunel
توپ	tôp
تپه	tapa
تک	tak
تکامل	takâmul
تکان	takân
تکان دادن	takân dâdan
تکثیر	taksir
تکرار	takrâr
تکلیف	taklīf
تکمیل	takmīl
تکنولوژی	teknoloži
تکنیک	teknik
تکیه	takya
تی	tey
تیر	tīr
تیره	têra
تیز	têz
تیغه	tiġe
تیم	tīm
تیپ	tip
ثابت	sâbit
ثانیه	sâniya
ثبات	sabât
ثبت	sabt
ثروت	sarwat
ثروتمند	sarwatmand
ثمر	samar
جا	jâ
جابجا	jâbejâ
جاده	jâdda
جاری	jâri
جالب	jâleb
جام	jâm
جامد	jâmed
جامع	jâme'
جامعه	jâmi'a
جان	-jân
جانب	jâneb
جانشین	jânešin
جانور	jânwar
جانوران	jânwarân
جای	jây
جایزه	jâyiza
جایگاه	jâygâh
جایگزین	jâygozin
جبران	jobrân
جبهه	jabha
جد	jadd
جدا	judâ
جداگانه	jodâ-gâne
جدایی	judâyī
جدول	jadwal
جدی	jiddī
جدید	jadīd
جذب	jazb
جراح	jarrâh
جراحی	jarrâhī
جرم	jurm
جریان	jarayân
جز	juz
جزء	juz'
جزئی	juz'ī
جزئیات	juz'iyyât
جزایر	jazâyir
جزیره	jazīra
جستجو	justujô
جسد	jasad
جشن	jašn
جشنواره	jašnvâre
جعبه	ja'ba
جغرافیایی	joġrâfiyâyi
جفت	joft
جلب	jalb
جلد	jald
جلسه	jalase
جلو	jilaw
جلوه	jelve
جلوگیری	jelowgiri
جلوی	jelow-ye
جمجمه	jumjuma
جمع	jam'
جمعه	jum'a
جمعی	jam'i
جمعیت	jam'iyyat
جمعیتی	jam'iyyatī
جمله	jumla
جمهوری	jumhūrī
جنایت	jinâyat
جنبش	jonbeš
جنبه	janbe
جنس	jins
جنسی	jensi
جنوب	janūb
جنوبی	janūbī
جنون	junūn
جنگ	jang
جنگل	jangal
جنگنده	janganda
جنگی	jangī
جنین	janin
جه	ja
جهان	jehân
جهانگردان	jahângard-ân
جهانی	jahâni
جهت	jehat
جهد	jahd
جهش	jaheš
جهنم	jahannam
جو	jaw
جواب	jawâb
جواب دادن	javâb dâdan
جوامع	javâme'
جوان	jawân
جوانان	javânân
جوانی	jawânī
جوب	jub
جوش	jôš
جک	jak
جی	jī
جین	jin
حاج	hâj
حاجی	hâjī
حادثه	hâdisa
حاشیه	hâšiya
حاصل	hâsil
حاضر	hâzir
حافظ	hâfiz
حافظه	hâfiza
حال	hâl
حالا	hâlâ
حالت	hâlat
حالی	hâlī
حامل	hâmil
حامی	hâmi
حاوی	hâvi
حاکم	hâkim
حاکمیت	hâkemiyyat
حاکی	hâki
حبس	habs
حتما	hatman
حتی	hattâ
حجاب	hijâb
حجم	hajm
حد	hadd
حداکثر	hadd-e-aksar
حدس	hads
حدود	hodud
حذف	hazf
حرارت	harârat
حرارتی	harârati
حرف	harf
حرفه	hirfa
حرم	haram
حروف	horuf
حرکات	harakât
حرکت	harakat
حرکت کردن	harakat kardan
حریف	harif
حزب	hezb
حساب	hisâb
حساب کردن	hisâb kardan
حساس	hassâs
حساسیت	hassâsiyyat
حسن	husn
حضور	hozur
حفاظت	hifâzat
حفظ	hifz
حق	haqq
حقوق	huqūq
حقیقت	haqīqat
حقیقی	haqiqi
حل	hal
حلقه	halqa
حماقت	hamâqat
حمام	hammâm
حمایت	himâyat
حمل	haml
حملات	hamalât
حمله	hamle
حوادث	havâdes
حوزه	hawza
حول	howl-e
حوله	hawla
حومه	hawma
حکم	hukm
حکومت	hukūmat
حکومتی	hokumati
حیات	hayât
حیاتی	hayâti
حیاط	hiyât
حیله	hīla
حین	hin
حیوان	haywân
حیوانات	haywânât
خاتمه	xâtima
خار	xâr
خارج	xârej
خارجه	xâreje
خارجی	xâreji
خاص	xâss
خاصیت	xâsiyyat
خاطر	xâtir
خاطرات	xâtirât
خال	xâl
خالص	xâlis
خاله	xâla
خالی	xâlī
خام	xâm
خاموش	xâmuš
خان	xân
خاندان	xândân
خانم	xânum
خانه	xâna
خانواده	xânawâda
خانوادگی	xânawâdagī
خانگی	xânegi
خاک	xâk
خاکستری	xâkestari
خاکی	xâkī
خبر	xabar
خبرگزاری	xabar-gozâri
خبری	xabari
خدا	xudâ
خداوند	xudâwand
خدای	xodây
خدایا	xodâyâ
خدایان	xodâyân
خدمت	xedmat
خر	xar
خراب	xarâb
خرابی	xarâbi
خراش	xarâš
خرج	xarj
خرد	xurd
خروج	xurūj
خروجی	xoruji
خرید	xarīd
خریدن	xarīdan
خزر	xazar
خسارت	xasârat
خسته	xaste
خستگی	xastegi
خسرو	xusraw
خش	xaš
خشم	xašm
خشونت	xušūnat
خشک	xušk
خشکی	xoški
خصوص	xusūs
خصوصی	xosusi
خط	xatt
خطا	xatâ
خطاب	xottâb
خطر	xatar
خطرناک	xatarnâk
خلاصه	xulâsa
خلاف	xelâf
خلافت	xilâfat
خلاق	xallâq
خلبان	xalbân
خلق	xalq
خلیج	xalīj
خلیفه	xalīfa
خم	xam
خمیر	xamīr
خنثی	xunsâ
خندیدن	xandīdan
خنک	xonak
خنگ	xing
خواب	xwâb
خواب دیدن	xâb didan
خوابیدن	xâbidan
خواری	xvâri
خواستار	xâstâr
خواستن	xwâstan
خواسته	xwâsta
خوان	xwân
خواندن	xwândan
خواننده	xwânanda
خوانندگان	xânandegân
خواهان	xâhân
خواهر	xwâhar
خوب	xūb
خوبی	xûbi
خود	xwad
خودداری	xuddârī
خودرو	xwadraw
خودکار	xwadkâr
خودکشی	xwad-kušī
خوراک	xwarâk
خوراکی	xwarâkī
خورد	xward
خوردم	xordam
خوردن	xwardan
خوردنی	xwardanī
خوردگی	xordegi
خوردیم	xordim
خورشید	xwaršêd
خورشیدی	xwaršêdī
خوش	xwaš
خوشبختی	xwašbaxtī
خوشحال	xwašhâl
خوشمزه	xoš-maze
خون	xūn
خونریزی	xūnrêzī
خویش	xwêš
خیابان	xiyâbân
خیال	xiyâl
خیانت	xiyânat
خیر	xayr
خیس	xis
خیلی	xaylê
دائمی	dâ'imī
داخل	dâxel-e
داخلی	dâxilī
داد	dâd
دادن	dâdan
داده	dâde
دادگاه	dâdgâh
دادگستری	dâdgostari
دار	-dâr
دارا	dârâ
دارایی	dârâyi
دارد	dârad
دارم	dâram
دارند	dârand
دارنده	dârande
دارو	dârū
داروخانه	dârūxâna
داروها	dâru-hâ
داری	dâri
دارید	dârid
داریم	dârim
داستان	dâstân
داستانی	dâstâni
داشت	dâšt
داشتم	dâštam
داشتن	dâštan
داشتند	dâštand
داغ	dâġ
دام	dâm
دامنه	dâmane
دانستن	dânistan
دانسته	dâneste
دانش	dâniš
دانشجو	dânišjô
دانشجویان	dânešjuyân
دانشمند	dânešmand
دانشمندان	dânešmandân
دانشکده	dâniškada
دانشگاه	dânišgâh
دانش‌آموز	dâniš-âmôz
دانه	dâna
داور	dâvar
داوری	dâvari
دایره	dâyere
دبیر	dabir
دبیرستان	dabirestân
دخالت	daxâlat
دختر	duxtar
دختران	duxtarân
دختری	doxtari
در	dar
درآمد	dar-âmad
دراز	darâz
دراز کشیدن	derâz kešidan
درام	derâm
دربار	darbâr
درباره	darbâre-ye
درج	durj
درجه	daraje
درخت	daraxt
درختان	deraxtân
درخشان	deraxšân
درخواست	darxwâst
درد	dard
درس	dars
درست	durust
درست کردن	dorost kardan
درصد	darsad
درمان	darmân
درنگ	derang
دره	dara
دروازه	darwâza
دروغ	durôġ
درون	darūn
درک	dark
درگذشت	darguzašt
درگیر	dargīr
درگیری	dargīrī
دریا	daryâ
دریافت	dar-yâft
دریاچه	daryâča
دریایی	daryâyi
دزد	duzd
دزدیده	dozdide
دست	dast
دستخط	dastxatt
دسترس	dastras
دسته	dasta
دستور	dastūr
دستگاه	dastgâh
دستگیر	dastgir
دستگیری	dastgiri
دستی	dasti
دستیار	dastyâr
دشت	dašt
دشمن	dušman
دشمنان	došmanân
دشوار	došvâr
دعوت	da'wat
دعوت کردن	da'vat kardan
دفاع	defâ'
دفتر	daftar
دفع	daf'
دفن	dafn
دقت	diqqat
دقیق	daqiq
دقیقه	daqīqa
دل	dil
دلار	dolâr
دلشاد	delšâd
دلیل	dalil
دم	dum
دما	damâ
دموکراتیک	dimôkrâtīk
دموکراسی	demokrâsi
دنبال	donbâl
دنباله	donbâle
دندان	dandân
دنیا	dunyâ
ده	dah
دهان	dahân
دهستان	dehestân
دهم	dahom
دهه	daha
دو	du
دوازده	davâzdah
دوازدهم	davâzdahom
دوام	davâm
دوباره	dobâre!
دودمان	dūdmân
دور	dur
دوران	dawarân
دوربین	durbin
دوردست	durdast
دوره	dawra
دوری	duri
دوز	dôz
دوست	dôst
دوست داشتن	dust dâštan
دوستان	dustân
دوستانه	dôstâna
دوستدار	dustdâr
دوستی	dôstī
دوشنبه	dušanba
دولت	dawlat
دولتی	dawlatī
دوم	duwum
دوک	duk
دویدن	dawīdan
دچار	dočâr
دژ	dež
دکتر	doktor
دکترها	doktor-hâ
دی	di
دیجیتال	dijitâl
دید	did
دیدار	dīdâr
دیدم	didam
دیدن	dīdan
دیدند	didand
دیده	dīda
دیدگاه	dīdgâh
دیدیم	didim
دیر	dêr
دیروز	dīrôz
دیسک	disk
دیشب	dīšab
دین	din
دینی	dini
دیوار	dêwâr
دیوارها	divâr-hâ
دیوان	dêwân
دیوانگی	dêwânagī
دیگر	dīgar
ذاتی	zâtī
ذخیره	zaxīra
ذره	zarra
ذهن	zihn
ذهنی	zihnī
ذوب	zawb
ذکر	zakar
رأس	ra's
رأی	ra'y
رئیس	ra'īs
را	râ
رابط	râbet
رابطه	râbita
راجع	râje'
راحت	râhat
راحتی	râhati
رادیو	râdiyô
رادیویی	râdiyoyi
راز	râz
راست	râst
راننده	rânanda
رانندگی	rânandegi
رانندگی کردن	rânandegi kardan
راه	râh
راه حل	râh-e hal
راهنمایی	râhnamâyi
راک	râk
رای	rây
رایانه	râyâne
رایج	râyij
رایگان	râyegân
رتبه	rutba
رخ	rux
رد	rad
رد کردن	radd kardan
رده	rada
ردیف	radīf
رز	raz
رساندن	rasândan
رسانه	rasâne
رستم	rustam
رستوران	restorân
رسم	rasm
رسما	rasman
رسمی	rasmi
رسوایی	ruswâyī
رسوب	rusūb
رسید	resid
رسیدن	rasīdan
رسیدند	residand
رسیده	reside
رسیدگی	rasīdagī
رسیدیم	residim
رشت	rušt
رشته	rišta
رشد	rušd
رضا	rizâ
رضایت	rizâyat
رطوبت	rutūbat
رعایت	ri'âyat
رف	raf
رفاه	rafâh
رفت	raft
رفتار	raftâr
رفتم	raftam
رفتن	raftan
رفتند	raftand
رفع	raf'
رقابت	raqâbat
رقص	raqs
رقم	raqam
رقیب	raqīb
رم	ram
رمان	român
رمز	ramz
رمزنگاری	ramz-negâri
رمزگذاری	ramz-gozâri
رنج	ranj
رنده	rande
رنگ	rang
رنگی	rangi
رنگ‌ها	rang-hâ
رها	rahâ
رها کردن	rahâ kardan
رهبر	rahbar
رهبران	rahbarân
رهبری	rahbari
رو	raw
روابط	rawâbit
رواج	rawâj
روان	rawân
روانی	ravâni
روایت	riwâyat
روبرو	ruberu
روح	rūh
روحانی	rowhâni
روحی	ruhi
رود	rôd
رودخانه	rôdxâna
روز	rôz
روزانه	ruzâne
روزنامه	rôznâma
روزه	rôza
روزها	rôz-hâ
روزگار	rôzgâr
روزی	rôzī
روس	rūs
روستا	rôstâ
روستاها	rustâ-hâ
روستایی	rustâyi
روسی	rusi
روش	rawiš
روشن	rawšan
روغن	rôġan
روم	Rum
رومی	rômī
روند	rawand
رونق	rawnaq
رونمایی	runamâyi
روی	rôy
رویداد	rôydâd
رویه	rawiya
رویکرد	ruykard
رژیم	režim
رکود	rukūd
رکورد	rekowrd
ری	ray
ریاست	riyâsat
ریاضی	riyâzi
ریاضیات	riyâziyyât
ریز	rêz
ریسک	risk
ریشه	riše
ریو	rêw
زاده	zâde
زاویه	zâwiya
زبان	zabân
زخم	zaxm
زخمی	zaxmi
زد	zad
زدن	zadan
زدند	zadand
زده	zade
زرتشتی	zartošti
زرد	zard
زشت	zešt
زلزله	zilzila
زمان	zamân
زمانی	zamâni
زمخت	zomoxt
زمزمه	zamzame
زمستان	zemestân
زمین	zamīn
زمینه	zamīna
زمینی	zamini
زن	zan
زنان	zanân
زند	zand
زندان	zindân
زندانی	zendâni
زنده	zinda
زندگی	zindagī
زندگی کردن	zendegi kardan
زنگ	zang
زنی	zani
زوج	zowj
زود	zūd
زور	zôr
زیاد	ziyâd
زیبا	zibâ
زیباترین	zibâ-tarin
زیبایی	zêbâyī
زیر	zêr
زیرا	zêrâ
زیردریایی	zirdaryâyi
زیست	zist
زیستی	zisti
سؤال	su'âl
سابق	sâbeq
سابقه	sâbeqe
ساحل	sâhil
ساحلی	sâheli
ساخت	sâxt
ساختار	sâxtâr
ساختمان	sâxtmân
ساختن	sâxtan
ساختند	sâxtand
ساده	sâda
سادگی	sâdegi
سارا	sârâ
ساز	sâz
سازمان	sâzmân
سازماندهی	sâzmândehi
سازمانی	sâzemâni
سازنده	sâzande
سازه	sâze
سازگار	sâzgâr
سازگاری	sâzgârī
ساسانی	sâsâni
ساعت	sâ'at
ساغر	sâġar
سال	sâl
سالانه	sâlâna
سالم	sâlem
سالن	sâlon
سالگی	sâlegi
سالیان	sâliyân
سامانه	sâmâna
سامی	sâmi
سان	-sân
سانتیگراد	sântigrâd
سانسور	sânsur
ساکت	sâket
ساکن	sâkin
سایت	sâyt
سایر	sâyer
سایه	sâya
سبب	sabab
سبز	sabz
سبزی	sabzī
سبک	sabk
ستاد	setâd
ستاره	sitâra
ستارگان	sitâragân
ستایش	sitâyiš
سته	satta
ستون	sutūn
سخت	saxt
سخن	suxan
سخنان	soxanân
سخنران	soxanrân
سخنرانی	soxanrâni
سد	sadd
سده	sade
سر	sar
سراسر	sarâsar
سراغ	sorâġ
سران	sarân
سرانجام	sar-anjâm
سرباز	sarbâz
سربازان	sarbâzân
سرتاسر	sartâsar
سرخ	sorx
سرد	sard
سردار	sardâr
سردبیر	sar-dabir
سردترین	sard-tarin
سرزمین	sarzamīn
سرشماری	saršomâri
سرشناس	saršinâs
سرطان	saratân
سرعت	sur'at
سرقت	sariqat
سرما	sarmâ
سرمایه	sarmâya
سرمربی	sarmorabbi
سرنوشت	sarnawišt
سرو	sarw
سرود	surôd
سروده	sorude
سرور	sarwar
سرویس	servis
سرپرست	sarparast
سرپرستی	sarparasti
سرچشمه	sarčešme
سرکوب	sarkub
سرگرم	sargarm
سرگرمی	sargarmī
سری	seri
سریال	seriyâl
سریع	sari'
سزاوار	sezâvâr
سطح	sath
سطحی	sathi
سطوح	sotuh
سعی	sa'y
سعید	sa'īd
سفارت	sifârat
سفارش	sefâreš
سفر	safar
سفر کردن	safar kardan
سفید	safêd
سفیر	safīr
سقف	saqf
سقوط	soqut
سلاح	silâh
سلام	salâm
سلامت	salâmat
سلامتی	salâmatī
سلسله	silsila
سلطان	sultân
سلطنت	saltanat
سلول	sellul
سلیم	salīm
سم	samm
سمت	samt
سمی	sammi
سن	senn
سنا	senâ
سنت	sunnat
سنتی	sunnatī
سنجش	sanjiš
سند	sanad
سندرم	sandrom
سنگ	sang
سنگین	sangīn
سنگینی	sangini
سنی	sunnī
سه	si
سهم	sahm
سو	su
سوء	su'
سواحل	savâhel
سوار	sawâr
سوال	so'âl
سوخت	sôxt
سود	sūd
سوراخ	surâx
سوره	sūra
سوم	sevom
سوپ	sup
سوی	suy
سپاس	sepâs!
سپاه	sipâh
سپاهیان	sipâhiyân
سپر	sipar
سپری	siparī
سپس	sepas
سکه	sekke
سکوت	sokut
سکونت	sukūnat
سگ	sag
سی	si
سیار	sayyâr
سیاره	sayyâra
سیارک	sayyârak
سیاست	siyâsat
سیاستمدار	siyâsatmadâr
سیاسی	siyâsī
سیاه	siyâh
سیب	sêb
سیب‌زمینی	sib-zamini
سید	sayyid
سیر	sêr
سیستم	sistem
سیل	sayl
سیلاب	silâb
سیم	sīm
سیما	simâ
سینما	sīnamâ
سینه	sīna
سیگار	sīgâr
شاخص	šâxes
شاخه	šâxa
شادی	šâdī
شار	šâr
شاعر	šâ'ir
شام	šâm
شامل	šâmil
شانزدهم	šânzdahom
شانس	šâns
شانسی	šânsi
شاه	šâh
شاهان	šâhân
شاهد	šâhed
شاهزاده	šâhzâde
شاهنشاهی	šâhanšâhī
شاهکار	šâhkâr
شاهی	šâhī
شاگرد	šâgird
شاید	šâyad
شایع	šâye'
شایعات	šâye'ât
شب	šab
شبانه	šabâne
شباهت	šabâhat
شبه	šebh
شبکه	šabake
شبیه	šabīh
شتاب	šitâb
شخص	šaxs
شخصی	šaxsi
شخصیت	šaxsiyyat
شد	šud
شدت	šiddat
شدن	šudan
شدید	šadid
شر	šarr
شراب	šarâb
شرط	šart
شرق	šarq
شرقی	šarqī
شرمنده	šarminda
شروع	šurū'
شروع کردن	šurū' kardan
شرکت	širkat
شریف	šarīf
شریک	šarīk
شستن	šostan
شش	šeš
ششم	šešom
شصت	šast
شطرنج	šatranj
شعار	ši'âr
شعبه	šo'be
شعر	ši'r
شعور	šo'ur
شغل	šuġl
شفاف	šaffâf
شلوار	šalwâr
شلوغ	šoluġ
شلیک	šellik
شما	šumâ
شمار	šomâr
شماره	šumâra
شمال	šamâl
شمالی	šamâlī
شمرده	šemorde
شمسی	šamsī
شمشیر	šamšêr
شمع	šam'
شنا	šenâ
شناخت	šenâxt
شناسایی	šenâsâyi
شنبه	šanba
شنی	šeni
شنیدم	šenidam
شنیدن	šunīdan
شهادت	šahâdat
شهر	šahr
شهرت	šuhrat
شهردار	šahrdâr
شهرداری	šahrdâri
شهرستان	šahrestân
شهرها	šahr-hâ
شهرک	šahrak
شهری	šahrī
شهید	šahīd
شو	šaw
شواهد	šavâhed
شور	šôr
شورا	šūrâ
شورش	šôriš
شوروی	šowravi
شوم	šu'm
شوهر	šawhar
شک	šak
شکار	šikâr
شکایت	šikâyat
شکایت کردن	šekâyat kardan
شکر	šakkar
شکست	šikast
شکستن	šekastan
شکسته	šekaste
شکل	šakl
شکلات	šokolât
شکم	šikam
شکنجه	šikanja
شکوه	šukôh
شی	šay
شیب	šêb
شیخ	šayx
شیر	šêr
شیراز	šêrâz
شیرین	širin
شیشه	šīša
شیطان	šaytân
شیعه	šī'a
شیعیان	šī'iyân
شیمی	šimi
شیمیایی	šimiyâyi
شیوع	šoyu'
شیوه	šêwa
صاحب	sâhib
صاحبان	sâhebân
صادر	sâder
صادرات	sâderât
صادق	sâdiq
صاف	sâf
صبح	subh
صبحانه	sobhâne
صبور	sabur
صحبت	suhbat
صحبت کردن	sohbat kardan
صحنه	sahna
صحیح	sahīh
صد	sad
صدا	sadâ
صدر	sadr
صدور	sodur
صرف	sarf
صرفه	sarfe
صعود	so'ud
صفت	sifat
صفحات	safahât
صفحه	safha
صفر	safar
صفوی	safawī
صلاحیت	salâhiyyat
صلح	sulh
صلیب	salīb
صمیم	samim
صندلی	sandalī
صندوق	sandūq
صنعت	san'at
صنعتی	san'ati
صورت	sūrat
صورتی	surati
ضبط	zabt
ضخامت	zexâmat
ضد	zedd
ضرب	zarb
ضربه	zarbe
ضروری	zaruri
ضعف	za'f
ضعیف	za'if
ضلع	zel'
ضمن	zemn
ضمیمه	zamime
طبق	tebq
طبقه	tabaqa
طبیعت	tabi'at
طبیعی	tabi'i
طراح	tarâh
طراحی	tarâhī
طرح	tarh
طرز	tarz
طرف	taraf
طرفدار	tarafdâr
طرفین	tarafeyn
طریق	tarīq
طعم	ta'm
طعنه	ta'na
طلا	tillâ
طلاق	talâq
طلایی	talâyi
طلب	talab
طنز	tanz
طور	tawr
طوفان	tūfân
طول	tūl
طولانی	tulâni
طی	teyy-e
طیف	tayf
ظاهر	zâher
ظاهرا	zâheran
ظرف	zarf
ظرفیت	zarfiyyat
ظریف	zarif
ظهر	zuhr
ظهور	zohur
عادت	'âdat
عادی	âdi
عاریت	âriyat
عازم	âzim
عاشق	âšiq
عاشقانه	âšeqâne
عالم	âlam
عالی	'âli
عام	âmm
عامل	âmil
عبارت	ibârat
عباسی	abbâsī
عبری	'ebri
عبور	obur
عثمانی	osmâni
عجله	ajala
عجیب	'ajib
عد	'edd
عدد	adad
عدم	adam
عده	idda
عراقی	'erâqi
عرب	arab
عربی	arabī
عرض	'arz
عرضه	arza
عروسی	arusi
عشق	išq
عصاره	usâra
عصب	'asab
عصبی	'asabi
عصر	asr
عضله	'azole
عضو	uzw
عضویت	uzwiyyat
عظیم	'azim
عظیمی	'azimi
عفونت	ofunat
عقب	aqab
عقل	aql
عقیده	aqīda
علاقه	alâqa
علامت	alâmat
علاوه	'elâve
علت	'ellat
علم	ilm
علمی	ilmī
علوم	'olum
علی	'alâ
علیه	aleyh-e
عمارت	imârat
عمده	umda
عمر	umr
عمق	umq
عمل	amal
عملکرد	amalkard
عملی	'amali
عملیات	amaliyyât
عمو	amô
عمودی	'amudi
عموم	umūm
عمومی	umūmī
عمیق	amīq
عنصر	unsur
عنوان	unwân
عنکبوت	ankabūt
عهد	ahd
عهده	uhda
عوارض	awâriz
عوامل	'avâmel
عوض	iwaz
عوض کردن	avaz kardan
عکاسی	'akkâsi
عکس	aks
عید	īd
عیسی	īsâ
عین	ayn
عینک	aynak
غار	ġâr
غارت	ġârat
غاز	ġâz
غالب	ġâlib
غذا	ġizâ
غر	ġar
غرب	ġarb
غربی	ġarbī
غرق	ġarq
غروب	ġorub
غریبی	ġarībī
غلبه	ġalaba
غلط	ġalat
غلیظ	ġalīz
غمگینی	ġamgīnī
غنی	ġanī
غو	ġav
غوغا	ġawġâ
غیر	ġeyr
غیررسمی	ġeyr-e-rasmi
غیرقانونی	ġeyr-e-qânuni
غیرممکن	ġeyr-e-momken
فاجعه	fâji'a
فارس	fârs
فارسی	fârsī
فارغ	fâreġ
فاصله	fâsila
فاقد	fâqed
فانی	fâni
فتح	fath
فدراسیون	federâsyon
فر	farr
فرآیند	far-âyand
فراتر	farâtar
فرار	farâr
فرار کردن	farâr kardan
فراز	farâz
فراموش	farâmuš
فراموش کردن	farâmôš kardan
فرانسوی	farânsawī
فراهم	farâham
فراوان	farâvân
فرد	fard
فردا	fardâ
فرزند	farzand
فرزندان	farzand-ân
فرستاده	ferestâde
فرش	farš
فرصت	forsat
فرض	farz
فرعی	far'ī
فرق	farq
فرم	form
فرمان	farmân
فرماندار	farmândâr
فرمانده	farmândih
فرمول	formul
فرهنگ	farhang
فرهنگی	farhangi
فرو	foru
فروختن	furôxtan
فرود	forud
فرودگاه	furūdgâh
فروش	furôš
فروشنده	furôšanda
فروشگاه	furôšgâh
فروند	farvand
فروپاشی	furôpâšī
فری	fari
فریاد	faryâd
فریاد زدن	faryâd zadan
فساد	fasâd
فشار	fešâr
فصل	fasl
فضا	fazâ
فضایی	fazâyī
فعال	fa'âl
فعالیت	fa'âliyat
فعل	fi'l
فعلی	fe'li
فقر	faqr
فقط	faqat
فقه	fiqh
فقیر	faqīr
فلز	filizz
فلسفه	falsafa
فن	fann
فناوری	fanâvari
فنجان	finjân
فهرست	fihrist
فهم	fahm
فهمیدن	fahmīdan
فوت	fut
فوتبال	fūtbâl
فوق	fowq
فولاد	fôlâd
فون	fôn
فکر	fikr
فکر کردن	fekr kardan
فی	fi
فیزیک	fizik
فیزیکی	fiziki
فیل	fil
فیلم	fīlm
فیلمنامه	filmnâme
فیلمی	filmi
فیلیپ	filip
فینال	finâl
قائل	qâ'il
قابل	qâbil
قابلیت	qâbeliyyat
قاتل	qâtel
قاجار	qâjâr
قادر	qâder
قاره	qârra
قاشق	qâšuq
قاصر	qâser
قاضی	qâzī
قاعده	qâ'ida
قالب	qâlib
قانع	qâne'
قانون	qânūn
قانونی	qânūnī
قاچاق	qâčâq
قایق	qâyiq
قبر	qabr
قبل	qabl
قبلا	qablan
قبول	qabul
قبول کردن	qabul kardan
قبیل	qabil
قبیله	qabīla
قت	qot
قتل	qatl
قحطی	qahti
قد	qadd
قدر	qadr
قدرت	qudrat
قدرتمند	qodratmand
قدم	qadam
قدمت	qedmat
قدیم	qadīm
قدیمی	qadimi
قر	qer
قرار	qarâr
قرارداد	qarârdâd
قربانی	qorbâni
قربانیان	qorbâniân
قرص	qors
قرض	qarz
قرمز	qirmiz
قرن	qarn
قرون	qurūn
قسمت	qismat
قصد	qasd
قضاوت	qazâvat
قضیه	qaziyya
قط	qat
قطار	qatâr
قطب	qotb
قطر	qutr
قطع	qat'
قطعنامه	qat'nâme
قطعه	qit'a
قطعی	qat'ī
قفل	qofl
قلب	qalb
قلبی	qalbi
قلعه	qal'a
قلم	qalam
قلمرو	qalamraw
قله	qulla
قمری	qamarī
قهرمان	qahramân
قهرمانان	qahramânân
قهوه	qahwa
قهوه‌ای	qahve-yi
قوانین	qavânin
قول	qawl
قوم	qawm
قومی	qawmī
قوی	qawī
قویا	qaviyan
قیافه	qiyâfe
قیام	qiyâm
قیمت	qīmat
لا	lâ
لات	lât
لازم	lâzem
لام	lâm
لایحه	lâyehe
لایه	lâya
لب	lab
لباس	libâs
لبخند	labxand
لبه	laba
لحاظ	lehâz
لحظه	lahze
لذا	lezâ
لذت	lezzat
لرزه	larze
لزوما	lozuman
لس	las
لشکر	laškar
لطفا	lutfan
لغت	luġat
لغو	laġv
لقب	laqab
له	lih
لهجه	lahja
لو	law
لوازم	lawâzim
لوس	lôs
لوله	lule
لکه	lakke
لی	li
لیزر	leyzer
لیسانس	lisâns
لیست	list
لیوان	livân
لیگ	lig
مأمور	ma'mūr
مأموران	ma'murân
مأموریت	ma'mūriyyat
مؤثر	mu'assir
مؤسسه	mu'assasa
مؤلف	mu'allif
ما	mâ
ماجرا	mâjarâ
مادر	mâdar
مادربزرگ	mâdar-buzurg
مادری	mâdari
ماده	mâda
مارک	mârk
ماست	mâst
ماسک	mâsk
ماشین	mâšīn
ماشینی	mâšini
مال	mâl
مالک	mâlik
مالی	mâli
مالیات	mâliyât
مان	-emân
ماند	mând
ماندن	mândan
مانده	mânde
ماندگار	mândegâr
مانع	mâne'
مانند	-mânand
مانید	mânīd
ماه	mâh
ماهواره	mâhvâre
ماهی	mâhī
ماهیان	mâhi-ân
ماهیت	mâhiyyat
مایع	mâyi'
مایل	mâyl
مایک	mâyk
مباحث	mabâhes
مبارزه	mubâraza
مبارک	mubârak
مبتلا	mobtalâ
مبتنی	mobtani
مبلغ	mablaġ
مبلمان	moblemân
مبهم	mubham
متحد	muttahid
متحرک	mutaharrik
متخاصم	motaxâsem
متخصص	motaxasses
متداول	mutadâwal
متر	metr
مترجم	mutarjim
متشکرم	motšakkeram
متشکل	motešakkel
متصل	mottasel
متعدد	mota'added
متعلق	muta'alliq
متغیر	mutaġayyir-
متفاوت	motafâvet
متقابل	mutaqâbil
متمایز	mutamâyiz
متمرکز	motamarkez
متن	matn
متناسب	mutanâsib
متنوع	motanavve'
متهم	mottaham
متوالی	mutawâlī
متوجه	mutawajjih
متوسط	motavasset
متوقف	motevaqqef
متولد	mutawallid
متون	mutūn
مثال	misâl
مثبت	musbat
مثل	misl
مثلا	masalan
مثلث	mosallas
مجازات	mujâzât
مجازی	majâzi
مجاهدین	mujâhidīn
مجاور	mojâver
مجاورت	mujâwarat
مجبور	majbur
مجتمع	mojtame'
مجدد	mojaddad
مجرم	mojrem
مجروح	majruh
مجری	mojrâ
مجسمه	mojassame
مجلات	majallât
مجلس	majlis
مجله	majalla
مجمع	majma'
مجموعه	majmū'a
مجهز	mojahhaz
مجوز	mujawwiz
محاسبه	muhâsaba
محاصره	muhâsara
محافظت	muhâfazat
محاکمه	muhâkama
محبوب	mahbūb
محتوا	mohtavâ
محدود	mahdud
محدودیت	mahdūdiyyat
محرم	mahram
محروم	mahrūm
محرک	moharrek
محصول	mahsūl
محصولات	mahsūlât
محض	mahz
محقق	muhaqqaq
محل	mahall
محله	mahalle
محلی	mahalli
محور	mehvar
محوطه	muhawwata
محکم	mohkam
محکمه	mahkama
محکوم	mahkum
محیط	mohit
محیط زیست	mohit-e zist
مخاطب	muxâtab
مخالف	moxâlef
مخالفان	moxâlefân
مخالفت	muxâlifat
مختلف	muxtalif
مخزن	maxzan
مخصوص	maxsus
مخفی	maxfi
مخلوط	maxlut
مد	mod
مداد	midâd
مدار	madâr
مدارس	madâres
مدارک	madârek
مدافع	mudâfi'
مدال	medâl
مدام	mudâm
مداوم	modâvem
مدت	muddat
مدرسه	madrasa
مدرک	madrak
مدعی	mudda'ī
مدل	model
مدنی	madani
مدیر	mudīr
مدیریت	modiriyyat
مذاکرات	mozâkerât
مذاکره	muzâkara
مذهب	mazhab
مذهبی	mazhabī
مذکور	mazkur
مرا	marâ
مراتب	marâteb
مراجعه	morâje'e
مراحل	marâhel
مراسم	marâsim
مراکز	marâkez
مربع	morabba'
مربوط	marbut
مربی	murabbī
مرتب	murattab
مرتبط	mortabet
مرتبه	martaba
مرجع	marja'
مرحله	marhala
مرخصی	muraxxasī
مرد	mard
مرداب	murdâb
مردان	mardân
مردانه	mardâne
مردم	mardum
مردمان	mardumân
مردمی	mardomi
مردن	mordan
مرده	morde
مردی	mardi
مرز	marz
مرزها	marz-hâ
مرطوب	martub
مرغ	murġ
مروارید	morvârid
مرور	murūr
مرکب	murakkab
مرکز	markaz
مرکزی	markazi
مرگ	marg
مری	meri
مریخ	merrix
مریض	marīz
مزرعه	mazra'a
مزیت	maziyyat
مس	mis
مسئله	mas'ala
مسئول	mas'ul
مسئولیت	mas'ūliyyat
مسائل	masâ'il
مسابقه	musâbaqa
مساجد	masâjid
مساحت	masâhat
مسافت	masâfat
مسافر	musâfir
مسافران	mosâfer-ân
مساوی	mosâvi
مستطیل	mostatil
مستقر	mustaqirr
مستقل	mostaqel
مستقیم	mustaqīm
مستند	mustanad
مسجد	masjid
مسدود	masdud
مسلح	mosallah
مسلمان	musalmân
مسلمانان	mosalmânân
مسن	mosen
مسکن	maskan
مسیح	masīh
مسیحی	masihi
مسیحیان	masêhiyân
مسیحیت	masihiyyat
مسیر	masīr
مشابه	mošâbeh
مشارکت	mošârekat
مشاهده	mušâhada
مشاور	mušâwir
مشاوره	mošâvere
مشتاق	muštâq
مشترک	muštarak
مشتری	muštarī
مشتق	moštaq
مشخص	mošaxxas
مشغول	mašġul
مشهد	mašhad
مشهور	mašhūr
مشهورترین	mašhur-tarin
مشکل	muškil
مشکلات	moškelât
مشکوک	maškuk
مصاحبه	mosâhebe
مصالح	masâlih
مصالحه	musâlaha
مصر	misr
مصرف	masraf
مصنوعی	masnu'i
مطابق	mutâbiq
مطالعه	mutâla'a
مطبوعات	matbu'ât
مطرح	matrah
مطلب	matlab
مطلق	motlaq
مطلوب	matlub
مطمئن	motma'en
معادل	mo'âdel
معادله	mu'âdila
معادن	ma'âden
معاصر	mu'âsir
معاف	mu'âf
معالجه	mu'âlaja
معامله	mu'âmala
معانی	ma'âni
معاون	mo'âven
معاینه	mo'âyene
معبد	ma'bad
معتبر	mo'tabar
معتدل	mo'tadel
معتقد	mo'taqed
معدن	ma'dan
معدنی	ma'dani
معدود	ma'dūd
معرض	ma'raz
معرفت	ma'rifat
معروف	ma'rūf
معلم	mu'allim
معلوم	ma'lūm
معمار	me'mâr
معماری	me'mâri
معمول	ma'mul
معمولا	ma'mulan
معمولی	ma'muli
معنوی	ma'navi
معنی	ma'nī
معیار	mi'yâr
معین	mu'ayyan
مغازه	maġâza
مغز	maġz
مغلوب	maġlub
مفصل	mafsil
مفهوم	mafhum
مفید	mufīd
مفیدتر	mofid-tar
مقابل	muqâbil
مقابله	moqâbele
مقاله	maqâla
مقام	maqâm
مقامات	maqâmât
مقاوم	moqâvem
مقاومت	muqâwamat
مقایسه	muqâyasa
مقبره	maqbare
مقدار	miqdâr
مقدس	muqaddas
مقدماتی	moqaddamâti
مقدمه	moqaddame
مقر	maqar
مقررات	muqarrarât
مقصد	maqsad
مقطع	maqta'
مقیاس	meqyâs
مقیم	muqīm
ملاقات	mulâqât
ملاقات کردن	molâqât kardan
ملت	millat
ملحق	mulhaq
ملل	melal
ملک	malak
ملکه	malika
ملی	millī
ممنوع	mamnu'
ممنون	mamnun
ممکن	momken
من	man
منابع	manâbi'
مناسب	monâseb
مناسبت	munâsabat
مناطق	manâteq
منافع	manâfi'
منبع	manba'
منتشر	montašer
منتظر	muntazir
منتقدان	montaqedân
منتقل	montaqel
منحصر	munhasir
منزل	manzil
منسوب	mansūb
منشأ	manša'
منصوب	mansub
منطق	manteq
منطقه	mintaqa
منطقی	manteqi
منظر	manzar
منظم	monazzam
منظور	manzūr
منع	man'
منفجر	monfajer
منفرد	monfared
منفعت	manfa'at
منفی	manfī
منی	mani
مه	mah
مهاجر	mohâjer
مهاجرت	muhâjarat
مهاجم	muhâjim
مهار	mahâr
مهارت	mahârat
مهر	mahr
مهربان	mihrabân
مهربانی	mihrabânī
مهره	muhra
مهم	mohemm
مهمان	mihmân
مهمانی	mihmânī
مهندس	muhandis
مهندسان	mohandesân
مهندسی	muhandisī
مو	mu
مواجه	movâjeh
موازی	movâzi
موافق	movâfeq
موافقت	muwâfaqat
مواقع	mavâqe'
موبایل	mobâil
موتور	motor
موج	mowj
موجب	mujeb
موجود	mawjūd
مورخ	movarrex
مورد	mowred
موز	môz
موزه	môza
موزیسین	muzisiyan
موزیک	muzik
موسسه	mo'assese
موسوم	mowsum
موسیقی	mūsīqī
موش	mūš
موشک	mūšak
موضع	mawzi'
موضوع	mawzū'
موضوعات	mawzū'ât
موفق	muwaffaq
موفقیت	muwaffaqiyyat
موقت	movaqqat
موقع	mawqi'
موقعیت	mawqi'iyyat
مولکول	molekul
مولکولی	molekuli
موم	mum
مک	mak
مکان	makân
مکانیک	mekânik
مکانیکی	mekâniki
مکتب	maktab
مکرر	mokarrar
مکعب	moka'ab
مکمل	mukammil
مگ	mag
مگر	magar
می	may
میان	miyân
میانگین	miyângīn
میخ	mix
میدان	maydân
میدانی	meydâni
میر	mīr
میراث	mirâs
میرزا	mīrzâ
میز	mêz
میزان	mīzân
میزبان	mêzbân
میل	meyl
میلاد	mīlâd
میلادی	mīlâdī
میلیون	milyun
میوه	mêwa
میگو	meygu
می‌آید	mi-âyad
می‌آیم	mi-âyam
می‌بینم	mi-binam
می‌خواهم	mi-xâham
می‌خورم	mi-xoram
می‌رود	mi-ravad
می‌روم	mi-ravam
می‌نوشم	mi-nušam
می‌کند	mi-konad
می‌کنم	mi-konam
می‌گویم	mi-guyam
نا	nâ-
نابود	nâbūd
ناحیه	nâhiya
نادر	nâdir
ناراحت	nârâhat
نارنجی	nârenji
نازپرورده	nâzparvarde
نازک	nâzok
نازی	nâzi
ناشناس	nâšenâs
ناشی	nâši
ناظر	nâzir
ناقص	nâqis
ناقوس	nâqus
نام	nâm
نامزد	nâmzad
نامزدی	nâmzadī
نامه	nâma
ناموفق	nâ-movaffaq
نامی	nâmi
نامید	nâmid
نان	nân
ناهار	nâhâr
ناپدید	nâpadid
ناچار	nâčâr
ناگهان	nâgahân
نایب	nâ'ib
نبرد	nabard
نبش	nabš
نبود	na-bud
نت	not
نتایج	natâyej
نتیجه	natīja
نجات	najât
نحوه	nahve
نخست	nuxust
نخستین	nuxustīn
ندارد	nadârad
ندارم	nadâram
نر	nar
نرخ	nerx
نرم	narm
نزد	nazd-e
نزدیک	nazdīk
نزدیکی	nazdiki
نسبت	nisbat
نسبتا	nisbatan
نسبی	nisbī
نسخه	nusxa
نسل	nasl
نشان	nišân
نشانه	nešâne
نشانگر	nišângar
نشانی	nišânī
نشریه	našriyya
نشست	nešast
نشستن	nešastan
نصب	nasb
نصف	nisf
نظارت	nizârat
نظام	nizâm
نظامی	nizâmī
نظر	nazar
نظریه	nazariyya
نظیر	nazīr
نفت	naft
نفر	nafar
نفس	nafas
نفس کشیدن	nafas kešidan
نفع	naf'
نفوذ	nufūz
نفیس	nafis
نقاش	naqqâš
نقاشی	naqqâšī
نقاط	neqât
نقد	naqd
نقره	nuqra
نقش	naqš
نقشه	naqša
نقص	naqs
نقض	naqz
نقطه	nuqta
نقل	naql
نما	namâ
نماد	namâd
نماز	namâz
نمایان	nemâyân
نمایش	namâyiš
نمایشگاه	namâyišgâh
نمایشی	namâyišī
نماینده	namâyande
نمایندگان	namâyandegân
نمایندگی	namâyandagī
نمره	nomre
نمودار	nemudâr
نمودن	namudan
نمونه	namūna
نمک	namak
نه	na
نهاد	nahâd
نهار	nahâr
نهایت	nehâyat
نهایی	nahâyi
نهضت	nahzat
نهم	nuhum
نو	naw
نواختن	navâxtan
نوار	navâr
نوازنده	navâzande
نوبت	nawbat
نوجوان	naw-jawân
نوجوانان	nowjavânân
نور	nur
نوزاد	nowzâd
نوزدهم	nuzdahom
نوشت	nevešt
نوشتن	nawištan
نوشته	nawišta
نوشید	nušid
نوشیدن	nôšīdan
نوک	nôk
نویس	navis
نویسنده	nawīsanda
نویسندگان	nevisandegân
نویسندگی	nawīsandagī
نوین	nawīn
نژاد	-nežâd
نژادی	nežâdi
نکات	nokât
نکته	nukta
نگارش	negâreš
نگاه	negâh
نگاه کردن	nigâh kardan
نگران	negarân
نگرانی	nigarânī
نگهداری	negahdâri
نگین	negin
نی	nay
نیاز	niyâz
نیازمند	niyâzmand
نیام	niyâm
نیرو	nêrô
نیروها	niru-hâ
نیروگاه	nirugâh
نیز	niz
نیست	nêst
نیستم	nistam
نیستی	nêstī
نیم	nim
نیمه	nime
نیک	nik
ها	hâ
هار	hâr
هتل	hotel
هجوم	hojum
هخامنشی	haxâmanišī
هدایت	hidâyat
هدف	hadaf
هدیه	hadiya
هر	har
هرچند	harčand
هرچه	harče
هرگز	hargez
هزار	hazâr
هزاره	hazâra
هزینه	hazine
هست	hast
هستم	hastam
هستند	hastand
هستی	hastī
هستیم	hastim
هشت	hašt
هشتاد	haštâd
هشتم	haštom
هشدار	hošdâr
هفت	haft
هفتاد	haftâd
هفتم	haftom
هفدهم	hefdahom
هلن	helen
هلو	holu
هم	ham
همان	hamân
همانند	hamânand
هماهنگ	hamâhang
هماهنگی	hamâhangi
همدیگر	hamdigar
همراه	hamrâh-e
همراهی	hamrâhī
همزمان	hamzamân
همسایه	hamsâye
همسر	hamsar
همه	hame
هموار	hamvâr
همواره	hamvâre
همچنان	hamčenân
همچنین	hamčunīn
همچون	hamčun
همکاران	hamkârân
همکاری	hamkârī
همیشه	hamêša
همین	hamīn
هند	hand
هندوانه	hendevâne
هندی	hindī
هنر	hunar
هنرمند	honarmand
هنرمندان	honarmandân
هنوز	hanuz
هنگ	hang
هنگام	hangâm
هوا	hawâ
هواشناسی	havâšenâsi
هواپیما	hawâpaymâ
هوایی	hawâyī
هوش	hôš
هوشمند	hušmand
هویت	hoviyyat
هیئت	hay'at
هیدروژن	hidrožen
هیچ	hêč
و	vâv
وابسته	vâbaste
وابستگی	wâbastagī
واحد	wâhid
وادار	vâdâr
وار	vâr
وارد	vâred
واسطه	wâsita
واضح	vâzeh
واقع	wâqi'
واقعا	wâqi'an
واقعه	wâqi'a
واقعی	wâqi'ī
واقعیت	wâqi'iyyat
وال	vâl
والدین	wâlidayn
والی	wâlī
والیبال	vâlibâl
وام	wâm
واژه	wâža
واژگان	vâžegân
واکنش	wâkuniš
وب	veb
وبگاه	veb-gâh
وجه	wajh
وجود	wujūd
وحدت	wahdat
وحشت	wahšat
وحشی	vahši
ورز	varz
ورزش	warziš
ورزشکار	varzeškâr
ورزشگاه	varzešgâh
ورزشی	varzeši
ورود	wurūd
وزارت	wizârat
وزن	wazn
وزیر	wazīr
وزیران	vazirân
وسایل	vasâyel
وسط	wasat
وسعت	vos'at
وسوسه	waswasa
وسیع	vasi'
وسیله	vasile
وصف	wasf
وصل	vasl
وضع	waz'
وضعیت	waz'iyyat
وضوح	wuzūh
وظایف	vazâyef
وظیفه	wazīfa
وعده	wa'da
وفاداری	wafâdârī
وقایع	vaqâye'
وقت	waqt
وقتی	vaġti
ولایت	wilâyat
ولتاژ	voltâž
ولسوالی	wuluswâlī
ولع	vala'
ولی	walê
وکیل	wakīl
وگرنه	vagarna
وی	vey
ویتامین	vitâmin
ویران	wayrân
ویرایش	wīrâyiš
ویروس	virus
وین	vin
ویژه	wêža
ویژگی	vižegi
پا	pâ
پادشاه	pâdišâh
پادشاهی	pâdišâhī
پارس	pârs
پارسی	pârsī
پارلمان	pârlamân
پاره	pâra
پارچه	pârča
پارک	pârk
پاس	pâs
پاسخ	pâsux
پانصد	pânsad
پاپ	pâp
پاک	pâk
پاکستان	pâkistân
پای	pây
پایان	pâyân
پایبند	pâyband
پایتخت	pâytaxt
پایدار	pâydâr
پایداری	pâydanârī
پایه	pâye
پایگاه	pâygâh
پاییز	pâyiz
پایین	pâyin-e
پتانسیل	potânsiyel
پختم	poxtam
پختن	puxtan
پخش	paxš
پدر	padar
پدربزرگ	pedar-bozorg
پدید	padid
پدیدار	padidâr
پدیده	padide
پذیر	pazir
پذیرش	pazīriš
پر	pur
پراکنده	parâkanda
پرتاب	partâb
پرتو	partow
پردازش	pardâzeš
پرده	parde
پرست	parast
پرستار	parastâr
پرسش	pursiš
پرسیدن	pursīdan
پرفروش	por-foruš
پرنده	paranda
پرندگان	parandegân
پرواز	parwâz
پروانه	parwâna
پرورش	parvareš
پرونده	parwanda
پروژه	perože
پرچم	parčam
پریدن	paridan
پزشک	pizišk
پزشکی	piziškī
پس	pas
پست	post
پسر	pisar
پسران	pesar-ân
پسوند	paswand
پشت	pušt
پشتیبانی	puštībânī
پل	pul
پلاستیک	pelâstik
پله	pilla
پلیس	polis
پمپ	pomp
پناه	panâh
پناهنده	panâhande
پنبه	panbe
پنج	panj
پنجاه	panjâh
پنجره	panjara
پنجم	panjum
پنهان	penhân
پنیر	panīr
پهلوی	pahlavi
پهن	pahn
پودر	pudr
پوست	pôst
پوشش	pušeš
پوشیدن	pôšīdan
پول	pūl
پوند	pund
پویا	pôyâ
پژوهش	pižôhiš
پی	pey
پیاده	piyâda
پیام	payâm
پیامبر	payâmbar
پیانو	piâno
پیدا	paydâ
پیدا کردن	peydâ kardan
پیدایش	paydâ'iš
پیر	pir
پیرامون	pêrâmūn
پیراهن	pêrâhan
پیرتر	pir-tar
پیروز	pīrôz
پیروزی	pêrôzī
پیش	pêš
پیشرفت	pêšraft
پیشرفته	pišrafte
پیشنهاد	pêšnihâd
پیشگیری	pišgiri
پیشین	pêšīn
پیشینه	pišine
پیمان	peymân
پیوست	peyvast
پیوستن	peyvastan
پیوسته	peyvaste
پیوند	peyvand
پیچ	pêč
پیچیده	pêčīda
پیکر	paykar
پیگیری	peygiri
چابک	čâbok
چارچوب	čârčôb
چاقو	čâqū
چالش	čâleš
چانه	čâna
چاه	čâh
چاپ	čâp
چای	čây
چرا	čarâ
چراغ	čirâġ
چربی	čarbī
چرخ	čarx
چرخش	čarxiš
چرخه	čarxa
چشم	čašm
چشمه	čašma
چشمگیر	čašmgīr
چطور	četowr
چقدر	čeqadr
چمدان	čamadân
چنان	čonân
چنانچه	čonânče
چند	čand
چندان	čandân
چندین	čandīn
چنگال	čangâl
چنین	čunīn
چه	če
چهار	čahâr
چهارم	čahârom
چهره	čihra
چهل	čehel
چوب	čôb
چوبی	čubi
چون	čun
چپ	čap
چک	čak
چگونه	čegune
چی	či
چیز	čīz
چیزی	čizê
چین	čin
چینی	čīnī
ژاپن	žâpon
ژاپنی	žâponi
ژن	žen
ژنرال	ženerâl
کابل	kâbl
کابینه	kâbine
کاتولیک	kâtolik
کاخ	kâx
کار	-kâr
کار کردن	kâr kardan
کاربر	kârbar
کاربرد	kârbord
کاربردی	kârbordi
کاربری	kârbarī
کارت	kârt
کارخانه	kârxâna
کارشناسان	kâršenâsân
کارمند	kârmand
کارنامه	kârnâme
کاروان	kârvân
کارورزی	kârvarzi
کارکرد	kârkard
کارگاه	kârgâh
کارگر	kârgar
کارگردان	kârgardân
کاشت	kâšt
کاغذ	kâġaz
کافی	kâfi
کالا	kâlâ
کالج	kâlej
کامل	kâmel
کاملا	kâmilan
کامپیوتر	kâmpyūtir
کانال	kânâl
کانون	kânun
کاهش	kâheš
کاوش	kâwiš
کاکا	kâkâ
کبد	kabid
کتاب	kitâb
کتابخانه	kitâbxâna
کتابچه	kitâbča
کتابی	ketâbi
کتب	kutub
کثیف	kasīf
کجا	kojâ
کد	kod
کدام	kudâm
کر	kar
کربن	karbon
کرد	kord
کردار	kerdâr
کردم	kardam
کردن	kardan
کردند	kardand
کرده	karde
کردی	kordi
کردید	kardid
کردیم	kardim
کرسی	kursī
کرم	kirm
کره	kara
کس	kas
کسب	kasb
کسی	kasi
کش	kaš
کشاورزی	kešâvarzi
کشت	košt
کشتار	kuštâr
کشتن	kuštan
کشتی	kaštī
کشف	kašf
کشور	kišwar
کشورها	kišwar-hâ
کشیدن	kašidan
کشیده	kašīda
کف	kaf
کفش	kafš
کل	kal
کلاس	kelâs
کلاسیک	kelâsik
کلام	kalâm
کلاه	kulâh
کلاهبرداری	kolâh-bardâri
کلمات	kalimât
کلمه	kalima
کلید	kalīd
کلیدی	kelidi
کلیسا	kalīsâ
کلیه	kolye
کم	kam
کمال	kamâl
کمان	kamân
کمبود	kambud
کمتر	kamtar
کمترین	kamtarin
کمدی	komedi
کمربند	kamarband
کمونیست	komunist
کمونیسم	komunism
کمک	kumak
کمک کردن	komak kardan
کمی	kami
کمیته	komite
کمیسیون	komisiyon
کمین	kamin
کن	kun
کنار	kanâr
کنت	kont
کنترل	kontorol
کند	kond
کنسرت	konsert
کنسول	konsul
کنفرانس	konferâns
کنم	kunam
کنند	kunand
کننده	konande
کنه	kane
کنون	konun
کنونی	konuni
کنگره	kongore
کنی	kunī
کنید	kunêd
کنیم	konim
که	ki
کهن	kuhan
کوت	kut
کوتاه	kutâh
کوتاهی	kutâhi
کودک	kôdak
کودکان	kudakân
کودکی	kôdakī
کور	kôr
کوشش	kôšiš
کوه	kôh
کوچ	kôč
کوچک	kôčak
کپی	kopi
کی	kay
کیف	kif
کیفیت	kayfiyyat
کیلومتر	kilometr
کیلوگرم	kilogram
کیک	kayk
گارد	gârd
گاز	gâz
گام	gâm
گاه	-gâh
گاهی	gâhi
گاو	gâw
گذاشت	gozâšt
گذاشتن	guzâštan
گذر	gozar
گذشته	guzašta
گر	gor
گران	gerân
گرایش	garâyeš
گربه	gorbe
گرد	gard
گردباد	gerdbâd
گردش	gardiš
گردن	gardan
گرسنه	gurusna
گرفت	girift
گرفتار	gereftâr
گرفتم	gereftam
گرفتن	giriftan
گرفتند	gereftand
گرم	garm
گرما	garmâ
گره	girih
گروه	gurôh
گروهی	goruhi
گرچه	garče
گرگان	gurgân
گریه کردن	gerye kardan
گزارش	gozâreš
گزینه	guzīna
گسترده	gustarda
گشت	gašt
گفت	goft
گفتار	guftâr
گفتم	goftam
گفتن	guftan
گفته	gofte
گفتگو	goftogu
گفتید	goftid
گل	gul
گلابی	golâbi
گلوله	gulūla
گم	gom
گم کردن	gom kardan
گمان	gomân
گناه	gunâh
گنبد	gunbad
گندم	gandum
گو	gu
گواهی	guwâhī
گوجه	gawja
گوش	gôš
گوش دادن	guš dâdan
گوش کردن	gôš kardan
گوشت	gôšt
گوشه	gôša
گوناگون	gunâgun
گونه	gôna
گویا	guyâ
گویش	gôyiš
گویی	guyi
گچ	gač
گیاه	giyâh
گیاهان	giyâhân
گیتار	gitâr
گیر	gir
گیرم	giram
ی	ye
یا	yâ
یاد	yâd
یاد دادن	yâd dâdan
یاد گرفتن	yâd giriftan
یادبود	yâdbud
یادگیری	yâdgīrī
یاری	yârī
یازده	yâzdah
یازدهم	yâzdahom
یافتن	yâftan
یال	yâl
یان	-yân
یاور	yâwar
یخ	yax
یخچال	yaxčâl
یست	-īst
یعنی	ya'ni
یل	yal
یمن	yaman
ین	yen
یه	-iyye
یهودی	yahūdī
یهودیان	yahūdiyân
یوتیوب	yūtyūb
یورش	yūriš
یورو	yuro
یونانی	yūnânī
یک	yak
یکبار	yekbâr
یکدیگر	yekdigar
یکسان	yeksân
یکم	yekom
یکنواخت	yeknavâxt
یکپارچه	yekpârče
یکی	yakê
۳	three
۸	eight
