rank	word	pos	en
1	su	pron	they (third person plural independent subject pronoun)
2	wannan	pron	this, this one
3	shi	pron	he (3rd person singular pronoun)
4	daga	noun	bangle-charm (worn on the upper arm or wrist)
5	ka	adv	in or on
6	wani	pron	someone; some, a certain, another
7	mai	noun	oil, fat, grease
8	domin	conj	because of, for the sake of, on behalf of
9	amma	conj	but; however, yet (opens the contrasting clause, and can begin a sentence)
10	mu	pron	we (1st person plural pronoun)
11	suna	noun	name; naming ceremony
12	kai	pron	you (2nd person singular subject pronoun)
13	allah	name	Allah, God
14	idan	conj	if, when (in the future)
15	har	prep	until, up to; even, including
16	yadda	conj	how; in that way
17	sa	noun	bull, ox, cattle
18	zuwa	noun	arrival
19	yanzu	adv	now, at present
20	bayan	prep	behind, after
21	saboda	prep	because, because of
22	wata	noun	moon; month
23	ci	verb	to eat, to eat soft things
24	zama	noun	sitting, dwelling, existence
25	ita	pron	she (3rd person singular pronoun)
26	aiki	noun	work, job; act, activity
27	ni	pron	I (1st person singular pronoun)
28	duniya	noun	world, Earth
29	biyu	num	two (invariable for gender; na biyu m. / ta biyu f. = second, sau biyu = twice)
30	sin	name	China (a country in Asia)
31	mata	noun	woman; wife
32	mutum	noun	person; man, male
33	fara	noun	locust, grasshopper
34	nuna	verb	to show, point out, indicate
35	baya	noun	back; outside surface
36	shiga	noun	entry; outfit, appearance
37	ji	verb	to hear; to understand
38	ciki	noun	stomach, belly; pregnancy
39	tana	noun	earthworm; membrane covering a body part
40	musamman	adv	especially, expressly
41	sha	verb	to drink
42	tun	prep	since, ever since
43	abu	noun	thing, object; matter, affair, situation
44	farko	noun	beginning
45	dama	noun	chance, opportunity, possibility
46	lafiya	noun	health
47	gwamnati	noun	government
48	shekara	noun	year; age (how old something or someone is)
49	amfani	noun	usefulness, advantage
50	yawa	noun	quantity
51	ar	intj	damn it
52	nijeriya	name	Nigeria (a country in West Africa, south of the country of Niger)
53	najeriya	name	Nigeria (a country in West Africa, south of the country of Niger)
54	bisa	noun	pack animal
55	jarida	noun	newspaper
56	malam	noun	mister, Mr.
57	kafin	conj	before
58	amurka	name	United States of America (a country in North America)
59	lokaci	noun	time; period of time
60	gaskiya	noun	truth; fact
61	kowa	pron	everybody, everyone
62	uku	num	three
63	hausa	noun	language; meaning
64	kano	name	Kano (a state of Nigeria in the North West geopolitical zone)
65	siyasa	noun	politics; giving a concession or accommodation
66	kafa	noun	leg
67	sani	verb	know (have knowledge)
68	baki	noun	mouth, beak; mouth of a vessel, opening, entrance
69	magana	noun	speech, talk; broadcasting
70	alhaji	noun	hajji (one who has been a pilgrim to Mecca, usually used as a title)
71	sake	noun	slackness
72	rubuta	verb	to write
73	sama	noun	sky, heavens; top
74	hankali	noun	good sense
75	gida	noun	home; compound
76	koma	noun	fishing net
77	arewa	noun	north
78	mace	noun	woman; female
79	gwamna	noun	governor
80	mulki	noun	dominion, rule; government
81	musulmi	noun	Muslim
82	ruwa	noun	water; liquid, juice
83	kaduna	name	Kaduna (a state of Nigeria in the North West geopolitical zone)
84	boko	noun	fraud, deceit, trick
85	kyau	noun	goodness, beauty
86	aure	noun	marriage
87	kare	noun	dog
88	rana	noun	sun; heat of the sun
89	haram	noun	any haram act; a sin or forbidden deed in Islam
90	tsaro	noun	defense, protection, security
91	nasara	noun	victory, success
92	kada	noun	crocodile
93	tarihi	noun	history; biography
94	dubu	num	thousand
95	maka	name	Mecca (a city in Saudi Arabia)
96	sarki	noun	emir, king, chief
97	biyar	num	five
98	misali	noun	example, instance
99	dari	noun	korrigum (a kind of antelope)
100	kullum	adv	always; every (followed by a unit of time)
101	gari	noun	town, village
102	karatu	noun	reading; education, study, learning
103	ibrahim	name	Abraham (biblical character)
104	bayani	noun	explanation
105	hannu	noun	hand; arm
106	arziki	noun	wealth, riches
107	addini	noun	religion
108	girma	noun	bigness, size; importance, prestige
109	bincike	noun	investigation, research
110	tafiya	noun	journey, trip
111	zamani	noun	age, epoch, period, times
112	cigaba	noun	promotion; progress, civilization
113	isa	name	Jesus (a prophet in Islam, regarded as the son of God in Christianity)
114	goma	num	ten
115	zauna	verb	to sit; to settle (down), live, remain (in a place)
116	maza	adv	quickly, as quickly as possible
117	kwana	noun	sleep, lying down
118	biya	verb	to pay; to fulfill
119	abubakar	name	a male given name
120	kanta	noun	callus
121	ilimi	noun	knowledge; science
122	uwa	noun	mother; largest or chief part
123	kudu	adv	south, southwards
124	annabi	noun	prophet
125	sanda	noun	stick, baton, staff, pole
126	mutu	verb	to die
127	janar	noun	general (military rank)
128	sau	noun	foot; footprint, trace
129	matsala	noun	problem, affair, obstacle
130	kasuwa	noun	market
131	kusa	adv	near, nearby
132	adam	name	Adam (biblical character)
133	muhammadu	name	Muhammad (prophet)
134	hanya	noun	road, path; way, means, method, opportunity
135	zuciya	noun	heart
136	hali	noun	condition, situation
137	jiki	noun	body
138	mamaki	noun	astonishment, surprise
139	alheri	noun	kindness, good deed
140	fita	noun	graduation
141	sabo	adj	new
142	shida	num	six
143	makaranta	noun	school
144	soja	noun	soldier; army
145	afirka	name	Africa (the continent south of Europe and between the Atlantic and Indian Oceans)
146	majalisa	noun	legislature, congress
147	ido	noun	eye
148	riga	noun	a robe; an agbada or similar, the standard garb of men
149	inganta	verb	to strengthen, make durable
150	amsa	noun	answer, response
151	ilmi	noun	alternative form of ilìmī
152	tara	num	nine
153	jawo	verb	to pull (this way)
154	karanta	verb	to read
155	malamai	noun	plural of malami and malam
156	laifi	noun	crime, fault; blemish
157	wuta	noun	fire; electricity
158	abdullahi	name	a male given name, equivalent to English Abdullah
159	daina	verb	to quit doing, to cease
160	katsina	name	Katsina (a city in Nigeria)
161	ali	name	Ali (son-in-law of Muhammad)
162	wasa	noun	sport, game
163	bello	name	a surname
164	baiwa	noun	female equivalent of bāwā̀: female slave
165	rai	noun	life; spirit, mind
166	tambaya	noun	question
167	ahmad	name	a male given name
168	kasuwanci	noun	marketing, trading, commerce
169	hanci	noun	nose; bribe
170	awa	noun	hour
171	imani	noun	faith, belief (especially in Islam)
172	hau	noun	misfortune, being bewitched
173	tsakiya	noun	middle, center; prime, height
174	labari	noun	news, information
175	hukuma	noun	authority, governing board
176	hijira	noun	hijra (event from which the Islamic calendar counts)
177	jini	noun	blood; menstruation
178	hajji	noun	hajj (pilgrimage to Mecca)
179	jiha	noun	region, state; direction
180	tuni	adv	long ago
181	ja	adj	red
182	musa	name	Moses (biblical character)
183	illa	prep	except
184	naira	noun	naira (currency of Nigeria)
185	dalili	noun	cause, reason
186	shehu	noun	A great scholar, especially in religious matters.
187	bakwai	num	seven
188	amin	intj	amen; so be it; A polite response to salamu alaikum.
189	borno	name	Borno (a state of Nigeria in the North East geopolitical zone)
190	haihuwa	noun	birth; one's biological child
191	tsari	noun	arrangement, plan, system
192	tasiri	noun	influence, power
193	adawa	noun	hatred; opposition
194	takwas	num	eight
195	hikima	noun	wisdom
196	gabas	noun	east
197	magani	noun	medicine, cure; means against, protection against
198	mutuwa	noun	death
199	mako	noun	week
200	sanata	noun	senator
201	fili	noun	open field, plot of land, square
202	adu	noun	smallpox
203	bana	adv	this year
204	sako	noun	A small pod of pumpkins or gourds.
205	ajiye	verb	to put down, put away
206	mota	noun	automobile, car
207	albashi	noun	salary, wages
208	damuwa	noun	trouble, nuisance, bother, worry
209	shafa	verb	to rub, wipe, smear on
210	littafi	noun	book
211	yaro	noun	boy, child; A follower of a chief or similar person.
212	alfahari	noun	pride
213	adamu	name	Adam (biblical character)
214	turai	name	Europe (a continent located west of Asia and north of Africa)
215	kotu	noun	court
216	rashawa	noun	bribe
217	kamaru	name	Cameroon (a country in Central Africa)
218	tattaunawa	noun	discussion, negotiations
219	wuya	noun	neck; neck (narrow part of a bottle)
220	neja	name	Niger (a state of Nigeria)
221	yamma	noun	west
222	hatta	prep	even, including
223	gwiwa	noun	knee
224	daraja	noun	worth, value; rank, class
225	bara	noun	servant; A young person who out of respect volunteers to work for someone from time to time.
226	rubutu	noun	writing
227	taimako	noun	aid, help
228	shugabanci	noun	leadership
229	sakkwato	name	Sokoto (a city in Nigeria)
230	kowanne	pron	everyone, each one, whichever one
231	yanki	noun	part, section; district
232	maiduguri	name	Maiduguri (a city, the state capital of Borno State, Nigeria)
233	salla	noun	prayer, salat (principally in Islam)
234	azumi	noun	a fast (especially that of Ramadan)
235	wahala	noun	trouble, problem, difficulty
236	albarka	noun	blessing; abundance, prosperity
237	firamare	noun	primary school
238	asibiti	noun	hospital; clinic
239	dogara	verb	entrust, rely on, trust in
240	sada	verb	to cause to meet, to introduce
241	kaza	noun	chicken, hen
242	baba	noun	father; Used as a term of address for a man of appropriate age to be one's father
243	dabino	noun	date (fruit); date palm
244	hula	noun	cap, hat - especially, the traditional embroidered cap worn by Hausa men
245	miji	noun	husband
246	ibada	noun	worship, service to God
247	soyayya	noun	love, affection, romance
248	teku	noun	ocean, sea
249	jawabi	noun	answer, reply; message
250	alhali	conj	of course, certainly, whereas
251	gado	noun	bed
252	lalle	noun	henna
253	tilas	noun	necessity
254	iko	noun	power, control; authority, jurisdiction
255	tasa	noun	metal bowl or basin
256	gona	noun	farm
257	jagoranci	noun	leadership
258	daura	name	Daura (a city in Katsina State, Nigeria)
259	japan	name	Japan (a country in East Asia)
260	indiya	name	India (a country in South Asia)
261	kallo	noun	looking, watching
262	mustapha	name	a male given name
263	asali	noun	origin, beginning
264	talaka	noun	poor person, pauper
265	zariya	name	Zaria (a city in Nigeria)
266	tsoro	noun	fear
267	bahaushe	noun	Hausa person
268	sauka	verb	to descend, come down
269	nazari	noun	investigation, research
270	wallahi	intj	by God!
271	tsarki	noun	cleanliness, purity, holiness
272	iska	noun	air; wind, breeze
273	shanu	noun	plural of sa; plural of saniya
274	fassara	noun	translation
275	kunya	noun	shame, embarrassment
276	iyali	noun	family
277	mutunci	noun	decency, humaneness
278	komi	noun	canoe, a small boat for one person
279	jamus	name	Germany (a country in Central Europe)
280	talata	name	Tuesday
281	dala	noun	Any of various currencies known as dollars or thalers.
282	zafi	noun	heat
283	hamsin	num	fifty
284	harshe	noun	tongue; tip or tongue of something
285	likita	noun	physician, (medical) doctor
286	bindiga	noun	gun, firearm
287	masallaci	noun	mosque (place of worship for Muslims)
288	asabar	name	Saturday
289	malami	noun	teacher; scholar
290	birni	noun	town, city
291	uba	noun	father; head, leader, patron
292	wallafa	verb	to compose, write
293	legas	name	Lagos (a city in Nigeria)
294	faransa	name	France (a country located primarily in Western Europe)
295	baka	noun	bow; hacksaw
296	kaiwa	noun	A gift requiring a return gift at a later date.
297	sakamako	noun	result, outcome, consequence
298	amana	noun	trust, mutual respect
299	nisa	noun	distance
300	edita	noun	editor (person who edits)
301	turanci	name	English language
302	umaru	name	a male given name
303	jos	name	Jos (a city, the state capital of Plateau State, Nigeria)
304	ingilishi	noun	English language
305	dutse	noun	stone, rock; mountain, hill
306	muddin	conj	as long as, provided that
307	tarbiyya	noun	upbringing, training
308	dage	noun	honey badger
309	ware	verb	to separate things, to set things aside
310	disamba	name	December
311	safe	adv	in the morning
312	shinkafa	noun	rice
313	asiri	noun	secret; charm, magic spell
314	babba	adj	big, large; great, important
315	ashirin	num	twenty
316	nesa	adv	faraway
317	hukunci	noun	verdict, condemnation, sentence
318	yarinya	noun	female equivalent of yārṑ: girl, young woman
319	saudiyya	name	Saudi Arabia (a country in West Asia in the Middle East)
320	kam	noun	firmly, tightly
321	alkawari	noun	promise; reliability
322	satar	noun	possessed form of sātā̀
323	manjo	noun	major (military rank)
324	wanka	noun	bathing
325	minista	noun	governmental minister
326	kaso	noun	prison
327	mamaye	noun	military occupation
328	haruna	name	Aaron (biblical character)
329	oktoba	name	October
330	adabi	noun	literature
331	garkuwa	noun	shield
332	kura	noun	hyena
333	litinin	name	Monday
334	dubban	noun	wine
335	banda	noun	meat or fish dried over a fire
336	sannu	intj	hello; sorry (expression of sympathy)
337	lu	noun	swinging motion
338	shiru	noun	silence
339	alhamis	name	Thursday
340	minti	noun	minute (unit of time)
341	bil	noun	bill, invoice
342	maris	name	March
343	albasa	noun	onion
344	sata	noun	theft, robbery
345	zaki	noun	lion
346	saye	noun	A purchase; buying
347	lahadi	name	Sunday
348	alhamdulillahi	intj	alhamdulillah (praise be to God)
349	ciwo	noun	pain, ache, disease
350	laraba	name	Wednesday
351	bawa	noun	slave
352	manzo	noun	messenger
353	lahira	noun	afterlife, akhirah
354	kogi	noun	river
355	kaka	noun	grandfather, grandmother
356	alama	noun	mark (indication for reference or measurement)
357	aljanna	noun	Paradise, Jannah
358	maraba	intj	welcome!
359	sharhi	noun	commentary
360	malama	noun	feminine of mālàm: Ms./Mrs.
361	nuhu	name	Noah (biblical character)
362	itace	noun	tree; wood, stick
363	gada	noun	bridge
364	kalma	noun	word
365	karuwa	noun	prostitute, whore
366	mohammed	name	a male given name: alternative form of Muhammadu
367	biyayya	noun	obedience, loyalty, allegiance
368	rahama	noun	mercy
369	miki	noun	vulture
370	tallafa	verb	to support, carry (in the palm of the hand)
371	fari	adj	white
372	barka	intj	A general greeting.
373	sati	noun	week
374	talatin	num	thirty
375	gana	name	Ghana (a country in West Africa)
376	aya	noun	verse (usually of the Qur'an)
377	yari	noun	earring
378	zahiri	noun	clearness, obviousness
379	hakki	noun	right, one's due
380	gefen	prep	beside, next to
381	goge	noun	goje (traditional one-stringed fiddle)
382	satumba	name	September
383	yakubu	name	Jacob (biblical character)
384	hoto	noun	photograph
385	kabila	noun	alternative form of ƙàbīlā̀
386	mayu	name	May
387	ganuwa	noun	town wall, rampart
388	takarda	noun	paper
389	kabari	noun	grave, tomb
390	darasi	noun	lesson
391	rasha	name	Russia (a transcontinental country in Eastern Europe and North Asia)
392	halaka	verb	destroy
393	tsawo	noun	height, altitude
394	ƙasa	noun	soil, earth; ground
395	tabo	noun	scar
396	ofis	noun	office
397	titi	noun	street
398	bauta	noun	slavery; worship
399	jirgi	noun	Used in compounds for vehicles other than automobiles.
400	makiyaya	noun	pasture, grazing land
401	yuli	name	July
402	ladan	noun	muezzin
403	nama	noun	meat; wild animal
404	dukiya	noun	wealth, assets
405	ingila	name	England (a constituent country of the United Kingdom)
406	alkali	noun	judge; qadi
407	ɗan	noun	Used to indicate a person's origin, profession, or activity.
408	haihu	verb	to give birth, have a child
409	fanni	noun	genre, type; branch of knowledge
410	asiya	name	Asia (the largest continent, located between Europe and the Pacific Ocean)
411	yuni	name	June
412	hasan	name	a male given name, Hasan, traditionally given to a first-born twin
413	ainun	adv	very much, extremely
414	hamada	noun	desert
415	lauya	noun	lawyer
416	saliyo	name	Sierra Leone (a country in West Africa)
417	hidima	noun	service
418	filato	name	Plateau State (a state of Nigeria)
419	kore	adj	green
420	lissafi	noun	mathematics, arithmetic
421	budurwa	noun	marriageable girl
422	gusau	name	Gusau (a city, the state capital of Zamfara State, Nigeria)
423	zalunci	noun	oppression, tyranny
424	bature	noun	European
425	makka	name	Mecca (a city in Saudi Arabia)
426	hadisi	noun	hadith (saying of the prophet Muhammad)
427	dau	noun	deep
428	nasaba	noun	familial relationship
429	hutu	noun	rest, holiday; passing wind
430	fitina	noun	trouble, quarrelling
431	sulhu	noun	reconciliation, arbitration
432	husaini	name	a male given name, Husayn or Hussein, traditionally given to a second-born twin
433	lada	noun	wages; reward
434	salo	noun	style, fashion, pattern
435	waziri	noun	a traditional title for a ruling official
436	tsakani	noun	interval between two points
437	kwabo	noun	kobo (subdivision of the naira)
438	lamba	noun	sign, distinguishing mark, trademark
439	amina	name	a female given name
440	rinjaye	noun	victory, success
441	gasa	noun	competition, contest
442	kwatsam	noun	suddenly
443	kori	noun	curry
444	sharri	noun	evil, wickedness
445	amarya	noun	bride
446	dauda	name	David (biblical character)
447	giya	noun	native beer; any alcoholic beverage
448	hamayya	noun	rivalry; political opposition
449	zuma	noun	honey; honeybee
450	janairu	name	January
451	riba	noun	bank interest, usury
452	taru	noun	large fishing net
453	birtaniya	name	United Kingdom (a kingdom and country in Northern Europe)
454	tsaka	noun	a kind of gecko
455	ciroma	noun	a traditional title held by the son of an emir
456	haraji	noun	tax
457	karama	noun	generosity; something amazing or wonderful
458	yawanci	noun	majority, most
459	kunne	noun	ear; leaf (of a plant)
460	nuwamba	name	November
461	shata	verb	to mark the outline of a plan or pattern
462	lumana	noun	friendship, goodwill, harmony
463	agusta	name	August
464	tsada	noun	red-billed firefinch, Lagonosticta senegala
465	doki	noun	horse
466	maye	noun	intoxication, drunkenness
467	jika	adv	on the body
468	guba	noun	poison, toxin
469	halilu	name	a male given name, Khalil, from Arabic
470	galibi	noun	majority
471	ti	noun	tea
472	cibiya	noun	navel; umbilical cord
473	kwara	name	Niger (a major river in West Africa that flows into the Gulf of Guinea in Nigeria)
474	kanar	noun	colonel
475	zazzau	name	Zaria (a city in Nigeria) (traditional name, especially in reference to the emirate)
476	inna	noun	mother; maternal aunt
477	nasiha	noun	good advice
478	pakistan	name	Pakistan (a country in South Asia)
479	kujera	noun	chair
480	shuka	noun	plants, crops
481	talla	noun	Hawking goods for sale.
482	balarabe	noun	Arab
483	tsai	noun	still, pensive
484	giwa	noun	elephant
485	zina	noun	adultery, fornication, zina
486	tamanin	num	eighty
487	wando	noun	trousers, pants
488	shawwal	name	Shawwal
489	tuwo	noun	swallow or porridge
490	ladabi	noun	politeness, good manners
491	shekarau	name	a male given name
492	babi	noun	chapter (section of a book)
493	rogo	noun	cassava, Manihot esculenta
494	amirka	name	United States of America (a country in North America)
495	abada	adv	always
496	wakili	noun	representative, agent
497	zunubi	noun	sin
498	alkama	noun	wheat
499	koka	verb	to cry
500	yarima	noun	prince (son or younger brother of an emir)
501	gafara	noun	forgiveness, pardon
502	anta	noun	liver
503	madina	name	Medina (a city in Saudi Arabia)
504	mashi	noun	spear
505	dina	noun	dinner party
506	shayi	noun	tea
507	tsaf	noun	neatly, completely
508	kunkuru	noun	tortoise
509	miya	noun	a kind of sauce or stew made with various meats and vegetables, eaten alongside tuwo
510	kunci	noun	cheek
511	idi	noun	any Muslim holiday
512	kanki	noun	western hartebeest
513	daula	noun	wealth, abundance
514	gabar	noun	east
515	asuba	noun	fajr, the dawn prayer
516	jarrabawa	noun	test, exam
517	siriya	name	Syria (a country in West Asia in the Middle East)
518	sadaka	noun	alms, charity
519	tsere	noun	race, contest
520	kiyama	noun	resurrection (event that will occur on judgement day)
521	rama	noun	hemp, jute
522	bas	noun	bus
523	launi	noun	color
524	sittin	num	sixty
525	tofa	noun	elephant grass, Napier grass
526	magaji	noun	heir
527	dabba	noun	animal
528	shahada	noun	shahada; martyrdom, death in a holy war
529	wada	noun	wealth
530	aboki	noun	friend; counterpart, companion
531	masarauta	noun	seat of government, administrative domain, town where the chief lives
532	liman	noun	imam; The equivalent of an imam in other religions; in Christianity, a pastor or priest.
533	jummai	name	a female given name given to a girl born on a Friday
534	sardauna	noun	a title for a traditional leader in Sokoto, most famously borne by Ahmadu Bello
535	gara	name	Igala people; Igala language
536	gawa	noun	corpse, carcass
537	kifi	noun	fish
538	kurkuku	noun	prison
539	babur	noun	motorcycle
540	wariya	noun	secession, separation, segregation
541	jega	name	Jega (a town in Nigeria)
542	ɗaya	num	one
543	raƙumi	noun	camel
544	cokali	noun	spoon
545	jihadi	noun	jihad (holy war)
546	rijiya	noun	well
547	masara	noun	maize
548	nono	noun	milk; a woman's breast
549	rami	noun	hole, pit; den
550	hijabi	noun	hijab (custom of wearing a veil)
551	rimi	noun	silk-cotton tree, kapok tree
552	dabo	noun	magic trick, sleight of hand
553	goro	noun	kola nuts; A small gift or reward.
554	bagadaza	name	Baghdad (the capital city of Iraq)
555	kasu	verb	to subdivide into
556	afrilu	name	April
557	zara	noun	vacillation (moving from side to side)
558	zinariya	noun	gold
559	fashe	noun	A children's game involving hitting eggs together to try to break the other person's egg
560	mishi	noun	a small stick used for applying mascara
561	walau	noun	showing open palms
562	adadi	noun	number, numeral
563	tsamiya	noun	The tree Dialium guineense (velvet tamarind)
564	tsoho	adj	old (of a person or a thing)
565	masar	name	Egypt (a country in North Africa and West Asia)
566	kakaki	noun	a long metal trumpet, the kakaki
567	tilo	noun	single one; singular
568	faransanci	noun	French language
569	landan	name	London (the capital city of the United Kingdom; the capital city of England)
570	laba	noun	pound (unit of weight)
571	ganye	noun	leaf; cannabis
572	lami	name	a female given name given to a girl born on a Thursday
573	cif	noun	chief (as a title)
574	hawainiya	noun	chameleon
575	asara	noun	alternative form of hàsār̃ā̀
576	dattijo	noun	an older, respected person; gentleman
577	hasara	noun	loss (especially a serious one)
578	hassada	noun	envy
579	falsafa	noun	philosophy
580	rano	name	Rano (a town in Nigeria)
581	bango	noun	wall (of a room)
582	salati	noun	an invocation to God, like the shahada
583	komo	noun	misshapen calabash
584	zakka	noun	religious tithe, zakat
585	masaniya	noun	knowledge
586	izini	noun	permission
587	maraya	noun	city, urban area
588	aibu	noun	fault, blame
589	takobi	noun	sword
590	dawa	noun	sorghum
591	tsauni	noun	hill
592	kofi	noun	cup
593	dubbai	num	plural of dubu
594	tagomashi	noun	popularity
595	coci	noun	church
596	annoba	noun	epidemic, plague
597	girka	noun	initiation of a new practitioner into Hausa animistic religion
598	dogo	adj	long, tall
599	zare	noun	thread, string
600	jaki	noun	donkey
601	makama	noun	handle; reason, excuse
602	fusata	verb	to anger, vex
603	turare	noun	perfume, incense, scent
604	ango	name	a male given name
605	italiya	name	Italy (a country in Southern Europe)
606	awaki	noun	plural of akuya
607	farali	noun	alternative form of fàr̃illā̀
608	tuhuma	noun	suspicion; interrogation
609	sansani	noun	camp, barracks
610	hauwa	name	Eve (biblical character)
611	sunna	noun	sunnah
612	wala	noun	turtledove
613	tsoka	noun	muscle; piece of (lean) meat (other than entrails)
614	fom	noun	form
615	tabbatarwa	noun	confirmation, certification
616	lambu	noun	garden; irrigated farm
617	gero	noun	pearl millet (Pennisetum glaucum)
618	kaita	name	Kaita (a town in Nigeria)
619	ikko	name	Lagos (a city in Nigeria)
620	maina	noun	prince
621	halima	name	a female given name from Arabic
622	waɗannan	pron	these, these ones; plural of wannàn
623	kamala	noun	decency, dignity
624	yusufu	name	Joseph (biblical character)
625	tela	noun	tailor
626	zuriya	noun	progeny, descendant
627	rake	noun	sugarcane
628	tafarnuwa	noun	garlic
629	dandali	noun	town square
630	saniya	noun	cow
631	sarauniya	noun	queen, wife of an emir
632	sashi	noun	district; section
633	keke	noun	bicycle; machine
634	alwala	noun	ablution; wudu
635	basasa	noun	a civil war; (more generally) any destructive war
636	allura	noun	needle; injection
637	almasihu	name	Jesus, the Messiah
638	zaitun	noun	olive; olive tree
639	abdu	name	A short form of any of various male given names starting with Abdu-
640	kwano	noun	metal or enamel bowl or pan
641	albishir	noun	good news, good tidings
642	isha	noun	alternative form of lī̀shā
643	ajami	noun	Ajami (script)
644	azurfa	noun	silver
645	azaba	noun	torture, terrible pain
646	uzuri	noun	excuse
647	ishe	verb	to overtake
648	mama	noun	mother
649	lugga	noun	an arcane or obscure word or expression
650	baiti	noun	stanza
651	haila	noun	menstruation
652	akuya	noun	goat
653	jinsi	noun	sex; gender
654	mafaka	noun	haven, shelter, sanctuary
655	sauti	noun	voice; sound
656	limamai	noun	plural of liman
657	rajab	name	Rajab
658	toka	noun	ashes
659	kaf	noun	stealing everything
660	fatakwal	name	Port Harcourt (a city in Nigeria)
661	citta	noun	ginger root (generic term)
662	fabrairu	name	February
663	hisabi	noun	the reckoning of good and bad deeds on Judgement Day
664	tafarki	noun	road, highway; path, way
665	safa	noun	large, intercity bus
666	kwango	name	Congo; Democratic Republic of the Congo
667	goyo	noun	something or someone carried on the back
668	mujalla	noun	magazine, journal
669	hanta	noun	liver
670	koko	noun	a porridge made from soaked durra flour
671	habasha	name	Ethiopia (a country in East Africa)
672	fitsari	noun	urine
673	warwas	noun	falling flat on one
674	fasali	noun	arrangement, symmetry
675	tuta	noun	flag, banner
676	kazaure	name	Kazaure (a city in Nigeria)
677	nahiya	noun	region, district
678	tafsiri	noun	interpretation or commentary on the Qur'an
679	lale	verb	to shuffle cards
680	nafila	noun	nafl prayer (extra, non-compulsory prayer)
681	idda	noun	iddah (waiting period until a woman can remarry)
682	wali	noun	vizier (a traditional title)
683	zubairu	name	a male given name
684	mugu	adj	bad, evil
685	tsibiri	noun	island
686	kolo	noun	A fixed-pitch drum, similar to the jauje.
687	jimla	noun	sum, total; amount
688	ridda	noun	apostasy
689	bishiya	noun	tree
690	lardi	noun	province, district
691	makabarta	noun	cemetery
692	audu	name	A short form of any of various male given names starting with Abdu-
693	tsuntsu	noun	bird
694	zi	noun	diamonds
695	hamdala	noun	gratitude to God
696	kishiya	noun	co-wife; opposite
697	paris	name	Paris (a city in France)
698	huɗu	num	four
699	kankana	noun	melon, watermelon
700	sukari	noun	sugar
701	jamhuriya	noun	republic
702	mumini	noun	believer in Islam
703	alhaki	noun	guilt, offence; responsibility
704	takum	name	Takum (a town in Nigeria)
705	hafsatu	name	a female given name
706	shinge	noun	fence
707	yalwa	name	a female or male given name
708	banga	noun	A small, bowl-shaped drum, played with fingers.
709	hani	noun	prohibition
710	magariba	noun	maghrib, the sunset prayer
711	kuɗi	noun	money, currency
712	mashin	noun	machine; motorcycle
713	maciji	noun	snake, serpent
714	sakan	noun	second (unit of time)
715	datti	noun	dirt, filth, waste
716	yamai	name	Niamey (a city in Niger)
717	ankara	name	Accra (the capital city of Ghana)
718	takunkumi	noun	muzzle; embargo, economic blockade
719	janaba	noun	ritual impurity
720	kalami	noun	speech (that which is said)
721	muhimmi	adj	important
722	hikaya	noun	story, tale (especially one with a moral)
723	rumfa	noun	shed, shelter, lean-to, market stall
724	jahili	noun	ignoramus, illiterate
725	ramalan	name	Ramadan
726	gaira	noun	minus, lack(ing)
727	auduga	noun	cotton, cotton plant
728	rige	noun	competition, race
729	tanimu	name	a male given name
730	salama	noun	safety, ease
731	gimbiya	noun	princess, daughter of an emir
732	yatsa	noun	finger
733	lafazi	noun	speech, pronunciation
734	fasinja	noun	passenger
735	bori	noun	animistic spirit possession religion
736	halal	noun	any halal act; any act permissible in Islam
737	binta	name	a female given name
738	tambari	noun	royal hemispherical drum
739	kirsimati	name	Christmas
740	huhu	noun	lung
741	agogo	noun	clock, watch
742	diyya	noun	diyya, blood money
743	larura	noun	necessity
744	damagaram	name	synonym of Zàndâr̃: Zinder (a city in Niger)
745	kati	noun	card; playing card
746	kafur	noun	camphor
747	igiya	noun	rope, string; cable
748	alfijir	noun	dawn
749	kafe	verb	to fasten something onto
750	galadima	noun	a councillor or principal minister to an emir, who traditionally sits to his right
751	tsintsiya	noun	broom
752	tauhidi	noun	monotheism, tawhid
753	gaskata	verb	to believe; to verify
754	sujjada	noun	prostration (in prayer)
755	bahasi	noun	investigation; inquiry
756	tubali	noun	brick
757	farce	noun	fingernail
758	wasiyya	noun	will, bequest
759	turba	noun	path, track, lane
760	gobir	name	Gobir (a kingdom in Nigeria)
761	raki	noun	fear, cowardice
762	misira	name	Egypt (a country in North Africa and West Asia)
763	kamin	conj	before
764	kabewa	noun	pumpkin
765	muharram	name	Muharram
766	rahusa	noun	cheapness, inexpensiveness
767	harsashi	noun	bullet; foundation (of a building)
768	maru	name	Maru (a town in Nigeria)
769	aljani	noun	alternative form of àljan
770	mahawara	noun	debate, discussion
771	batta	noun	leather pouch (e.g., for tobacco)
772	ton	noun	ton (unit of weight)
773	siga	noun	form, structure
774	sura	noun	sura
775	kufai	noun	ruin; (site of an) abandoned town
776	ragama	noun	halter
777	hura	verb	to blow on something, to inflate
778	dokta	noun	doctor (used as a title for someone with a doctorate)
779	safar	name	Safar
780	makero	noun	ringworm
781	barau	name	a male given name given to a boy born after many older siblings who died in infancy
782	ungulu	noun	vulture
783	almajiri	noun	student (especially an itinerant student at an Islamic school)
784	gemu	noun	beard
785	ganau	name	a male given name given to a boy born at the new moon
786	jamusanci	noun	German language
787	attajiri	noun	wealthy person
788	asubahi	noun	fajr, the dawn prayer
789	binuwai	name	Benue River; Benue (a state of Nigeria)
790	sharif	noun	Someone of noble descent, who can theoretically trace their ancestry back to Muhammad.
791	rairayi	noun	fine sand or silt
792	arabiyya	noun	Arabic language
793	madubi	noun	mirror; eyeglasses
794	fure	noun	flower, blossom
795	birgediya	noun	brigadier (military rank)
796	hakimi	noun	any leader of a district or holder of a traditional title
797	dambe	noun	a traditional form of boxing
798	tauraro	noun	star; star (a person)
799	makara	noun	bier (usually made of raphia)
800	kwal	noun	coal
801	tsundum	noun	something not too big falling into water
802	muradi	noun	desire, wish
803	mujaddadi	noun	religious reformer
804	ƙarni	noun	century
805	funtuwa	name	Funtua (a town in Nigeria)
806	alatu	noun	luxury item
807	murhu	noun	the cooking stones in a traditional hearth
808	asabe	name	a female given name given to a girl born on a Saturday
809	barno	name	Borno (a state of Nigeria)
810	kurma	noun	deaf person
811	oga	noun	boss, someone in charge
812	linzami	noun	bridle; triangular embroidery of the neck of a gown
813	marhabin	intj	welcome!
814	lasisi	noun	alternative form of lāsìn
815	baffa	noun	paternal uncle
816	yaƙi	noun	war; combat
817	tasi	noun	taxi
818	kumallo	noun	fasting, going hungry; vomiting from hunger
819	ambaliya	noun	overflowing, flooding
820	sham	name	Syria (a country in West Asia in the Middle East)
821	kawu	noun	maternal uncle
822	sadau	name	a male or female given name
823	lalo	noun	jute
824	sahur	noun	suhur (a pre-dawn breakfast during the Ramadan fasting)
825	diflomasiyya	noun	diplomacy
826	abdulhamid	name	a male given name
827	lemo	noun	orange (fruit); soft drink
828	izni	noun	alternative form of izìnī
829	akawu	noun	clerk
830	taliki	noun	creature, being
831	tulu	noun	A water pot with a narrow neck that is shaped like a bottle gourd.
832	safara	noun	itinerant trading
833	samame	noun	surprise attack
834	takalmi	noun	sandal, shoe
835	gwandu	name	Gwandu (a town in Nigeria)
836	romo	noun	broth, soup
837	ca	noun	splattering of boiling fat
838	aske	verb	to shave (usually the head)
839	munafuki	noun	hypocrite
840	abarba	noun	pineapple
841	manja	noun	alternative form of manjò
842	wutsiya	noun	tail
843	hadda	noun	memorization
844	barkono	noun	chili pepper
845	fat	noun	bright white
846	wofi	noun	useless person; emptiness
847	hoda	noun	powder, face powder
848	danga	noun	cornstalk fence
849	tama	noun	iron ore
850	anabi	noun	grape
851	damisa	noun	leopard
852	jibiya	name	Jibia (a town in Nigeria)
853	sara	noun	habit, practice, way, custom
854	birjik	noun	plentiful, abundant, scattered everywhere
855	aduwa	noun	desert date palm (Balanites aegyptiaca)
856	kibiya	noun	arrow
857	maitama	name	a male given name
858	molo	noun	A three-stringed lute, sintir
859	shirka	noun	partnership; polytheism, idolatry, shirk
860	ri	noun	people or animals moving as a group
861	dankali	noun	a potato, especially a sweet potato
862	zikiri	noun	dhikr
863	kwamanda	noun	commander
864	kanti	noun	shop, store
865	mazauni	noun	seat, dwelling-place
866	ice	noun	wood; tree
867	tabarma	noun	mat (for sitting or sleeping)
868	lacca	noun	lecture
869	duma	noun	calabash, gourd (Lagenaria siceraria)
870	zinari	noun	gold
871	fes	noun	very clean
872	nas	noun	nurse
873	kafiri	noun	unbeliever, infidel, kafir
874	bici	name	Bichi (a town in Nigeria)
875	farilla	noun	fard (religious duty)
876	maigari	name	a male given name
877	danda	noun	piebald horse
878	maiwada	name	a male given name
879	ƙaddara	noun	fate, destiny
880	harafi	noun	letter (of the alphabet)
881	talle	noun	A small soup pot.
882	musawa	name	Musawa (a town in Nigeria)
883	azahar	noun	dhuhr, the noon prayer
884	wal	noun	sudden flash of light
885	amo	noun	sound; noise
886	jatau	name	a male given name given to a boy with light skin
887	wudil	name	Wudil (a town in Nigeria)
888	jaka	noun	bag; 1000 francs.
889	hama	noun	hammer
890	alade	noun	pig
891	fura	noun	Balls of cooked millet in cultured milk.
892	duna	noun	very black person or thing
893	sanka	noun	bunch of tobacco leaves
894	ishara	noun	sign, signal
895	baƙi	adj	black, dark
896	murza	noun	massage
897	yis	noun	yeast
898	gwangwani	noun	small tin
899	akwati	noun	box, crate
900	randa	noun	A large pot for water storage.
901	alaramma	noun	hafiz (someone who has memorized the entire Quran)
902	buta	noun	jug or ewer for holding water
903	zamba	noun	fraud, deceit
904	bahar	noun	sea
905	aibi	noun	alternative form of aibù
906	tsit	noun	hushed, in silence
907	mujiya	noun	owl
908	sansan	noun	census
909	kilishi	noun	kilishi
910	ƙanƙara	noun	ice, snow, hail
911	fasfo	noun	passport
912	bora	noun	less-favored wife, wife who is not her husband's favorite
913	suya	noun	suya (kebab)
914	kanumfari	noun	cloves
915	tebur	noun	table, desk
916	shadda	noun	cotton brocade
917	garki	name	Garki (a town in Nigeria)
918	siket	noun	skirt
919	tausa	noun	massage
920	lula	verb	to flee, to go far away
921	ɗari	num	hundred
922	kango	noun	A deserted or dilapidated building.
923	tsutsa	noun	worm
924	talatu	name	a female given name given to a girl born on a Tuesday
925	tusa	noun	fart
926	tantabara	noun	pigeon, turtle dove
927	ayaba	noun	banana
928	abeokuta	name	Abeokuta (the largest city and state capital of Ogun State, Nigeria)
929	iblis	noun	Satan
930	tafki	noun	lake, pond
931	tsokana	noun	provocation
932	tim	noun	sports team
933	hamidu	name	a male given name
934	gum	noun	smelling bad
935	gadara	noun	haughtiness brought on by wealth
936	barewa	noun	dorcas gazelle
937	zomo	noun	hare
938	basakkwace	noun	someone from Sokoto
939	yunan	name	Greece (a country in Southeastern Europe)
940	mizani	noun	scales, balance
941	ungozoma	noun	midwife
942	amini	noun	faithful friend
943	alkyabba	noun	a kind of burnoose which signifies authority
944	anini	noun	button; stars or ribbons worn by a military officer
945	ladi	name	a female given name given to a girl born on a Sunday
946	fitila	noun	lamp, light (electronic device)
947	ringim	name	Ringim (a town in Nigeria)
948	dauro	noun	a long-season, photoperiod sensitive variety of pearl millet
949	waliyyi	noun	saint, holy man
950	cibi	noun	spoon
951	gatari	noun	ax(e)
952	tattasai	noun	large red peppers; (in particular, Capsicum annuum)
953	taga	noun	window
954	balaraba	name	a female given name given to a girl born on a Wednesday
955	farisa	name	Persia
956	kyaftin	noun	captain (military rank)
957	kissa	noun	intrigue, underhand dealing, any deceitful means to accomplishing something
958	yalo	adj	yellow
959	gandu	noun	large farm, usually worked by a single family
960	saratu	name	Sarah (biblical character)
961	shehi	noun	alternative form of shaihī̀
962	shaci	noun	mark, trace, zone
963	bal	noun	ball
964	sakarai	noun	a useless person
965	giginya	noun	deleb palm (Borassus aethiopum)
966	daddawa	noun	sumbala, a condiment made from the seeds of Parkia biglobosa (African locust bean)
967	basukur	noun	bicycle
968	ruhu	noun	spirit, soul
969	balas	noun	balance; payment due for work done
970	sumul	noun	very healthy
971	azzakari	noun	penis
972	dinya	noun	Knob-billed duck
973	katagum	name	Katagum (a town in Nigeria)
974	omo	noun	detergent, soap powder
975	umra	noun	umrah (a minor hajj, a lesser pilgrimage to Mecca, other than at the time of the hajj)
976	shirwa	noun	hawk, specifically the black kite
977	akala	noun	rope used to lead a camel
978	mowa	noun	favorite wife
979	laya	noun	a charm or talisman made of verses from the Qur'an
980	rimaye	noun	plural of rimi
981	funkaso	noun	a dish composed of wheat flour that is soaked and then fried
982	aƙalla	adv	at least
983	inabi	noun	grape
984	gwal	noun	gold
985	sarka	noun	alternative form of sàlkā
986	masauki	noun	place for lodging, overnight quarters
987	kunama	noun	scorpion
988	igwa	noun	canon, artillery
989	algaita	noun	a double reed wind instrument, the algaita
990	kuge	noun	A pair of metal bells joined together and beaten with a small horn.
991	badun	name	Ibadan (a city in Nigeria)
992	sista	noun	nurse; nun
993	rawaya	noun	Cochlospermum tinctorium, a medicinal plant from which a yellow dye is extracted
994	ƙaura	noun	migration
995	isiyaku	name	Isaac (biblical character)
996	limam	noun	imam; The equivalent of an imam in other religions; in Christianity, a pastor or priest.
997	kindirmo	noun	a kind of sour yogurt
998	alif	num	thousand (principally used in dates)
999	zau	noun	very hot; very sweet
1000	taswira	noun	map
1001	nakiya	noun	explosives
1002	kaca	noun	bicycle chain
1003	zulhajji	name	Dhu al-Hijjah
1004	kwala	noun	collar
1005	alli	noun	calcium; chalk
1006	samanja	noun	sergeant major (military rank)
1007	gitta	noun	small axe/ax
1008	gunki	noun	idol, statue, fetish
1009	boka	noun	herbalist, traditional healer
1010	hazo	noun	haze, mist; poor vision
1011	akure	name	Akure (the largest city and state capital of Ondo State, Nigeria)
1012	maiwa	noun	a long-season, photoperiod sensitive variety of pearl millet
1013	shifta	noun	dictation
1014	ganima	noun	booty, loot
1015	gam	noun	glue, paste
1016	murjani	noun	red coral
1017	almajiranci	noun	A system of Islamic education practiced in northern Nigeria by the almajiris.
1018	miskini	noun	pauper, poor person
1019	jadawali	noun	multiplication table
1020	sadaki	noun	bride price
1021	mumbari	noun	minbar, pulpit
1022	sarara	noun	walking aimlessly
1023	maroko	name	Morocco (a country in North Africa)
1024	kofur	noun	corporal (military rank)
1025	kurmi	noun	forest, jungle
1026	kukuma	noun	A type of one-stringed fiddle.
1027	ɗa	noun	son; free person
1028	manhaja	noun	syllabus
1029	sito	noun	storeroom
1030	fanke	noun	a type of fried wheat cake
1031	hasafi	noun	small gift
1032	rawani	noun	turban
1033	makiyayi	noun	herder, shepherd
1034	istihara	noun	istikhara (prayer seeking guidance from God)
1035	alfadari	noun	mule
1036	tasku	noun	cruelty, oppression
1037	guna	noun	tsamma (a bitter melon, Citrullus lanatus)
1038	attaura	name	Torah, Pentateuch
1039	kos	noun	trump card
1040	sila	noun	cause
1041	akushi	noun	a type of blackened wooden bowl
1042	kifa	verb	to turn upside down
1043	nim	noun	neem tree
1044	hutsu	adj	cranky, cantankerous
1045	buƙata	verb	to need, require
1046	albarushi	noun	gunpowder
1047	zarto	noun	saw (tool); energetic person
1048	laima	noun	tent; umbrella
1049	kurwa	noun	soul
1050	tunku	noun	mongoose
1051	cali	noun	mesh bag; a person full of excuses
1052	alawa	noun	halva or similar candy
1053	ajali	noun	deadline, span of time
1054	sum	noun	smelling bad
1055	haji	noun	hajj (pilgrimage to Mecca)
1056	ayari	noun	caravan; a group of people going in the same direction
1057	haɗari	noun	danger; accident, disaster
1058	haddi	noun	limit; A fixed punishment for violating Islamic law.
1059	altine	name	a female given name given to a girl born on a Monday
1060	mushe	noun	mister, Mr.
1061	muhammadiyya	noun	Islamic studies, the teachings of Muhammad
1062	gusa	verb	to move aside
1063	kwaram	noun	suddenly
1064	ƙafa	noun	foot, leg; foot (unit of length)
1065	dogarai	noun	plural of dṑgarī̀
1066	ƙauye	noun	village
1067	tatul	noun	full with drink
1068	kaidi	noun	limit, restriction
1069	bado	noun	water lily
1070	taska	noun	personal room of the head of the household
1071	satifiket	noun	certificate
1072	lakwaja	name	Lokoja (a city in Nigeria)
1073	ƙashi	noun	bone; plot (of a story)
1074	bosniya	name	Bosnia; Bosnia (a country in southeastern Europe; in full, Bosnia and Herzegovina)
1075	akara	noun	a deep-fried bean cake
1076	soso	noun	loofah, sponge
1077	kyanwa	noun	cat
1078	mariri	noun	scimitar-horned oryx
1079	daftari	noun	notebook, ledger
1080	tire	noun	tray
1081	maigado	name	a female given name
1082	soba	name	Soba (a local government area of Nigeria)
1083	usaina	name	alternative form of Husàinā
1084	tauna	verb	to chew
1085	acca	noun	acha, fonio (Digitaria exilis)
1086	gajere	adj	short
1087	tutu	noun	poop
1088	nahawu	noun	grammar
1089	dogari	noun	bodyguard of an emir
1090	katifa	noun	mattress
1091	jimina	noun	ostrich
1092	aidin	noun	iodine
1093	kanne	verb	to close one eye, to wink
1094	adabo	intj	goodbye
1095	faruku	name	a male given name
1096	alabo	noun	yam; cassava flour
1097	silin	noun	ceiling
1098	gagarau	name	a male given name
1099	mashahuri	adj	famous
1100	gulbi	noun	river, stream
1101	fam	noun	pound (currency used in the UK, obsolete in Nigeria)
1102	gwaiba	noun	alternative form of gōbā̀
1103	maya	noun	weevil
1104	taguwa	noun	a kind of gown worn by men
1105	saiwa	noun	root
1106	ladani	noun	muezzin
1107	eka	noun	acre
1108	garwashi	noun	embers
1109	ƙabila	noun	tribe, ethnolinguistic group
1110	gula	noun	a kind of drumstick with a large head (for beating drums)
1111	sage	verb	to become stiff or paralyzed
1112	tuntu	noun	A tassel or knob on top of a cap or gown.
1113	tanti	noun	tent, small tarpaulin
1114	gwanda	noun	papaya
1115	reza	noun	razorblade
1116	santi	noun	gauche or socially inappropriate behavior, especially at a meal
1117	gurasa	noun	A kind of bread, similar to pita.
1118	darma	noun	lead, tin
1119	tsigi	noun	various birds called warblers or larks
1120	mafari	noun	origin, beginning
1121	tozali	noun	antimony
1122	bafilatani	noun	Fula (person)
1123	cadi	name	Chad (a country in Central Africa)
1124	amalanke	noun	two-wheeled pushcart
1125	alkarya	noun	unwalled town
1126	haɓe	noun	Hausa people, as opposed to the Fulani
1127	aradu	noun	thunder; thunderclap or lightning bolt
1128	jahun	name	Jahun (a town in Nigeria)
1129	latsa	verb	to squeeze, to squash
1130	shuri	noun	termite mound
1131	kasko	noun	small, earthenware bowl
1132	fis	noun	fuse
1133	yayyafi	noun	drizzle, light rain
1134	diga	noun	pickaxe
1135	ashana	noun	match (device to make fire)
1136	kaciya	noun	circumcision
1137	maryamu	name	Miriam (biblical character)
1138	bargo	noun	blanket
1139	garu	noun	wall around a settlement or compound
1140	sakiya	noun	amendment, alteration
1141	mahalli	noun	context, place (where something belongs)
1142	wanwar	noun	falling flat on one
1143	caka	noun	clubs
1144	gunda	noun	young fruit, especially pumpkin
1145	kurna	noun	thorn tree
1146	jidali	noun	struggle, trouble, dispute
1147	kife	verb	to turn something over
1148	rumbu	noun	granary; storage facility
1149	bisimilla	intj	Used to invite someone to eat or do something.
1150	kadari	noun	value, price
1151	biza	noun	visa
1152	ayu	noun	manatee, (in particular) the African manatee
1153	matuƙa	noun	limit, utmost extreme
1154	ƙanana	adj	plural of ƙànƙanḕ and ƙàramī
1155	magini	noun	builder; mason
1156	bel	noun	belt; seatbelt
1157	dahir	noun	reality, truth
1158	ciyawa	noun	grass
1159	faɗa	verb	to tell, say
1160	tabarau	noun	eyeglasses
1161	ƴan	noun	Niger standard spelling of 'yan
1162	guru	noun	A large leather belt, usually containing charms.
1163	addaba	noun	harassment, annoyance
1164	tunau	name	a male given name
1165	zik	noun	zipper, zip fastener
1166	hole	verb	to relax, to enjoy oneself
1167	fula	noun	hat, fez
1168	sahihi	adj	real, authentic
1169	bajau	noun	A cloth which card players play on.
1170	tsatsa	noun	rust
1171	shaihi	noun	A great scholar or erudite person, especially in a Sufi order.
1172	asham	noun	tarawih (extra prayers at night during Ramadan)
1173	wasali	noun	vowel
1174	sharifi	noun	Someone of noble descent, who can theoretically trace their ancestry back to Muhammad.
1175	makwanci	noun	sleeping place; graveyards, cemeteries
1176	husufi	noun	eclipse (solar or lunar)
1177	duri	noun	vagina
1178	sallau	name	a male given name
1179	makari	noun	antidote
1180	gwaza	noun	taro, old cocoyam (Colocasia esculenta)
1181	tubarkalla	intj	bravo, praise God!
1182	ibilis	noun	alternative form of ìblîs
1183	tozo	noun	hump (of an animal)
1184	hakkan	adv	truly, surely
1185	ulu	noun	wool; wool thread
1186	mulukiya	noun	monarchy
1187	tukuf	noun	very old
1188	alhudahuda	noun	hoopoe
