word	sentence	translation	difficulty_rank
tū	Et tū?	You as well?	8
est	Est quod est.	It is what it is.	18
sum	Sum ego.	That's me.	22
sum	Ego sum.	It's me.	22
sum	Ego sum ego.	I am me.	22
quis	Quis sum?	Who am I?	27
quis	Quis sum ego?	Who am I?	27
quis	Quis hic?	Who's this?	27
hic	Quis hic?	Who's this?	27
est	Quis est hic?	Who is this?	27
hic	Quis est hic?	Who is this?	27
est	Quis est ille?	Who is that?	27
hic	Etiam hīc sum.	I'm here again.	41
quoque	Ego quoque.	Me, too.	75
nunc	Et nunc?	And now?	87
nunc	Hīc et nunc.	Here and now.	87
nunc	Ī nunc.	Go now.	87
nōn	Nōn hodiē!	Not today!	93
ita	Ita est.	That's it.	100
ita	Semper ita est?	Is it always this way?	100
intellegō	Bene; intellegō.	Right; I understand.	145
bene	Bene; intellegō.	Right; I understand.	145
puer	Puer sum.	I am a boy.	149
puer	Ubi puer est?	Where is the boy?	149
puer	Ego puer sum.	I am a boy.	149
pater	Ubi est pater tuus?	Where is your father?	151
pater	Ubi pater meus est?	Where is my dad?	151
pater	Ille pater noster est.	That is our father.	151
quoque	Ego quoque pater sum.	I'm a father, too.	151
quoque	Pater quoque sum.	I'm a father, too.	151
iam	Ubi pater tuus iam est?	Where's your father right now?	151
deus	Ubi est nunc deus tuus?	Where is your God now?	153
dominus	Quis est dominus tuus?	Who's your master?	154
nōn	Nōn sum servus tuus.	I'm not your slave.	155
servus	Nōn sum servus tuus.	I'm not your slave.	155
servus	Servus sum.	I'm a slave.	155
servus	Tuus sum servus.	I am your servant.	155
aqua	Aqua est.	It's water.	162
liber	Liber meus est. Ubi est tuus?	This book is mine. Where is yours?	181
quālis	Quālis est liber?	What sort of book is it?	181
bonus	Pater est bonus.	Father is a good person.	203
bonus	Quis bonus est?	Which one is good?	203
bonus	Deus bonus est.	God is good.	203
magnus	Liber magnus est.	The book is big.	205
magnus	Deus magnus est.	God is great.	205
magnus	Quam magnus est!	How big he is!	205
parvus	Hic liber parvus est.	This book is small.	206
parvus	Parvus liber est.	This is a small book.	206
parvus	Liber parvus est.	The book is small.	206
quam	Hic liber est tam parvus quam ille.	This book is as small as that one.	206
tam	Hic liber est tam parvus quam ille.	This book is as small as that one.	206
altus	Alter est altus, alter parvus.	One is tall and the other is short.	209
alter	Alter est altus, alter parvus.	One is tall and the other is short.	209
novus	Alter novus, alter vetus est.	One is new, the other is old.	211
vetus	Alter novus, alter vetus est.	One is new, the other is old.	211
alter	Alter novus, alter vetus est.	One is new, the other is old.	211
pulcher	Quam pulcher est!	How beautiful!	213
pulcher	Hic locus pulcher est.	This place is beautiful.	213
locus	Hic locus pulcher est.	This place is beautiful.	213
pulcher	Locus pulcher est.	The place is beautiful.	213
locus	Locus pulcher est.	The place is beautiful.	213
gravis	Hic liber gravis est.	This book is heavy.	223
gravis	Gravis sum.	I'm being serious.	223
levis	Levis est.	He is light.	224
sacer	Hic locus sacer est.	This place is sacred.	228
locus	Hic locus sacer est.	This place is sacred.	228
vacuus	Hic vacuus est.	This one is empty.	232
calidus	Quam calidus est?	How hot is it?	237
ignis	Ignis calidus est.	Fire is hot.	237
calidus	Ignis calidus est.	Fire is hot.	237
albus	Alter est ruber, alter albus.	One is red and the other is white.	241
ruber	Alter est ruber, alter albus.	One is red and the other is white.	241
sanguis	Sanguis tuus ruber est.	Your blood is red.	255
sanguis	Sanguis ruber est.	Blood is red.	255
animal	Animal est.	He's an animal.	258
animal	Animal sum.	I'm an animal.	258
canis	Canis tuus est. Ubi est meus?	This dog is yours. Where is mine?	259
celer	Canis meus celer est.	My dog is fast.	259
equus	Equus meus est.	This is my horse.	260
equus	Equus est.	This is a horse.	260
animal	Equus animal est.	A horse is an animal.	260
equus	Equus animal est.	A horse is an animal.	260
niger	Equus meus niger est.	My horse is black.	260
piscis	Hic piscis magnus est.	This fish is big.	263
piscis	Piscis sum.	I'm a fish.	263
piscis	Piscis parvus est.	The fish is small.	263
lupus	Lupus sum.	I'm a wolf.	265
gravis	Lapis gravis est.	The stone is heavy.	272
lapis	Lapis gravis est.	The stone is heavy.	272
amor	Amor tuus est falsus.	Your love is fake.	299
falsus	Amor tuus est falsus.	Your love is fake.	299
falsus	Falsus est amor tuus.	Your love is fake.	299
amor	Falsus est amor tuus.	Your love is fake.	299
vīnum	Vīnum bibō.	I drink wine.	318
bibō	Vīnum bibō.	I drink wine.	318
nōn	Nōn licet.	It's not allowed.	340
nihil	Nihil sum.	I am nothing.	369
nimis	Nimis parvus est.	He is too small.	373
nimis	Nimis tardus est.	He's too slow.	373
nimis	Nimis tardus sum.	I'm too slow.	373
loquor	Nimis loquor.	I talk too much.	410
portus	Ubi est portus?	Where is the harbour?	434
magister	Magister sum.	I am a teacher.	453
magister	Pater meus magister est.	My father is a teacher.	453
magister	Quis magister tuus est?	Who is your teacher?	453
numerus	"""Centum"" quoque numerus est."	One hundred is also a number.	521
arma	Ad arma!	To arms!	525
gladius	Ubi est gladius tuus?	Where is your sword?	526
tempus	Tempus fugit.	Time flies.	19999
nihil	Post mortem nihil est.	After death there is nothing.	19999
lupus	Lupus in fābulā.	Speak of the devil and he is sure to appear.	19999
nihil	Ex nihilō nihil.	Nothing comes from nothing.	19999
ex	Ex nihilō nihil.	Nothing comes from nothing.	19999
manus	Lavō manūs.	I wash my hands.	19999
nox	Nox appetit.	Night draws nigh.	19999
sed	Magister nōn est, sed discipulus est.	He is not a teacher but a student.	19999
discipulus	Magister nōn est, sed discipulus est.	He is not a teacher but a student.	19999
ut	Ut valēs?	How are you doing?	19999
in	Pater meus in hortō est.	My father's in the garden.	19999
exitus	Exitus nōn est.	There is no escape.	19999
super	Liber super mēnsam est.	There is a book on the table.	19999
sub	Canis sub mēnsā est.	There is a dog under the table.	19999
caelum	Caelum caeruleum est.	The sky is blue.	19999
aqua	Aqua ūmida est.	Water is wet.	19999
manus	Manūs lavant.	They wash their hands.	19999
male	Hic piscis male olet.	This fish smells bad.	19999
male	Piscis male olet.	The fish smells bad.	19999
ut	Ut pater tuus valet?	How is your dad?	19999
prope	Domus eius prope mare est.	Her house is near the sea.	19999
mare	Domus eius prope mare est.	Her house is near the sea.	19999
domus	Domus eius prope mare est.	Her house is near the sea.	19999
celer	Equus fuscus celer est.	The brown horse is fast.	19999
fenestra	Fenestra aperta est.	The window is open.	19999
ante	Hortus ante domum est.	The garden is in front of the house.	19999
ante	Ante iānuam est.	He is in front of the door.	19999
ante	Ante monumentum est.	It is in front of the monument.	19999
sub	Sub sellā est.	It is under the chair.	19999
procul	Equus procul ā domō est.	The horse is far from the house.	19999
habeō	Diplōma habeō.	I have my passport.	19999
volō	Emere volō.	I want to buy.	19999
possum	Natāre possum.	I'm able to swim.	19999
valeō	Sine tē nōn valeō.	Without you, I am not well.	19999
sine	Sine tē nōn valeō.	Without you, I am not well.	19999
caelum	Caelum nūbilum est.	It's cloudy.	19999
herba	Herba viridis in agrō est.	There is green grass on the field.	19999
possum	Loquī possum.	I'm able to speak.	19999
manus	Lāvistīne manūs?	Did you wash your hands?	19999
valeō	Sī valēs, valeō.	If you are strong, I am strong.	19999
sed	Hic liber bonus est, sed ille melior est.	This is a good book, but that one is better.	19999
possum	Nōn possum.	I can't.	19999
aqua	Estne aqua?	Is there water?	19999
vacuus	Saccus meus vacuus est.	My bag is empty.	19999
mox	Mox pluet.	It is going to rain soon.	19999
caelum	Caelum clārum est.	The sky is clear.	19999
cum	Cum Didymō loquor.	I am talking with Tom.	19999
loquor	Cum Didymō loquor.	I am talking with Tom.	19999
ut	Ut valētis?	How are you all?	19999
super	Canis super sellam est.	The dog is on the chair.	19999
terra	Cārissima est terra.	The most expensive thing is land.	19999
tempus	Tempus est īre.	It's time to go.	19999
quandō	Quandō advēnistī?	When did you arrive?	19999
altus	Quam altus ille lacus est?	How deep is that lake?	19999
ventus	Ventus flat.	The wind is blowing.	19999
silva	In silvā ā viā aberrāvī.	I lost my way in the woods.	19999
terra	In Terrā habitāmus.	We live on the earth.	19999
vērus	Vērus est, is dīves est, sed avārus est.	It is true he is rich, but he is a miser.	19999
dīves	Vērus est, is dīves est, sed avārus est.	It is true he is rich, but he is a miser.	19999
terra	Terra rotat.	The earth rotates.	19999
oppidum	Oppidum pulchrum est.	The town is beautiful.	19999
ventus	Ventus spīrat.	The wind is blowing.	19999
sine	Sine tē nihil sum.	Without you, I am nothing.	19999
sententia	Ubi sententia mea est?	Where is my sentence?	19999
soror	Ubi soror tua est?	Where is your sister?	19999
longus	Quam longus hic pōns est?	How long is this bridge?	19999
carmen	Carmen ā puellā scrīptum est.	The poem was written by a girl.	19999
niger	Estne equus niger?	Is the horse black?	19999
causa	Hīc negōtiī causā sum.	I am here on business.	19999
soror	Soror tua sum.	I'm your sister.	19999
niger	Nōnne niger est?	Is it not black?	19999
causa	Quae est causa?	What's the cause?	19999
scientia	Ex lūnā, scientia.	From the Moon, knowledge.	19999
ex	Ex lūnā, scientia.	From the Moon, knowledge.	19999
scientia	Ex astrīs, scientia.	From the stars, knowledge.	19999
ex	Ex astrīs, scientia.	From the stars, knowledge.	19999
male	Male olet.	It smells bad.	19999
vester	Ecce liber vester.	Here is your book.	19999
edō	Pānem edō.	I eat bread.	19999
nisi	Nisi nunc, quandō igitur?	If not now, then when?	19999
nēmō	nēmō in viā vidēbātur.	No one was to be seen in the street.	19999
proelium	proelium ad flūmen pugnātum est.	The battle was fought by the river.	19999
flūmen	proelium ad flūmen pugnātum est.	The battle was fought by the river.	19999
ad	proelium ad flūmen pugnātum est.	The battle was fought by the river.	19999
discō	Sēricē discō.	I'm learning Chinese.	19999
urbs	Est urbs pulchra.	It is a beautiful city.	19999
dux	Quis est dux gregis?	Who is the group leader?	19999
stella	Sōl est stēlla.	The sun is a star.	19999
avis	Avis in caelo est.	The bird is in the sky.	19999
causa	Deus est omnium causa.	God is the cause of all things.	19999
nisi	Nisi nunc, quandō?	If not now, when?	19999
verbum	Domus verbum facile est.	House is an easy word.	19999
mox	Mox reveniam.	I'll come back soon.	19999
mors	Amor potentior est quam mors.	Love is more powerful than death.	19999
lectus	Lectus meus commodior est quam tuus.	My bed is more comfortable than yours.	19999
minus	Minus intelligēns est quam ego.	He is less intelligent than me.	19999
minus	Minus sevērus est quam magister noster.	He is less strict than our teacher.	19999
tam	Nihil tam pretiōsum quam amor.	Nothing is as precious as love.	19999
tam	Tam prōcērus est quam pater.	He is as tall as his father.	19999
atque	Hic liber est aequē parvus atque ille.	This book is as small as that one.	19999
ignis	Ignis perīculōsissimus est.	Fire is very dangerous.	19999
urbs	Urbs relicta est.	The city was abandoned.	19999
quandō	Quandō coepistī?	When did you start?	19999
rēgīna	Rēgīna pīrātārum est.	She's the pirate queen.	19999
nēmō	Nēmō rīsit.	No one laughed.	19999
sanguis	Erat sanguis.	There was blood.	19999
leō	Leō fremit.	The lion is roaring.	19999
iterum	Turba iterum fremuit.	The crowd roared again.	19999
lūna	Lūna lūcet.	The moon is shining.	19999
sōl	Sōl lūcēbat.	The sun was shining.	19999
praemium	Praemium accēpit.	She received the prize.	19999
decem	Sex et quattuor sunt decem.	Six and four are ten.	19999
sex	Sex et quattuor sunt decem.	Six and four are ten.	19999
quattuor	Sex et quattuor sunt decem.	Six and four are ten.	19999
animus	Animus immortālis est.	The soul is immortal.	19999
lupus	Lupus ululat.	The wolf howls.	19999
nēmō	Nēmō rīdet.	No one is laughing.	19999
cūr	Cūr tibi crēdō?	Why do I believe you?	19999
crēdō	Cūr tibi crēdō?	Why do I believe you?	19999
cūr	Cūr vōbīs crēdō?	Why do I believe you?	19999
crēdō	Cūr vōbīs crēdō?	Why do I believe you?	19999
vīs	Quot vīs?	How many do you want?	19999
cūr	Cūr nōs dēcēpistī?	Why have you deceived us?	19999
sententia	In sententiā manēbō.	I won't change my mind.	19999
mors	Amor fortior est quam mors.	Love is stronger than death.	19999
facilis	Labor meus nōn tam facilis est quam tuus.	My work is not as easy as yours.	19999
labor	Labor meus nōn tam facilis est quam tuus.	My work is not as easy as yours.	19999
mox	Mox discēdam.	I will depart soon.	19999
autem	Equus tuus celer est, meus autem celerior.	Your horse is fast, but mine is faster.	19999
difficilis	Labor tuus nōn tam difficilis est quam meus.	Your work is not as difficult as mine.	19999
labor	Labor tuus nōn tam difficilis est quam meus.	Your work is not as difficult as mine.	19999
avis	Avis vulnerāta est.	The bird was injured.	19999
ventus	Furit ventus.	The wind is raging.	19999
nox	Media nox est.	It's midnight.	19999
nox	Nox frīgida est.	The night is cold.	19999
anima	Anima immortālis est.	The soul is immortal.	19999
iterum	Iterum ningit.	It's snowing again.	19999
quandō	Quandō vēnistī?	When did you come?	19999
diēs	hodiē est prīmus diēs vēris.	Today is the first day of spring.	19999
hodiē	hodiē est prīmus diēs vēris.	Today is the first day of spring.	19999
prīmus	hodiē est prīmus diēs vēris.	Today is the first day of spring.	19999
diēs	hodiē est prīmus diēs autumnī.	Today is the first day of fall.	19999
hodiē	hodiē est prīmus diēs autumnī.	Today is the first day of fall.	19999
prīmus	hodiē est prīmus diēs autumnī.	Today is the first day of fall.	19999
timeō	Timeō cadere.	I'm afraid to fall.	19999
timeō	Terraemōtūs timeō.	I'm afraid of earthquakes.	19999
habeō	Equum habeō.	I have a horse.	19999
cum	Cum praepositō loquor.	I'm speaking with the director.	19999
iterum	Fac iterum.	Do it again.	19999
initium	Bonum initium est.	It's a good start.	19999
mulier	Mulier legit.	The woman reads.	19999
modus	Est modus in rēbus.	Moderation in all things.	19999
urbs	Urbs pulchra est.	The city is beautiful.	19999
domina	Domina est soror mihi.	The lady is my sister.	19999
scelus	Diffāmātiō scelus est.	Slander is a crime.	19999
parum	Id parum est.	That is not a lot.	19999
quidem	Sānē quidem.	Yes.	19999
quidem	Nōn quidem.	No.	19999
mālum	Mālum lavabis.	You will wash the apple.	19999
exitus	Bellī exitus incertus.	The outcome of war is uncertain.	19999
nix	Nix est alba.	The snow is white.	19999
ager	Hic ager numquam arātus est.	This field has never been plowed.	19999
numquam	Hic ager numquam arātus est.	This field has never been plowed.	19999
super	Liber est super mēnsam.	The book is on the table.	19999
nisi	Nihil nisi amīcus sum.	I'm just a friend.	19999
mālum	Mālum lavabo.	I'll wash the apple.	19999
modus	Lingua modus est commūnicātiōnis.	Language is a means of communication.	19999
lingua	Lingua modus est commūnicātiōnis.	Language is a means of communication.	19999
verbum	"""Quod verbum?"" Quaerēbam."	"""Which word?"" I asked."	19999
stella	Sōl stella est.	The sun is a star.	19999
sententia	Sententiā dēstitī.	My opinion has changed.	19999
quālis	Quālis est lūdus?	What sort of play is it?	19999
quālis	Quālis domus tibi est?	What sort of house do you have?	19999
nōs	Cūr nōn apud nōs mānsistī?	Why didn't you stay with us?	19999
apud	Cūr nōn apud nōs mānsistī?	Why didn't you stay with us?	19999
verbum	Carmen ad verbum didicit.	He learned the poem by heart.	19999
lingua	Lingua Graeca difficilis est.	The Greek language is difficult.	19999
vacuus	Saccus vacuus est.	The bag is empty.	19999
mālum	Ecce mālum.	Here is an apple.	19999
imperium	Ubi est imperium Rōmānum?	Where is the Roman Empire?	19999
paene	Paene complētum est.	It's almost over.	19999
oppidum	Oppidum parvum est.	The city is small.	19999
oppidum	Oppidum magnum est.	The city is big.	19999
os	Lupus os ēdit.	The wolf ate the bone.	19999
virtūs	Passiō virtūs nōn est.	Suffering is not a virtue.	19999
paene	Paene captus sum.	I almost got caught.	19999
mulier	Mulier es.	You are a woman.	19999
amīcus	Amīcus meus nōn es.	You're not my friend.	19999
mulier	Mulier pulchra est.	She's a beautiful woman.	19999
os	Opprime ōs.	Shut your mouth.	19999
per	Per vim!	By force!	19999
frāter	Ūnus frāter mihi est.	I have one brother.	19999
tandem	Iam intellegisne tandem?	Do you finally understand?	19999
tandem	Tenēsne tandem?	Do you finally understand?	19999
dolor	Dolor abiit.	The pain has gone.	19999
legō	Legō ut discam.	I read in order to learn.	19999
legō	Legō ad discendum.	I read in order to learn.	19999
volō	Dīves fierī volō.	I want to become rich.	19999
volō	Homō dīves fierī volō.	I want to become a rich person.	19999
amō	Canere amō.	I love singing.	19999
nesciō	Canere nesciō.	I can't sing.	19999
hōra	Venit hōra.	Time comes.	19999
hīc	Hīc lūdēbam.	I was playing here.	19999
lūna	Iam fulget lūna.	The moon is already shining.	19999
hīc	Hīc ēducātus est.	He was brought up here.	19999
hīc	Hīc ēducāta est.	She was brought up here.	19999
ab	Ab eō ēducāta est.	She was brought up by him.	19999
eō	Ab eō ēducāta est.	She was brought up by him.	19999
tū	Tū hīc manē.	You stay here.	19999
vōs	Sciō vōs intellegere.	I know that you understand.	19999
vōs	Sciō vōs ēsse.	I know that you eat.	19999
ignis	Ignis sub ponte est.	There is fire under the bridge.	19999
sub	Ignis sub ponte est.	There is fire under the bridge.	19999
herī	Ubi herī natāvistī?	Where did you swim yesterday?	19999
herī	Ubi herī natāvit?	Where did she swim yesterday?	19999
amīcus	Uter amīcus tuus est?	Which of the two is your friend?	19999
initium	Quandō initium fēcistī?	When did you start?	19999
initium	Quandō initium fēcistis?	When did you start?	19999
eō	Quandō eō pervēnistī?	When did you get there?	19999
eō	Quandō eō pervēnistis?	When did you get there?	19999
veniō	Ē vīcō veniō.	I come from a village.	19999
apud	Cūr nōn apud nōs mānsistis?	Why didn't you stay with us?	19999
dīcō	Nōn sine causā id dīcō.	I don't say it without reason.	19999
fenestra	Fenestra clausa est.	The window is closed.	19999
alius	Ubi est frāter alius tuus?	Where is your other brother?	19999
solvō	Cui solvō?	Who do I pay?	19999
vester	Ubi frāter vester est?	Where's your brother?	19999
gladius	Gladius ācer est.	The sword is sharp.	19999
aut	Aut Caesar, aut nihil.	Either emperor, or nothing.	19999
dolor	Numquam ēvānēscit dolor.	The pain never goes away.	19999
lingua	Hebraica lingua difficilis est.	Hebrew is a difficult language.	19999
dominus	Dominus ūnus est.	The Lord is one.	19999
patior	Patior propter tē.	I suffer because of you.	19999
propter	Patior propter tē.	I suffer because of you.	19999
legō	Litterās legō.	I read a letter.	19999
cor	Cantus bonus est ad cor.	Singing is good for the heart.	19999
ipse	"""Quis es?"" ""Ego ipse sum."""	"""Who are you?"" ""I'm myself."""	19999
vester	Liber vester est sordidus.	Your book is dirty.	19999
anima	Lingua est anima litterārum.	Language is the soul of literature.	19999
quidem	Īnsānit hic quidem.	He's crazy for sure.	19999
corpus	Corpus rōbustum est.	The body is strong.	19999
amō	Piscēs amō.	I love fish.	19999
mīles	Mīles currit.	The soldier runs.	19999
impetus	Impetus coepit!	The attack has begun!	19999
et	Puer et puella in viā ambulant.	The boy and the girl are walking down the street.	1
nōn	Puer aquam nōn habet.	The boy doesn't have any water.	3
est	Amīcus meus poēta est.	My friend is a poet.	4
dē	Puella dē cēnā rogat.	The girl is asking about dinner.	5
quī	Puer quī cantat laetus est.	The boy who is singing is happy.	6
sum	Magister sum, nōn discipulus.	I'm a teacher, not a student.	7
tū	Tū bonus amīcus es.	You're a good friend.	8
vōs	Vōs semper bene cantātis.	You all always sing well.	11
cum	Puer cum amīcō lūdit.	The boy is playing with his friend.	12
ut	Puella cantat ut avis.	The girl sings like a bird.	13
sī	Sī amīcus venit, laetus sum.	If a friend comes, I'm happy.	14
cūr	Cūr in viā stās?	Why are you standing in the street?	15
quandō	Quandō amīcī tuī veniunt?	When are your friends coming?	16
sed	Cēna parva est, sed bona.	The meal is small, but good.	17
quod	Domina rīdet quod fābula bona est.	The lady is laughing because the story is good.	18
hic	Hic hortus parvus est.	This garden is small.	19
ille	Ille puer in viā ambulat.	That boy is walking in the street.	20
is	Is vir equum meum cūrat.	That man looks after my horse.	21
ego	Ego aquam portō, tū sedēs.	I carry the water, you sit.	22
fēmina	Fēmina in hortō rosās spectat.	The woman is looking at the roses in the garden.	23
domina	Domina novam epistulam scrībit.	The lady is writing a new letter.	24
fīlius	Fīlius meus multōs librōs habet.	My son has a lot of books.	25
fīlia	Fīlia tua fābulās amat.	Your daughter loves stories.	26
quis	Quis in viā cantat?	Who's singing out in the street?	27
māter	Māter mea cēnam bonam parat.	My mother is making a good dinner.	28
frāter	Frāter meus librum legit.	My brother is reading a book.	29
atque	Magister atque discipulī fābulam legunt.	The teacher and the students are reading a story.	30
aut	Aquam aut vīnum habēmus.	We have water or wine.	32
pāx	Nunc in patriā pāx est.	There is peace in the country now.	33
enim	Puella nōn cantat; fessa enim est.	The girl isn't singing; she's tired, you see.	34
autem	Puer currit; puella autem sedet.	The boy is running; the girl, though, is sitting.	35
omnis	Omnis discipulus librum novum habet.	Every student has a new book.	37
rēs	Puella multās rēs portat.	The girl is carrying a lot of things.	38
suus	Agricola et fīlius suus labōrant.	The farmer and his son are working.	39
rēx	Rēx in magnā vīllā habitat.	The king lives in a big house.	40
etiam	Hodiē etiam magister fessus est.	Today even the teacher is tired.	41
diēs	Diēs longus et clārus est.	The day is long and bright.	43
per	Puella per silvam ambulat.	The girl is walking through the woods.	44
ex	Fēmina ex tabernā venit.	The woman is coming out of the shop.	45
ab	Epistula ab amīcō venit.	A letter is coming from a friend.	46
prō	Fīlius prō patre labōrat hodiē.	The son is working in his father's place today.	47
nōmen	Nōmen tuum pulchrum est.	Your name is beautiful.	48
vīta	Vīta in agrīs bona est.	Life in the fields is good.	49
inter	Hortus inter vīllam et viam est.	The garden is between the house and the road.	50
post	Post cēnam in hortō sedēmus.	After dinner we sit in the garden.	51
anima	Anima in corpore est.	The soul is in the body.	52
ante	Ante iānuam canis sedet.	The dog is sitting in front of the door.	53
sine	Sine aquā nōn vīvimus.	We don't live without water.	54
sub	Canis sub mēnsā dormit.	The dog is sleeping under the table.	55
amō	Hortum meum valdē amō.	I love my garden very much.	56
videō	Nunc lūnam in caelō videō.	Now I see the moon in the sky.	57
habeō	Multōs amīcōs bonōs habeō.	I have a lot of good friends.	58
faciō	Novum hortum in agrō faciō.	I'm making a new garden in the field.	59
dō	Aquam equō meō dō.	I give my horse water.	61
veniō	Statim ad iānuam veniō.	I'm coming to the door right away.	62
eō	Nunc ad forum eō.	I'm going to the market now.	63
vocō	Amīcōs meōs ad cēnam vocō.	I'm inviting my friends to dinner.	64
audiō	Avēs in hortō audiō.	I hear the birds in the garden.	65
scrībō	Epistulam longam mātrī scrībō.	I'm writing my mother a long letter.	66
legō	Librum novum hodiē legō.	I'm reading a new book today.	67
sedeō	Sub arbore magnā sedeō.	I'm sitting under a big tree.	68
stō	In viā stō et amīcum exspectō.	I'm standing in the street waiting for a friend.	69
sciō	Viam ad vīllam bene sciō.	I know the way to the house well.	70
super	Lūna super silvam est.	The moon is above the woods.	71
volō	Novum librum legere volō.	I want to read a new book.	72
contrā	Nāvis contrā ventum nāvigat.	The ship is sailing against the wind.	73
tamen	Fessus sum; tamen bene labōrō.	I'm tired; I'm still working well.	74
quoque	Frāter meus quoque venit.	My brother is coming too.	75
nam	Aquam bibō; nam sitiō.	I'm drinking water; I'm thirsty, you see.	76
igitur	Pluit; igitur in casā manēmus.	It's raining, so we're staying in the house.	77
ergō	Fessī sumus; ergō nōn labōrāmus.	We're tired, so we're not working.	78
nec	Puer nec cantat nec labōrat.	The boy is neither singing nor working.	79
vel	Hodiē vel crās ad oppidum eō.	I'm going to town today or tomorrow.	80
ūnus	In hortō ūnus puer labōrat.	One boy is working in the garden.	81
nisi	Nihil habeō nisi aquam.	I have nothing but water.	82
trēs	In viā trēs puerī ambulant.	Three boys are walking in the street.	83
dum	Puer lūdit, dum pater labōrat.	The boy plays while his father works.	84
quam	Aqua melior est quam vīnum.	Water is better than wine.	85
tam	Cēna tua tam bona est!	Your dinner is so good!	86
nunc	Amīcus meus nunc dormit.	My friend is sleeping now.	87
tunc	Puer tunc eram, nunc vir sum.	I was a boy then; now I am a man.	88
semper	Pater meus semper māne surgit.	My father always gets up early.	89
numquam	Frāter meus numquam sērō venit.	My brother is never late.	90
saepe	Puerī saepe in silvā lūdunt.	The boys often play in the woods.	91
iterum	Magister fābulam iterum nārrat.	The teacher tells the story again.	92
herī	Amīcum meum herī vīdī.	I saw my friend yesterday.	94
crās	Amīcī nostrī crās venient.	Our friends will come tomorrow.	95
ibi	Ad mare īmus; ibi natāmus.	We go to the sea; we swim there.	96
hīc	Familia mea hīc habitat.	My family lives here.	97
ubi	Haec est casa ubi habitō.	This is the house where I live.	98
sīc	Fābula nostra sīc incipit.	Our story begins like this.	99
ita	Māter mea ita putat.	My mother thinks so.	100
valdē	Hic cibus valdē bonus est.	This food is very good.	101
satis	Casa mea satis magna est.	My house is big enough.	102
bene	Amīca mea bene cantat.	My friend sings well.	103
male	Hic puer male scrībit.	This boy writes badly.	104
magis	Hunc librum magis amō.	I like this book more.	105
meus	Liber meus in mēnsā est.	My book is on the table.	107
tuus	Canis tuus in viā currit.	Your dog is running in the street.	108
noster	Hortus noster magnus et pulcher est.	Our garden is big and beautiful.	109
vester	Magister vester bonus est.	Your teacher is good.	110
aliquis	In casā aliquis nōs exspectat.	Someone is waiting for us in the house.	111
nūllus	In scholā nūllus discipulus dormit.	No pupil sleeps in school.	112
alius	Nunc alius magister nōs docet.	Now a different teacher teaches us.	113
alter	Ūnus puer legit, alter scrībit.	One boy reads, the other writes.	114
tōtus	Ager tōtus aquā plēnus est.	The whole field is full of water.	115
sōlus	Puer sōlus in casā manet.	The boy stays alone in the house.	116
īdem	Hic est īdem liber quem legō.	This is the same book that I am reading.	117
tantus	In viā tantus clāmor est.	There is so much noise in the street.	118
quālis	Domus tua quālis est?	What is your house like?	119
quantus	Ager tuus quantus est?	How big is your field?	120
possum	Hodiē labōrāre nōn possum.	I cannot work today.	121
agō	Prō dōnō tibi grātiās agō.	I thank you for the gift.	122
ferō	Aquam ad casam ferō.	I am carrying water to the house.	123
dēbeō	Amīcō meō pecūniam dēbeō.	I owe my friend money.	124
putō	Hoc vērum esse putō.	I think this is true.	125
teneō	Librum in manū teneō.	I am holding a book in my hand.	126
mittō	Epistulam ad amīcum mittō.	I am sending a letter to my friend.	127
accipiō	Dōnum ā mātre meā accipiō.	I receive a gift from my mother.	128
petō	Auxilium ā tē petō.	I am asking you for help.	129
pōnō	Cibum in mēnsā pōnō.	I am putting the food on the table.	130
capiō	Librum novum capiō et legō.	I take a new book and read it.	131
relinquō	Amīcōs meōs numquam relinquō.	I never abandon my friends.	132
maneō	Domī cum frātre maneō.	I am staying at home with my brother.	133
vīvō	Cum familiā meā laetus vīvō.	I live happily with my family.	134
mūtō	Sententiam meam saepe mūtō.	I often change my mind.	135
moveō	Mēnsam ad fenestram moveō.	I am moving the table to the window.	136
rogō	Patrem dē pecūniā rogō.	I ask my father about money.	137
respondeō	Ad epistulam tuam statim respondeō.	I answer your letter at once.	138
dūcō	Puerōs ad scholam dūcō.	I take the boys to school.	139
gerō	Negōtium meum bene gerō.	I manage my business well.	140
iaciō	Pilam ad amīcum iaciō.	I throw the ball to my friend.	141
timeō	Canem magnum nōn timeō.	I am not afraid of the big dog.	142
spērō	Tē mox vidēre spērō.	I hope to see you soon.	143
cōgitō	Dē amīcīs meīs saepe cōgitō.	I often think about my friends.	144
intellegō	Verba tua bene intellegō.	I understand your words well.	145
cognōscō	Novōs amīcōs libenter cognōscō.	I gladly get to know new friends.	146
homō	Bonus homō semper vērum dīcit.	A good person always tells the truth.	147
vir	In tabernā vir pānem emit.	In the shop the man is buying bread.	148
puer	Parvus puer mātrem vocat.	The little boy is calling his mother.	149
puella	In hortō puella flōrēs spectat.	In the garden the girl is looking at the flowers.	150
pater	Iam pater cēnam parat.	Father is already preparing dinner.	151
soror	Est mihi soror parva.	I have a little sister.	152
deus	In fābulā antīquā deus appāret.	A god appears in the old story.	153
dominus	Ad vīllam dominus venit.	The master is coming to the villa.	154
servus	In culīnā servus labōrat.	The slave works in the kitchen.	155
populus	In theātrō populus rīdet.	In the theatre the people laugh.	156
urbs	Rōma urbs antīqua est.	Rome is an ancient city.	157
oppidum	Nostrum oppidum parvum est.	Our town is small.	158
locus	Hic locus mihi placet.	I like this place.	159
terra	Haec terra fertilis est.	This land is fertile.	160
aqua	Aqua in pōculō est.	There is water in the cup.	162
ignis	Ignis in culīnā ārdet.	A fire is burning in the kitchen.	163
caelum	Caelum hodiē caeruleum est.	The sky is blue today.	164
sōl	Sōl in caelō lūcet.	The sun is shining in the sky.	165
lūna	Lūna hodiē plēna est.	The moon is full today.	166
stella	Stella prīma iam appāret.	The first star is already appearing.	167
nox	Nox hieme longa est.	The night is long in winter.	168
tempus	Tempus hodiē nōn habēmus.	We have no time today.	169
annus	Annus novus bonus erit.	The new year will be good.	170
hōra	Ūna hōra satis est.	One hour is enough.	171
manus	Manus mea frīgida est.	My hand is cold.	172
caput	Caput meum valdē dolet.	My head really hurts.	173
oculus	Oculus meus hodiē dolet.	My eye hurts today.	174
corpus	Corpus meum fessum est.	My body is tired.	176
animus	Animus meus tranquillus est.	My mind is calm.	177
bellum	Bellum longum et dūrum est.	War is long and hard.	179
verbum	Hoc verbum longum est.	This word is long.	180
liber	Liber meus in mēnsā est.	My book is on the table.	181
via	Via ad oppidum longa est.	The road to the town is long.	182
pecūnia	Pecūnia in sacculō meō est.	The money is in my purse.	184
cibus	Cibus noster bonus et simplex est.	Our food is good and simple.	185
pānis	Pānis hodiē recēns est.	The bread is fresh today.	186
mālum	Mālum meum dulce est.	My apple is sweet.	187
vīnum	Vīnum rubrum mihi placet.	I like red wine.	188
duo	Duo puerī in viā ambulant.	Two boys are walking in the street.	189
quattuor	Mēnsa nostra quattuor pedēs habet.	Our table has four legs.	190
quīnque	Quīnque discipulī in scholā sunt.	Five students are at school.	191
sex	Sex ōva in cistā sunt.	There are six eggs in the box.	192
septem	Septem avēs in arbore sedent.	Seven birds are sitting in the tree.	193
octō	Hodiē octō hōrās labōrō.	Today I work eight hours.	194
novem	Novem discipulōs magister docet.	The teacher teaches nine students.	195
decem	Decem digitōs in manibus habēmus.	We have ten fingers on our hands.	196
centum	Centum hominēs in oppidō habitant.	A hundred people live in the town.	197
mīlle	Mīlle stellae in caelō lūcent.	A thousand stars are shining in the sky.	198
prīmus	Prīmus diēs semper difficilis est.	The first day is always hard.	199
secundus	Secundus locus quoque bonus est.	Second place is good too.	200
tertius	Tertius diēs iam adest.	The third day is already here.	201
pars	Haec pars urbis pulchra est.	This part of the city is beautiful.	202
bonus	Bonus magister discipulōs laudat.	A good teacher praises his students.	203
malus	Malus odor in culīnā est.	There is a bad smell in the kitchen.	204
magnus	Hortus noster magnus est.	Our garden is big.	205
parvus	Parvus puer mātrem vocat.	The little boy is calling his mother.	206
multus	Multus labor mē exspectat.	A lot of work is waiting for me.	207
longus	Hic fluvius longus et lātus est.	This river is long and wide.	208
vetus	Vetus arbor in agrō stat.	An old tree stands in the field.	211
antīquus	Hic mōs antīquus est.	This custom is ancient.	212
pulcher	Hic flōs pulcher est.	This flower is beautiful.	213
fortis	Nauta fortis tempestātem nōn timet.	A brave sailor is not afraid of the storm.	214
līber	Hodiē līber sum et laetus.	Today I am free and happy.	215
fēlīx	Puer fēlīx in viā cantat.	The happy boy is singing in the street.	216
miser	Miser sum, quod amīcus meus abest.	I am unhappy because my friend is away.	217
similis	Soror mea mihi similis est.	My sister is like me.	218
difficilis	Lingua Latīna difficilis nōn est.	Latin is not difficult.	220
dūrus	Hic pānis dūrus est.	This bread is hard.	221
mollis	Lectus meus mollis est.	My bed is soft.	222
gravis	Hic saccus gravis est.	This bag is heavy.	223
levis	Haec cista levis est.	This box is light.	224
clārus	Sōl hodiē clārus est.	The sun is bright today.	225
obscūrus	Hic locus nocte obscūrus est.	This place is dark at night.	226
sānctus	Sānctus lūcus prope oppidum est.	The sacred grove is near the town.	227
sacer	Hic fōns sacer est.	This spring is sacred.	228
falsus	Hic nūntius falsus est.	This report is false.	230
plēnus	Hic liber plēnus fābulārum est.	This book is full of stories.	231
vacuus	Hic sacculus vacuus est.	This purse is empty.	232
pauper	Poēta pauper sed laetus est.	The poet is poor but happy.	234
celer	Equus tuus celer est.	Your horse is fast.	235
tardus	Frāter meus semper tardus est.	My brother is always late.	236
calidus	Ventus hodiē calidus est.	The wind is warm today.	237
frīgidus	Cibus meus iam frīgidus est.	My food is already cold.	238
albus	Albus equus in prātō stat.	A white horse is standing in the meadow.	239
niger	Canis meus niger est.	My dog is black.	240
ruber	Liber ruber in mēnsā est.	The red book is on the table.	241
viridis	Herba viridis in agrō est.	The green grass is in the field.	242
aureus	Nummus aureus in mēnsā est.	A gold coin is on the table.	243
lātus	Hortus noster lātus est.	Our garden is wide.	244
angustus	Pōns angustus in oppidō est.	The narrow bridge is in the town.	245
plūrimus	Labor hodiē plūrimus est.	There is a great deal of work today.	246
faciēs	Hodiē faciēs tua laeta est.	Your face looks happy today.	247
ōs	Medicus ōs meum spectat.	The doctor is looking at my mouth.	248
auris	Auris mea hodiē dolet.	My ear hurts today.	249
nāsus	Nāsus meus frīgidus est.	My nose is cold.	250
dēns	Dēns meus valdē dolet.	My tooth hurts a lot.	251
pēs	Pēs meus in aquā est.	My foot is in the water.	252
bracchium	Puella bracchium meum tenet.	The girl is holding my arm.	253
digitus	Digitus meus in librō est.	My finger is in the book.	254
sanguis	Sanguis hominis ruber est.	Human blood is red.	255
os	Canis meus os habet.	My dog has a bone.	256
vōx	Vōx tua clāra est.	Your voice is clear.	257
animal	Canis animal bonum est.	A dog is a good animal.	258
equus	Equus meus aquam bibit.	My horse is drinking water.	260
bōs	Bōs in agrō labōrat.	The ox is working in the field.	261
avis	Avis in arbore cantat.	A bird is singing in the tree.	262
piscis	Piscis in aquā natat.	A fish is swimming in the water.	263
leō	Leō animal magnum est.	A lion is a big animal.	264
lupus	Lupus in silvā habitat.	The wolf lives in the forest.	265
ovis	Ovis nostra herbam edit.	Our sheep is eating grass.	266
mōns	Mōns altus prope oppidum est.	A high mountain is near the town.	267
silva	Silva magna et obscūra est.	The forest is big and dark.	269
arbor	Arbor magna in hortō stat.	A big tree stands in the garden.	270
flōs	Hic flōs bene olet.	This flower smells nice.	271
lapis	Lapis in viā iacet.	A stone is lying in the road.	272
ventus	Ventus hodiē fortis est.	The wind is strong today.	273
nūbēs	Nūbēs magna in caelō est.	A big cloud is in the sky.	274
imber	Imber in agrōs cadit.	Rain is falling on the fields.	275
nix	Nix in montibus est.	There is snow on the mountains.	276
frūmentum	Frūmentum in agrīs crēscit.	The grain is growing in the fields.	277
herba	Herba in hortō meō crēscit.	The grass is growing in my garden.	278
cīvis	Cīvis Rōmānus in forō est.	A Roman citizen is in the forum.	279
mīles	Mīles in castrīs dormit.	The soldier is sleeping in the camp.	280
hostis	Hostis trāns flūmen est.	The enemy is across the river.	281
dux	Dux nōbīs viam mōnstrat.	The leader shows us the way.	282
imperātor	Imperātor in urbe manet.	The commander is staying in the city.	283
cōnsul	Cōnsul novus in forō est.	The new consul is in the forum.	284
senātus	Senātus hodiē in cūriā est.	The senate is in the senate house today.	285
lēx	Lēx nova iūsta est.	The new law is fair.	286
iūs	Iūs Rōmānum clārum est.	Roman law is famous.	287
imperium	Imperium Rōmānum magnum est.	The Roman empire is large.	288
rēgnum	Rēgnum trāns montēs est.	The kingdom is beyond the mountains.	289
cīvitās	Cīvitās nostra lībera est.	Our state is free.	290
exercitus	Exercitus in castrīs est.	The army is in the camp.	291
proelium	Proelium longum et dūrum est.	The battle is long and hard.	292
victōria	Victōria nostra certa est.	Our victory is certain.	293
glōria	Glōria poētae magna est.	The poet's fame is great.	294
virtūs	Virtūs tua magna est.	Your courage is great.	295
fidēs	Fidēs tua mihi cāra est.	Your trust is precious to me.	296
spēs	Spēs in animō meō manet.	Hope stays in my heart.	297
timor	Timor canum commūnis est.	Fear of dogs is common.	298
amor	Amor mātris magnus est.	A mother's love is great.	299
īra	Īra nōn diū manet.	Anger does not last long.	300
gaudium	Gaudium nostrum hodiē magnum est.	Our joy is great today.	301
dolor	Dolor capitis molestus est.	A headache is a nuisance.	302
cōnsilium	Cōnsilium tuum bonum est.	Your plan is good.	303
causa	Haec causa bona est.	This is a good reason.	304
modus	Hic modus facilis est.	This way is easy.	305
genus	Hoc genus avium rārum est.	This kind of bird is rare.	306
negōtium	Hodiē multum negōtium habeō.	I have a lot of business today.	308
ōtium	Ōtium post labōrem dulce est.	Leisure after work is sweet.	309
officium	Officium meum semper faciō.	I always do my duty.	310
iaceō	In lectō iaceō et librum legō.	I lie in bed and read a book.	311
currō	Ad scholam celeriter currō.	I run quickly to school.	312
ambulō	Cum amīcō in hortō ambulō.	I walk in the garden with a friend.	313
cadō	In herbam mollem cadō.	I fall onto the soft grass.	314
surgō	Māne surgō et fenestram aperiō.	In the morning I get up and open the window.	315
dormiō	Noctū octō hōrās dormiō.	I sleep eight hours at night.	316
edō	Pānem et cāseum edō.	I eat bread and cheese.	317
bibō	Aquam frīgidam libenter bibō.	I happily drink cold water.	318
emō	In forō pānem emō.	I buy bread at the market.	319
vēndō	Flōrēs in viā vēndō.	I sell flowers in the street.	320
labōrō	In hortō meō semper labōrō.	I always work in my garden.	321
lūdō	Cum amīcīs in hortō lūdō.	I play in the garden with my friends.	322
dēfendō	Amīcum meum semper dēfendō.	I always defend my friend.	323
oppugnō	In fābulā castra oppugnō.	In the story I attack the camp.	324
vincō	In lūdīs saepe vincō.	I often win at the games.	325
superō	Frātrem meum facile superō.	I beat my brother easily.	326
servō	Epistulās tuās semper servō.	I always keep your letters.	327
perdō	Librōs meōs saepe perdō.	I often lose my books.	328
inveniō	Librum meum in mēnsā inveniō.	I find my book on the table.	329
quaerō	Sorōrem meam in hortō quaerō.	I am looking for my sister in the garden.	330
incipiō	Novum librum hodiē incipiō.	I am starting a new book today.	331
cōnficiō	Epistulam meam nunc cōnficiō.	I am finishing my letter now.	332
quia	Puella rīdet, quia fābula bona est.	The girl is laughing because the story is good.	333
quoniam	Domum eō, quoniam nox est.	I'm going home, since it's night.	334
dōnec	Hīc maneō, dōnec amīcus venit.	I stay here until my friend comes.	335
postquam	Amīcōs vocāvī, postquam cēnam parāvī.	I called my friends after I made dinner.	336
antequam	Librum legō, antequam dormiō.	I read a book before I go to sleep.	337
priusquam	Fenestram claudō, priusquam exeō.	I close the window before I go out.	338
quamquam	In hortō labōrō, quamquam fessus sum.	I'm working in the garden, although I'm tired.	339
licet	Labōrāre dēbeō, licet fessus sim.	I have to work, even though I'm tired.	340
simul	Puerī simul cantant et labōrant.	The boys sing and work at the same time.	341
praetereā	Fessus sum; praetereā pecūniam nōn habeō.	I'm tired; besides, I have no money.	342
dēnique	Ad vīllam nostram dēnique venīmus.	At last we reach our house.	343
tandem	Epistulam tuam tandem accipiō.	I'm finally getting your letter.	344
deinde	Prīmum legō, deinde scrībō.	First I read, then I write.	345
dein	Cēnāmus, dein fābulās nārrāmus.	We have dinner, then we tell stories.	346
posteā	Ad forum posteā ambulāmus.	Afterwards we walk to the forum.	347
anteā	Hunc librum anteā nōn lēgī.	I haven't read this book before.	348
mox	Amīcī nostrī mox veniunt.	Our friends are coming soon.	349
ōlim	Rēgīna ōlim in īnsulā habitābat.	A queen once lived on an island.	350
nūper	Novum librum nūper ēmī.	I recently bought a new book.	351
adhūc	Puer adhūc in hortō lūdit.	The boy is still playing in the garden.	352
statim	Puer ad portam statim currit.	The boy runs to the gate at once.	353
subitō	Canis in viā subitō lātrat.	A dog suddenly barks in the street.	354
forte	Magistrum forte in viā videō.	I happen to see the teacher in the street.	355
fortasse	Amīcus meus fortasse domī est.	My friend is perhaps at home.	356
certē	Hoc certē vērum est.	This is certainly true.	357
vērō	Hoc vērō nōn crēdō.	I really don't believe this.	358
quidem	Ego quidem tibi crēdō.	I, at least, believe you.	359
scīlicet	Amīcum meum scīlicet adiuvō.	Of course I help my friend.	360
praesertim	Hortum amō, praesertim vēre.	I love the garden, especially in spring.	361
procul	Oppidum procul ā silvā est.	The town is far from the forest.	362
ūnā	Fābulam ūnā legimus.	We read a story together.	364
frūstrā	Amīcum meum frūstrā exspectō.	I wait for my friend in vain.	365
paene	Cēna paene parāta est.	Dinner is almost ready.	366
vix	In tenebrīs tē vix videō.	I can hardly see you in the dark.	367
nēmō	In viā nēmō est.	There is nobody in the street.	368
nihil	Hodiē nihil facere volō.	I don't want to do anything today.	369
umquam	Fābulās meās umquam legis?	Do you ever read my stories?	370
undique	Puerī undique in forum currunt.	Boys are running into the forum from all sides.	371
plūs	Hodiē plūs labōrō quam herī.	Today I'm working more than yesterday.	372
nimis	Soror mea nimis labōrat.	My sister works too much.	373
parum	Frāter meus parum dormit.	My brother doesn't sleep enough.	374
ferē	Amīcī meī ferē omnēs adsunt.	Almost all my friends are here.	375
propter	Domī propter pluviam manēmus.	We're staying home because of the rain.	376
trāns	Puerī trāns viam currunt.	The boys run across the street.	378
circā	Discipulī circā magistrum sedent.	The students sit around the teacher.	379
secundum	Cum amīcō secundum rīpam ambulō.	I walk along the riverbank with a friend.	380
ergā	Grātus sum ergā magistrōs meōs.	I am grateful to my teachers.	381
extrā	Hortus extrā portam est.	The garden is outside the gate.	382
intrā	Familia mea intrā mūrōs habitat.	My family lives inside the walls.	383
iubeō	Discipulōs meōs tacēre iubeō.	I tell my students to be quiet.	384
cupiō	Novum librum legere cupiō.	I want to read a new book.	385
nōlō	Hodiē in hortō labōrāre nōlō.	I don't want to work in the garden today.	386
mālō	Aquam mālō quam vīnum.	I prefer water to wine.	387
fīō	Cum tē videō, laetus fīō.	When I see you, I get happy.	388
reddō	Librum tuum crās reddō.	I'm giving your book back tomorrow.	389
trādō	Epistulam meam nūntiō trādō.	I hand my letter to the messenger.	390
ostendō	Hortum meum amīcīs ostendō.	I show my garden to my friends.	391
moneō	Amīcum meum dē perīculō moneō.	I warn my friend about the danger.	392
doceō	Puerōs linguam Latīnam doceō.	I teach the boys Latin.	393
discō	Hodiē nova verba discō.	Today I'm learning new words.	394
cōgō	Frātrem meum labōrāre cōgō.	I make my brother work.	395
permittō	Puerīs in hortō lūdere permittō.	I let the boys play in the garden.	396
prohibeō	Puerōs ab aquā prohibeō.	I keep the boys away from the water.	397
pellō	Ovēs in agrum pellō.	I drive the sheep into the field.	398
tollō	Librum dē mēnsā tollō.	I take the book off the table.	399
premō	Ūvās manibus meīs premō.	I press the grapes with my hands.	400
tangō	Aquam frīgidam digitō tangō.	I touch the cold water with my finger.	401
sentiō	Ventum frīgidum in silvā sentiō.	I feel a cold wind in the woods.	402
crēdō	Amīcō meō semper crēdō.	I always trust my friend.	403
nesciō	Viam ad oppidum nesciō.	I don't know the way to the town.	404
iungō	Duōs equōs ad plaustrum iungō.	I hitch two horses to the wagon.	405
solvō	Pecūniam nautae hodiē solvō.	I pay the sailor the money today.	406
claudō	Librum meum iam claudō.	I am closing my book now.	407
aperiō	Māne fenestram meam aperiō.	In the morning I open my window.	408
appellō	Canem meum Argum appellō.	I call my dog Argus.	409
loquor	Cum amīcīs meīs loquor.	I am talking with my friends.	410
sequor	Patrem meum per viam sequor.	I follow my father along the road.	411
ūtor	Meō stilō in scholā ūtor.	I use my pen at school.	412
patior	Dolōrem capitis hodiē patior.	Today I am suffering from a headache.	413
morior	Ego rīsū paene morior.	I am almost dying of laughter.	414
cōnor	Novum carmen scrībere cōnor.	I am trying to write a new song.	416
arbitror	Tē bonum amīcum esse arbitror.	I consider you a good friend.	417
templum	In forō templum antīquum stat.	An ancient temple stands in the forum.	418
mūrus	Hortī nostrī mūrus altus est.	The wall of our garden is high.	419
porta	Nunc porta urbis clausa est.	The city gate is closed now.	420
iānua	Casae nostrae iānua aperta est.	The door of our house is open.	421
fenestra	Parva fenestra lūcem dat.	The small window lets in light.	422
mēnsa	Nostra mēnsa cibō plēna est.	Our table is full of food.	423
cēna	Iam cēna nostra parāta est.	Our dinner is ready now.	425
forum	Hodiē forum hominum plēnum est.	The forum is full of people today.	426
hortus	Noster hortus multās rosās habet.	Our garden has many roses.	427
campus	Prope flūmen campus apertus est.	The plain near the river is open.	429
īnsula	Nostra īnsula parva sed pulchra est.	Our island is small but beautiful.	430
pōns	Antīquus pōns adhūc firmus est.	The old bridge is still solid.	431
iter	Ad urbem iter longum est.	The journey to the city is long.	432
nāvis	In portū nāvis magna est.	There is a big ship in the harbour.	433
portus	Noster portus tūtus est.	Our harbour is safe.	434
epistula	In mēnsā epistula tua iacet.	Your letter is lying on the table.	435
littera	In tabulā littera magna est.	There is a big letter on the writing tablet.	436
fābula	Tua fābula longa sed bona est.	Your story is long but good.	437
lingua	Mihi lingua Latīna placet.	I like the Latin language.	439
ōrātiō	Tua ōrātiō brevis et clāra est.	Your speech is short and clear.	440
sententia	Mihi sententia tua placet.	I like your opinion.	441
memoria	Hodiē memoria mea mala est.	My memory is bad today.	442
scientia	Magistrī scientia discipulōs iuvat.	The teacher's knowledge helps the students.	443
sapientia	Patris nostrī sapientia magna est.	Our father's wisdom is great.	444
ratiō	Tua ratiō simplex est.	Your method is simple.	445
vēritās	Nōn semper vēritās facilis est.	The truth is not always easy.	446
nātūra	Hominum nātūra varia est.	Human nature varies.	447
mundus	Noster mundus magnus et pulcher est.	Our world is big and beautiful.	448
orbis	Lūnae orbis clārus est.	The disc of the moon is bright.	449
rēgīna	In hortō rēgīna ambulat.	The queen is walking in the garden.	450
mulier	In tabernā mulier labōrat.	A woman works in the shop.	451
coniūnx	In hortō coniūnx mea sedet.	My wife is sitting in the garden.	452
magister	Amīcus meus magister est.	My friend is a teacher.	453
discipulus	In scholā discipulus novus sedet.	The new student is sitting in the classroom.	454
iūdex	Iūdex verba nostra audit.	The judge hears our words.	455
testis	In forō testis vērum dīcit.	The witness tells the truth in the forum.	456
sapiēns	Vir sapiēns saepe tacet.	A wise man is often silent.	457
stultus	Amīcus meus stultus nōn est.	My friend is not foolish.	458
iūstus	Iūdex noster iūstus est.	Our judge is fair.	459
aequus	Ante casam locus aequus est.	The ground in front of the house is level.	460
commūnis	Hortus noster commūnis est.	Our garden is shared.	461
proprius	Meus proprius liber in mēnsā est.	My own book is on the table.	462
dexter	Oculus dexter meus dolet.	My right eye hurts.	463
sinister	Pēs sinister meus aeger est.	My left foot is sore.	464
audeō	Nunc vērum dīcere audeō.	Now I dare to tell the truth.	465
gaudeō	Adventū tuō valdē gaudeō.	I am very glad about your arrival.	466
doleō	Dē morbō tuō doleō.	I am sorry about your illness.	467
noceō	Ego nēminī umquam noceō.	I never harm anyone.	468
pāreō	Magistrō meō semper pāreō.	I always obey my teacher.	469
placeō	Nōn omnibus hominibus placeō.	I do not please everybody.	470
studeō	Hodiē litterīs Latīnīs studeō.	Today I am studying Latin literature.	471
valeō	Hodiē satis bene valeō.	Today I am feeling quite well.	472
fleō	Propter fābulam trīstem fleō.	I am crying because of the sad story.	473
rīdeō	Cum amīcīs saepe rīdeō.	I often laugh with my friends.	474
taceō	In scholā semper taceō.	I am always quiet in class.	475
cōnstituō	Hodiē domī manēre cōnstituō.	Today I decide to stay at home.	477
statuō	Hōram cēnae nunc statuō.	I am setting the dinner time now.	478
mūniō	Hortum meum mūrō mūniō.	I protect my garden with a wall.	479
pūniō	Canem meum numquam pūniō.	I never punish my dog.	480
fīniō	Hodiē labōrem meum fīniō.	Today I'm finishing my work.	481
dēscendō	Dē monte lentē dēscendō.	I'm coming down the mountain slowly.	482
ascendō	Cum amīcō in nāvem ascendō.	I'm boarding the ship with a friend.	483
contendō	Ad urbem celeriter contendō.	I'm hurrying to the city.	484
regō	Equum per viam regō.	I guide the horse along the road.	485
tegō	Caput meum manū tegō.	I cover my head with my hand.	486
trahō	Mēnsam ad fenestram trahō.	I'm pulling the table over to the window.	487
crēscō	Puer sum et cotīdiē crēscō.	I'm a boy and I grow every day.	489
cēdō	Ego tibi libenter cēdō.	I gladly give way to you.	490
accēdō	Ad iānuam apertam accēdō.	I walk up to the open door.	491
discēdō	Nunc ex urbe discēdō.	I'm leaving the city now.	492
colligō	Flōrēs in hortō colligō.	I'm gathering flowers in the garden.	493
dēligō	Ex hīs librīs ūnum dēligō.	I choose one of these books.	494
vehō	Frūmentum ad oppidum vehō.	I'm carting the grain to the town.	495
aetās	Longa aetās multa docet.	A long life teaches many things.	496
initium	Fābulae initium bonum est.	The beginning of the story is good.	497
fīnis	Iam fīnis viae adest.	The end of the road is here now.	498
exitus	Lūdī exitus incertus est.	The outcome of the game is uncertain.	499
adventus	Tuus adventus mē dēlectat.	Your arrival makes me happy.	500
cāsus	Puerī cāsus levis erat.	The boy's fall was a minor one.	501
fortūna	Nostra fortūna bona est.	Our luck is good.	502
fātum	Ego fātum meum nōn timeō.	I'm not afraid of my fate.	503
dōnum	Hoc dōnum pulchrum est.	This gift is lovely.	504
praemium	Magnum praemium nōn exspectō.	I'm not expecting a big reward.	505
poena	Haec poena nimis dūra est.	This punishment is too harsh.	506
scelus	Fūrtum scelus grave est.	Theft is a serious crime.	507
culpa	Nōn tua sed mea culpa est.	It's not your fault but mine.	508
crīmen	Hoc crīmen falsum est.	This charge is false.	509
iniūria	Nūlla iniūria in verbīs tuīs est.	There's no offence in your words.	510
beneficium	Semper beneficium tuum memoriā teneō.	I always keep your kindness in mind.	511
grātia	Tua grātia mihi cāra est.	Your goodwill means a lot to me.	512
honor	Hic honor mihi placet.	This honour pleases me.	513
potestās	Magistrī potestās magna est.	The teacher's authority is considerable.	514
auctōritās	Tua auctōritās apud nōs magna est.	You have great influence with us.	515
vīs	Ventī vīs arborēs movet.	The force of the wind moves the trees.	516
impetus	Aquae impetus magnus est.	The rush of the water is strong.	517
cōpia	In agrīs cōpia aquae est.	There's plenty of water in the fields.	518
multitūdō	Magna multitūdō in forō est.	There's a big crowd in the marketplace.	519
turba	Tōta turba in viā clāmat.	The whole crowd is shouting in the street.	520
numerus	Discipulōrum numerus magnus est.	The number of pupils is large.	521
ōrdō	In hortō longus ōrdō arborum est.	There's a long row of trees in the garden.	522
legiō	Nostra legiō in castrīs manet.	Our legion is staying in camp.	523
castra	Mīlitum castra prope flūmen sunt.	The soldiers' camp is near the river.	524
arma	Haec arma gravia sunt.	These weapons are heavy.	525
gladius	Mīlitis gladius longus est.	The soldier's sword is long.	526
hasta	Mea hasta longa et gravis est.	My spear is long and heavy.	527
scūtum	Frātris meī scūtum novum est.	My brother's shield is new.	528
tēlum	In terrā tēlum iacet.	A weapon is lying on the ground.	529
vulnus	Meum vulnus iam sānum est.	My wound has healed now.	530
mēnsis	Novus mēnsis crās incipit.	A new month starts tomorrow.	531
saeculum	Ūnum saeculum centum annōs habet.	A century is a hundred years.	532
nūmen	Rōmānī nūmen deōrum colunt.	The Romans honour the power of the gods.	533
sacrificium	Agricolae sacrificium deae parant.	The farmers are preparing an offering for the goddess.	534
āra	Antīqua āra prope templum stat.	An old altar stands near the temple.	535
cārus	Amīcus meus mihi cārus est.	My friend is dear to me.	536
grātus	Sōl post pluviam grātus est.	The sun after rain is welcome.	537
tūtus	Portus noster tūtus est.	Our harbour is safe.	538
certus	Nūntius certus ad nōs venit.	A reliable messenger is coming to us.	539
incertus	Numerus hospitum adhūc incertus est.	The number of guests is still uncertain.	540
dubius	Animus meus dubius est.	My mind is undecided.	541
aptus	Locus noster cēnae aptus est.	Our spot is right for dinner.	542
idōneus	Discipulus meus huic labōrī idōneus est.	My student is right for this job.	543
necessārius	Somnus hominī necessārius est.	Sleep is essential for a person.	544
ūtilis	Equus agricolae ūtilis est.	A horse is useful to a farmer.	545
dignus	Frāter tuus laude dignus est.	Your brother deserves praise.	546
indignus	Nēmō hīc praemiō indignus est.	Nobody here is unworthy of the prize.	547
ferōx	Canis vīcīnī ferōx est.	The neighbour's dog is fierce.	548
ācer	Culter meus ācer est.	My knife is sharp.	549
crūdēlis	Puer crūdēlis nūllōs amīcōs habet.	A cruel boy has no friends.	550
mītis	Magister meus mītis est.	My teacher is gentle.	551
summus	Hieme summus mōns albus est.	In winter the top of the mountain is white.	552
īnfimus	Hic gradus īnfimus est.	This is the bottom step.	553
medius	Iam medius diēs est.	It's midday already.	554
extrēmus	Hic mēnsis annī extrēmus est.	This is the last month of the year.	555
proximus	Vīcus proximus trāns flūmen est.	The nearest village is across the river.	556
superior	Fenestra superior aperta est.	The upper window is open.	557
īnferior	Mūrī pars īnferior ūmida est.	The lower part of the wall is damp.	558
