word,definition,definition_ru,definition_ar,definition_es,definition_pt,reading,pos,level,level_source,frequency_rank,alternatives,root,form,gender,aspect,aspect_partner,acc,gen,prep,dat,inst
ni,"is, am, are (the copula)",,,,,,verb,A1,ai,,,,,,,,,,,,
si,"is not, am not, are not",,,,,,verb,A1,ai,,,,,,,,,,,,
shikamoo,respectful greeting to an elder,,,,,,interjection,A1,ai,,,,,,,,,,,,
marahaba,the reply to shikamoo,,,,,,interjection,A1,ai,,,,,,,,,,,,
kwaheri,goodbye,,,,,,interjection,A1,ai,,,,,,,,,,,,
jambo,"matter, affair; hello (as a greeting)",,,,,,noun,A1,ai,,,,,,,,,,,,
hapana,no,,,,,,interjection,A1,ai,,,,,,,,,,,,
shukran,thank you,,,,,,interjection,A2,ai,,,,,,,,,,,,
kumradhi,"excuse me, pardon me",,,,,,interjection,B1,ai,,,,,,,,,,,,
lakini,"but, however",,,,,,conjunction,A1,ai,,,,,,,,,,,,
na,and; with; by,,,,,,conjunction,A1,ai,,,,,,,,,,,,
tena,"again, moreover",,,,,,adv,A1,ai,,,,,,,,,,,,
hapa,here,,,,,,adv,A1,ai,,,,,,,,,,,,
wapi,where,,,,,,adv,A1,ai,,,,,,,,,,,,
lini,when,,,,,,adv,A1,ai,,,,,,,,,,,,
mbona,"why, how come",,,,,,adv,A2,ai,,,,,,,,,,,,
gani,"what kind of, which",,,,,,adj,A1,ai,,,,,,,,,,,,
nani,who,,,,,,pronoun,A1,ai,,,,,,,,,,,,
yeye,"he, she",,,,,,pronoun,A1,ai,,,,,,,,,,,,
sisi,"we, us",,,,,,pronoun,A1,ai,,,,,,,,,,,,
nyinyi,you (plural),,,,,,pronoun,A1,ai,,ninyi,,,,,,,,,,
wao,"they, them",,,,,,pronoun,A1,ai,,,,,,,,,,,,
yule,"that one (person, at a distance)",,,,,,pronoun,A1,ai,,,,,,,,,,,,
zenu,"your, yours (class 10)",,,,,,pronoun,A2,ai,,,,,,,,,,,,
kwangu,"to me, at my place",,,,,,pronoun,A2,ai,,,,,,,,,,,,
kiswahili,the Swahili language,,,,,,noun,A1,ai,,,,,,,,,,,,
kiingereza,the English language,,,,,,noun,A1,ai,,,,,,,,,,,,
lugha,language,,,,,,noun,A1,ai,,,,,,,,,,,,
umri,age,,,,,,noun,A1,ai,,,,,,,,,,,,
wiki,week,,,,,,noun,A1,ai,,,,,,,,,,,,
kesho,tomorrow,,,,,,adv,A1,ai,,,,,,,,,,,,
usiku,night,,,,,,noun,A1,ai,,,,,,,,,,,,
ijumaa,Friday,,,,,,noun,A1,ai,,,,,,,,,,,,
masaa,hours,,,,,,noun,A2,ai,,,,,,,,,,,,
kazi,"work, job",,,,,,noun,A1,ai,,,,,,,,,,,,
simu,"telephone, phone call",,,,,,noun,A1,ai,,,,,,,,,,,,
stesheni,station,,,,,,noun,A1,ai,,,,,,,,,,,,
treni,train,,,,,,noun,A1,ai,,,,,,,,,,,,
supamaketi,supermarket,,,,,,noun,A1,ai,,,,,,,,,,,,
menyu,menu,,,,,,noun,A1,ai,,,,,,,,,,,,
kahawa,coffee,,,,,,noun,A1,ai,,,,,,,,,,,,
peremende,"sweets, candy",,,,,,noun,A1,ai,,,,,,,,,,,,
chokoleti,chocolate,,,,,,noun,A1,ai,,,,,,,,,,,,
kadirio,"estimate, bill",,,,,,noun,B1,ai,,,-kadiria (estimate),,,,,,,,,
chenji,change (money returned),,,,,,noun,A2,ai,,,,,,,,,,,,
senti,cent,,,,,,noun,A2,ai,,,,,,,,,,,,
shughuli,"business, activity, engagement",,,,,,noun,A2,ai,,,,,,,,,,,,
mpole,"gentle, mild-mannered, polite",,,,,,adj,A2,ai,,,,,,,,,,,,
mwerevu,"clever, shrewd",,,,,,adj,A2,ai,,,,,,,,,,,,
mtulivu,"calm, quiet",,,,,,adj,A2,ai,,,,,,,,,,,,
hodari,"capable, skilful, brave",,,,,,adj,A2,ai,,,,,,,,,,,,
ghali,expensive,,,,,,adj,A1,ai,,,,,,,,,,,,
rahisi,cheap; easy,,,,,,adj,A1,ai,,,,,,,,,,,,
mapema,early,,,,,,adv,A1,ai,,,,,,,,,,,,
lolote,any at all (class 5),,,,,,adj,B1,ai,,,,,,,,,,,,
wima,"upright, straight",,,,,,adv,A2,ai,,,,,,,,,,,,
kulia,the right-hand side,,,,,,noun,A1,ai,,,,,,,,,,,,
kushoto,the left-hand side,,,,,,noun,A1,ai,,,,,,,,,,,,
kumi,ten,,,,,,adj,A1,ai,,,,,,,,,,,,
mbili,two,,,,,,adj,A1,ai,,,,,,,,,,,,
sita,six,,,,,,adj,A1,ai,,,,,,,,,,,,
saba,seven,,,,,,adj,A1,ai,,,,,,,,,,,,
ishirini,twenty,,,,,,adj,A1,ai,,,,,,,,,,,,
hamsini,fifty,,,,,,adj,A2,ai,,,,,,,,,,,,
sabini,seventy,,,,,,adj,A2,ai,,,,,,,,,,,,
kukutana,to meet one another,,,,,,verb,A1,ai,,,-kutana,,,,,,,,,
kuchelewa,to be late,,,,,,verb,A1,ai,,,-chelewa,,,,,,,,,
kungoja,to wait,,,,,,verb,A1,ai,,kusubiri,-ngoja,,,,,,,,,
kuzungumza,"to speak, to converse",,,,,,verb,A1,ai,,,-zungumza,,,,,,,,,
sizungumzi,I do not speak,,,,,,verb,A1,ai,,,-zungumza,,,,,,,,,
geuka,"turn, turn around",,,,,,verb,A2,ai,,,-geuka,imperative singular,,,,,,,,
enda,go,,,,,,verb,A1,ai,,,-enda,imperative singular,,,,,,,,
lipa,pay,,,,,,verb,A1,ai,,,-lipa,imperative singular,,,,,,,,
weka,"put, place, keep",,,,,,verb,A1,ai,,,-weka,imperative singular,,,,,,,,
kupiga,"to hit, to strike",,,,,,verb,A1,ai,,,-piga,,,,,,,,,
kuchukia,"to hate, to dislike",,,,,,verb,A2,ai,,,-chukia,,,,,,,,,
kupendelea,to prefer,,,,,,verb,A2,ai,,,-pendelea,,,,,,,,,
kuuza,to sell,,,,,,verb,A1,ai,,,-uza,,,,,,,,,
kusoma,"to read, to study",,,,,,verb,A1,ai,,,-soma,,,,,,,,,
kuweza,"to be able, can",,,,,,verb,A1,ai,,,-weza,,,,,,,,,
kuambatana,"to accompany, to go along with",,,,,,verb,B1,ai,,,-ambatana,,,,,,,,,
kugombea,"to compete for, to contest, to stand for office",,,,,,verb,C1,ai,,,-gombea,,,,,,,,,
kale,"antiquity, olden days",,,,,,noun,B2,ai,,,,,,,,,,,,
mshabiki,"fan, enthusiast, supporter",,,,,,noun,B2,ai,,,,,,,,,,,,
msomi,"scholar, educated person",,,,,,noun,C1,ai,,,-soma (read),,,,,,,,,
kutafakari,"to reflect, to meditate, to ponder",,,,,,verb,C1,ai,,,-tafakari,,,,,,,,,
kisasa,"modern, contemporary",,,,,,adj,B2,ai,,,,,,,,,,,,
urithi,"heritage, inheritance",,,,,,noun,B2,ai,,,-rithi (inherit),,,,,,,,,
mtawala,"ruler, governor",,,,,,noun,C1,ai,,,-tawala (rule),,,,,,,,,
kutawala,"to rule, to govern",,,,,,verb,B2,ai,,,-tawala,,,,,,,,,
upatanishi,"reconciliation, mediation",,,,,,noun,C1,ai,,,-patanisha (reconcile),,,,,,,,,
bahati,"luck, fortune",,,,,,noun,A2,ai,,,,,,,,,,,,
fidia,"compensation, ransom",,,,,,noun,C1,ai,,,,,,,,,,,,
kutawanyika,"to scatter, to disperse",,,,,,verb,C1,ai,,,-tawanyika,,,,,,,,,
mafanikio,"success, achievement",,,,,,noun,B2,ai,,,-fanikiwa (succeed),,,,,,,,,
kukuza,"to develop, to promote, to enlarge",,,,,,verb,B2,ai,,,-kuza,,,,,,,,,
ukoloni,colonialism,,,,,,noun,C1,ai,,,,,,,,,,,,
asilia,"indigenous, natural, original",,,,,,adj,B2,ai,,,asili (origin),,,,,,,,,
ngumu,"hard, difficult, tough",,,,,,adj,A2,ai,,,,,,,,,,,,
ushindi,"victory, triumph",,,,,,noun,B2,ai,,,-shinda (win),,,,,,,,,
kushinda,"to win, to defeat, to overcome",,,,,,verb,A2,ai,,,-shinda,,,,,,,,,
mashuhuri,"renowned, celebrated",,,,,,adj,C1,ai,,,,,,,,,,,,
maarufu,"famous, well known",,,,,,adj,B2,ai,,,,,,,,,,,,
mtazamo,"viewpoint, perspective, outlook",,,,,,noun,B2,ai,,,-tazama (look),,,,,,,,,
kujumuisha,"to include, to encompass, to sum up",,,,,,verb,C1,ai,,,-jumuisha,,,,,,,,,
mavazi,"clothing, attire",,,,,,noun,B2,ai,,,-vaa (wear),,,,,,,,,
kuvaa,"to wear, to put on",,,,,,verb,A1,ai,,,-vaa,,,,,,,,,
kizazi,generation,,,,,,noun,B2,ai,,,-zaa (give birth),,,,,,,,,
hisa,"share, stock",,,,,,noun,C1,ai,,,,,,,,,,,,
makao,"residence, dwelling place",,,,,,noun,B2,ai,,,-kaa (stay),,,,,,,,,
bandari,"port, harbour",,,,,,noun,B2,ai,,,,,,,,,,,,
bara,"continent, mainland, the interior",,,,,,noun,B2,ai,,,,,,,,,,,,
kuboresha,"to improve, to enhance",,,,,,verb,B2,ai,,,-boresha,,,,,,,,,
saruji,cement,,,,,,noun,B2,ai,,,,,,,,,,,,
daraja,"bridge; rank, grade",,,,,,noun,A2,ai,,,,,,,,,,,,
mkakati,"strategy, plan of action",,,,,,noun,C1,ai,,,,,,,,,,,,
mapambo,"decorations, ornaments, jewellery",,,,,,noun,B2,ai,,,-pamba (decorate),,,,,,,,,
kiboko,hippopotamus,,,,,,noun,B1,ai,,,,,,,,,,,,
swala,"antelope, gazelle, impala",,,,,,noun,B2,ai,,,,,,,,,,,,
simba,lion,,,,,,noun,A2,ai,,,,,,,,,,,,
tembo,elephant,,,,,,noun,A2,ai,,,,,,,,,,,,
rufaa,"appeal, referral",,,,,,noun,C1,ai,,,,,,,,,,,,
kimo,"height, stature, altitude",,,,,,noun,B2,ai,,,,,,,,,,,,
haramu,"forbidden, unlawful",,,,,,adj,B2,ai,,,,,,,,,,,,
kitongoji,"neighbourhood, sub-village",,,,,,noun,C1,ai,,,,,,,,,,,,
teknolojia,technology,,,,,,noun,B1,ai,,,,,,,,,,,,
mazingira,"environment, surroundings",,,,,,noun,B1,ai,,,-zingira (surround),,,,,,,,,
kuzingira,"to surround, to encircle",,,,,,verb,C1,ai,,,-zingira,,,,,,,,,
karne,century,,,,,,noun,B2,ai,,,,,,,,,,,,
theluthi,a third,,,,,,noun,C1,ai,,,,,,,,,,,,
marehemu,"the deceased, the late",,,,,,noun,C1,ai,,,,,,,,,,,,
mwanzilishi,founder,,,,,,noun,C1,ai,,,-anzisha (initiate),,,,,,,,,
pembe,"corner, angle; horn, tusk",,,,,,noun,B2,ai,,,,,,,,,,,,
jangwa,desert,,,,,,noun,B2,ai,,,,,,,,,,,,
rutuba,"fertility, moisture in soil",,,,,,noun,C1,ai,,,,,,,,,,,,
fuvu,skull,,,,,,noun,C1,ai,,,,,,,,,,,,
kisukuku,fossil,,,,,,noun,C1,ai,,,,,,,,,,,,
mgodi,"mine, quarry",,,,,,noun,B2,ai,,,,,,,,,,,,
makumbusho,museum,,,,,,noun,B1,ai,,,-kumbuka (remember),,,,,,,,,
maendeleo,"development, progress",,,,,,noun,B1,ai,,,-endelea (continue),,,,,,,,,
kusimulia,"to narrate, to recount",,,,,,verb,B2,ai,,,-simulia,,,,,,,,,
kulinda,"to guard, to protect",,,,,,verb,B1,ai,,,-linda,,,,,,,,,
janga,"catastrophe, calamity, epidemic",,,,,,noun,C1,ai,,,,,,,,,,,,
tani,tonne,,,,,,noun,B2,ai,,,,,,,,,,,,
kulipuka,"to explode, to erupt",,,,,,verb,C1,ai,,,-lipuka,,,,,,,,,
kukwea,"to climb, to ascend",,,,,,verb,B2,ai,,kupanda,-kwea,,,,,,,,,
licha,"despite, in spite of",,,,,,preposition,C1,ai,,,,,,,,,,,,
mwambao,"coastline, coastal strip",,,,,,noun,C1,ai,,,,,,,,,,,,
madhumuni,"purpose, aim, objective",,,,,,noun,C1,ai,,,,,,,,,,,,
kushambulia,to attack,,,,,,verb,C1,ai,,,-shambulia,,,,,,,,,
maonyesho,"exhibition, show, display",,,,,,noun,B2,ai,,,-onyesha (show),,,,,,,,,
kuonyesha,"to show, to display",,,,,,verb,A2,ai,,,-onyesha,,,,,,,,,
kudhamini,"to sponsor, to guarantee",,,,,,verb,C1,ai,,,-dhamini,,,,,,,,,
vivutio,attractions,,,,,,noun,B2,ai,,,-vutia (attract),,,,,,,,,
pango,cave,,,,,,noun,B2,ai,,,,,,,,,,,,
ukoo,"clan, lineage",,,,,,noun,B2,ai,,,,,,,,,,,,
kafara,"sacrifice, offering",,,,,,noun,C1,ai,,,,,,,,,,,,
mwamba,"rock, reef",,,,,,noun,B2,ai,,,,,,,,,,,,
kiraka,patch,,,,,,noun,C1,ai,,,,,,,,,,,,
kuhamia,"to move to, to migrate to",,,,,,verb,B2,ai,,,-hamia,,,,,,,,,
kubembeleza,"to coax, to soothe, to entice",,,,,,verb,C1,ai,,,-bembeleza,,,,,,,,,
haki,"right, justice",,,,,,noun,B1,ai,,,,,,,,,,,,
kulazwa,"to be admitted to hospital, to be laid down",,,,,,verb,B2,ai,,,-lazwa,,,,,,,,,
kuajiriwa,"to be employed, to be hired",,,,,,verb,B2,ai,,,-ajiriwa,,,,,,,,,
kuajiri,"to employ, to hire",,,,,,verb,B2,ai,,,-ajiri,,,,,,,,,
mkazi,"resident, inhabitant",,,,,,noun,B2,ai,,,-kaa (stay),,,,,,,,,
kuwezesha,"to enable, to empower",,,,,,verb,C1,ai,,,-wezesha,,,,,,,,,
kupambazuka,"to dawn, to become light",,,,,,verb,C1,ai,,,-pambazuka,,,,,,,,,
shauku,"eagerness, passion, longing",,,,,,noun,C1,ai,,,,,,,,,,,,
taasisi,institution,,,,,,noun,C1,ai,,,,,,,,,,,,
vurugu,"disorder, unrest, violence",,,,,,noun,C1,ai,,,,,,,,,,,,
gereza,"prison, jail",,,,,,noun,B2,ai,,,,,,,,,,,,
wakala,"agent, agency",,,,,,noun,C1,ai,,,,,,,,,,,,
mgogoro,"conflict, dispute, crisis",,,,,,noun,C1,ai,,,,,,,,,,,,
kuchambua,"to analyse, to sort, to sift",,,,,,verb,C1,ai,,,-chambua,,,,,,,,,
utata,"complexity, controversy, ambiguity",,,,,,noun,C1,ai,,,,,,,,,,,,
hatima,"end, outcome, destiny",,,,,,noun,C1,ai,,,,,,,,,,,,
kuhitimu,"to graduate, to complete a course",,,,,,verb,B2,ai,,,-hitimu,,,,,,,,,
riwaya,novel,,,,,,noun,B2,ai,,,,,,,,,,,,
adhabu,"punishment, penalty",,,,,,noun,B2,ai,,,-adhibu (punish),,,,,,,,,
umati,"crowd, multitude",,,,,,noun,C1,ai,,,,,,,,,,,,
kudhibiti,"to control, to regulate",,,,,,verb,C1,ai,,,-dhibiti,,,,,,,,,
jukwaa,"stage, platform, forum",,,,,,noun,C1,ai,,,,,,,,,,,,
mchungaji,"pastor; shepherd, herdsman",,,,,,noun,B2,ai,,,-chunga (herd),,,,,,,,,
kutetea,"to defend, to advocate for",,,,,,verb,C1,ai,,,-tetea,,,,,,,,,
kikwazo,"obstacle, hindrance",,,,,,noun,C1,ai,,,,,,,,,,,,
mkazo,"emphasis, stress, determination",,,,,,noun,C1,ai,,,-kaza (tighten),,,,,,,,,
sekta,sector,,,,,,noun,C1,ai,,,,,,,,,,,,
ulemavu,disability,,,,,,noun,C1,ai,,,,,,,,,,,,
kuongoza,"to lead, to guide",,,,,,verb,B1,ai,,,-ongoza,,,,,,,,,
mwanasiasa,politician,,,,,,noun,B2,ai,,,,,,,,,,,,
siasa,politics,,,,,,noun,B1,ai,,,,,,,,,,,,
azma,"resolve, ambition, determination",,,,,,noun,C1,ai,,,,,,,,,,,,
kulaumu,"to blame, to reproach",,,,,,verb,C1,ai,,,-laumu,,,,,,,,,
tuzo,"award, prize",,,,,,noun,B2,ai,,,,,,,,,,,,
bendi,band (musical),,,,,,noun,B1,ai,,,,,,,,,,,,
falsafa,philosophy,,,,,,noun,C1,ai,,,,,,,,,,,,
kusita,"to hesitate, to pause",,,,,,verb,C1,ai,,,-sita,,,,,,,,,
undugu,"kinship, brotherhood",,,,,,noun,C1,ai,,,ndugu (sibling),,,,,,,,,
rika,"age group, peer group",,,,,,noun,C1,ai,,,,,,,,,,,,
kusifika,"to be famous, to be praised",,,,,,verb,C1,ai,,,-sifika,,,,,,,,,
kusifu,"to praise, to commend",,,,,,verb,B2,ai,,,-sifu,,,,,,,,,
mtafaruku,"commotion, upheaval, dispute",,,,,,noun,C1,ai,,,,,,,,,,,,
kutoaminika,"to be untrustworthy, to be unbelievable",,,,,,verb,C1,ai,,,-aminika,,,,,,,,,
vilindi,depths,,,,,,noun,C1,ai,,,,,,,,,,,,
habari,"news; used as a greeting, 'how is/how are'",,,,,,noun,A1,ai,,,,,,,,,,,,
asubuhi,morning,,,,,,noun,A1,ai,,,,,,,,,,,,
adhuhuri,"midday, the lunch hour",,,,,,noun,A1,ai,,,,,,,,,,,,
jioni,evening,,,,,,noun,A1,ai,,,,,,,,,,,,
mchana,"daytime, afternoon",,,,,,noun,A1,ai,,,,,,,,,,,,
mzima,"well, healthy, in one piece",,,,,,adj,A1,ai,,,,,,,,,,,,
kabisa,"completely, absolutely, totally",,,,,,adv,A1,ai,,,,,,,,,,,,
asante,thank you,,,,,,interjection,A1,ai,,,,,,,,,,,,
sana,"very, very much, a lot",,,,,,adv,A1,ai,,,,,,,,,,,,
mzuri,"good, fine, nice",,,,,,adj,A1,ai,,,,,,,,,,,,
pia,"also, too, as well",,,,,,adv,A1,ai,,,,,,,,,,,,
furaha,"happiness, joy",,,,,,noun,A1,ai,,,,,,,,,,,,
jina,name,,,,,,noun,A1,ai,,,,,,,,,,,,
majina,names,,,,,,noun,A1,ai,,,,,,,,,,,,
naitwa,"I am called, my name is",,,,,,verb,A1,ai,,,-itwa,,,,,,,,,
anaitwa,"he is called, she is called",,,,,,verb,A1,ai,,,-itwa,,,,,,,,,
kwa,"for, with, by, at",,,,,,preposition,A1,ai,,,,,,,,,,,,
mimi,"I, me",,,,,,pronoun,A1,ai,,,,,,,,,,,,
wewe,you,,,,,,pronoun,A1,ai,,,,,,,,,,,,
nami,"and I, I too, with me",,,,,,pronoun,A1,ai,,,,,,,,,,,,
huyu,this one (person),,,,,,pronoun,A1,ai,,,,,,,,,,,,
hii,this one (class 9),,,,,,pronoun,A1,ai,,,,,,,,,,,,
yangu,"my, mine (class 9)",,,,,,pronoun,A1,ai,,,,,,,,,,,,
wako,"your, yours (class 1/2)",,,,,,pronoun,A1,ai,,,,,,,,,,,,
rafiki,friend,,,,,,noun,A1,ai,,,,,,,,,,,,
mwema,"good, kind, pleasant",,,,,,adj,A1,ai,,,,,,,,,,,,
vyema,"well, properly",,,,,,adv,A2,ai,,,,,,,,,,,,
salama,"safe, peaceful, well",,,,,,adj,A1,ai,,,,,,,,,,,,
tafadhali,please,,,,,,interjection,A1,ai,,,,,,,,,,,,
samahani,"sorry, excuse me",,,,,,interjection,A1,ai,,,,,,,,,,,,
pole,sorry (sympathy for somebody's misfortune),,,,,,interjection,A1,ai,,,,,,,,,,,,
karibu,welcome; you're welcome; come in,,,,,,interjection,A1,ai,,,,,,,,,,,,
ndio,yes,,,,,,interjection,A1,ai,,ndiyo,,,,,,,,,,
la,no,,,,,,interjection,A1,ai,,,,,,,,,,,,
sawa,"okay, all right, fine; equal",,,,,,interjection,A1,ai,,,,,,,,,,,,
hongera,congratulations,,,,,,interjection,A1,ai,,,,,,,,,,,,
naomba,"I request, may I have, excuse me",,,,,,verb,A1,ai,,,-omba,,,,,,,,,
nashukuru,"I am grateful, I give thanks",,,,,,verb,A1,ai,,,-shukuru,,,,,,,,,
nimefurahia,"I am pleased, I have enjoyed",,,,,,verb,A1,ai,,,-furahia,,,,,,,,,
niko,I am (in a place or state),,,,,,verb,A1,ai,,,-ko,,,,,,,,,
uko,you are (in a place or state),,,,,,verb,A1,ai,,,-ko,,,,,,,,,
sina,I do not have,,,,,,verb,A1,ai,,,-na,,,,,,,,,
kukujua,to know you,,,,,,verb,A1,ai,,,-jua,,,,,,,,,
chakula,food,,,,,,noun,A1,ai,,,,,,,,,,,,
kinywaji,"a drink, beverage",,,,,,noun,A1,ai,,,,,,,,,,,,
chai,tea,,,,,,noun,A1,ai,,,,,,,,,,,,
wali,cooked rice,,,,,,noun,A1,ai,,,,,,,,,,,,
viungo,"spices, ingredients",,,,,,noun,A2,ai,,,,,,,,,,,,
bidhaa,"goods, merchandise",,,,,,noun,A2,ai,,,,,,,,,,,,
kitamu,"delicious, tasty (class 7)",,,,,,adj,A1,ai,,,,,,,,,,,,
kuita,to call,,,,,,verb,A1,ai,,,-ita,,,,,,,,,
kupika,to cook,,,,,,verb,A1,ai,,,-pika,,,,,,,,,
kukula,to eat,,,,,,verb,A1,ai,,,-la,,,,,,,,,
kunywa,to drink,,,,,,verb,A1,ai,,,-nywa,,,,,,,,,
kutembea,"to walk, to stroll, to travel about",,,,,,verb,A1,ai,,,-tembea,,,,,,,,,
kuona,"to see, to watch",,,,,,verb,A1,ai,,,-ona,,,,,,,,,
nunua,buy,,,,,,verb,A1,ai,,,-nunua,imperative singular,,,,,,,,
sema,"say, speak, tell",,,,,,verb,A1,ai,,,-sema,imperative singular,,,,,,,,
fanya,"do, make",,,,,,verb,A1,ai,,,-fanya,imperative singular,,,,,,,,
shika,"hold, take, here you are",,,,,,verb,A1,ai,,,-shika,imperative singular,,,,,,,,
punguza,"reduce, lessen",,,,,,verb,A2,ai,,,-punguza,,,,,,,,,
malizia,"finish off, complete",,,,,,verb,A2,ai,,,-malizia,,,,,,,,,
rudisha,"give back, return something",,,,,,verb,A2,ai,,,-rudisha,,,,,,,,,
pakua,"dish out, serve food; unload",,,,,,verb,A2,ai,,,-pakua,,,,,,,,,
hospitali,hospital,,,,,,noun,A1,ai,,,,,,,,,,,,
zawadi,"gift, present",,,,,,noun,A1,ai,,,,,,,,,,,,
pacha,twin,,,,,,noun,A2,ai,,,,,,,,,,,,
mapacha,twins,,,,,,noun,A2,ai,,,,,,,,,,,,
mtoto,"child, baby",,,,,,noun,A1,ai,,,,,,,,,,,,
mama,mother; madam (respectful address),,,,,,noun,A1,ai,,,,,,,,,,,,
bwana,"sir, mister, gentleman",,,,,,noun,A1,ai,,,,,,,,,,,,
dada,sister,,,,,,noun,A1,ai,,,,,,,,,,,,
ulaya,"Europe, overseas, abroad",,,,,,noun,A2,ai,,,,,,,,,,,,
ujerumani,Germany,,,,,,noun,A2,ai,,,,,,,,,,,,
wakati,"time, period",,,,,,noun,A1,ai,,,,,,,,,,,,
saa,"hour, o'clock; watch, clock",,,,,,noun,A1,ai,,,,,,,,,,,,
siku,day,,,,,,noun,A1,ai,,,,,,,,,,,,
mwezi,month; moon,,,,,,noun,A1,ai,,,,,,,,,,,,
miezi,months,,,,,,noun,A1,ai,,,,,,,,,,,,
mwaka,year,,,,,,noun,A1,ai,,,,,,,,,,,,
miaka,years,,,,,,noun,A1,ai,,,,,,,,,,,,
jumamosi,Saturday,,,,,,noun,A1,ai,,,,,,,,,,,,
baadaye,"afterwards, later",,,,,,adv,A2,ai,,,,,,,,,,,,
haraka,"quickly, in a hurry",,,,,,adv,A2,ai,,,,,,,,,,,,
tayari,ready; already,,,,,,adj,A1,ai,,,,,,,,,,,,
kidogo,"a little, slightly",,,,,,adv,A1,ai,,,,,,,,,,,,
vingi,many (class 8),,,,,,adj,A1,ai,,,,,,,,,,,,
kali,"fierce, sharp, severe; hot (of weather or spice)",,,,,,adj,A2,ai,,,,,,,,,,,,
mbaya,"bad, wrong",,,,,,adj,A1,ai,,,,,,,,,,,,
mkubwa,"big, large, important",,,,,,adj,A1,ai,,,,,,,,,,,,
mwili,body,,,,,,noun,A2,ai,,,,,,,,,,,,
nyumba,house,,,,,,noun,A1,ai,,,,,,,,,,,,
jiko,kitchen; cooking stove,,,,,,noun,A2,ai,,,,,,,,,,,,
msala,"toilet, lavatory",,,,,,noun,A2,ai,,,,,,,,,,,,
ndani,"inside, within",,,,,,adv,A1,ai,,,,,,,,,,,,
pale,"there, over there (a definite place)",,,,,,adv,A1,ai,,,,,,,,,,,,
biashara,"business, trade",,,,,,noun,A2,ai,,,,,,,,,,,,
ofisi,office,,,,,,noun,A1,ai,,afisi,,,,,,,,,,
darasa,"class, classroom",,,,,,noun,A1,ai,,,,,,,,,,,,
kitabu,book,,,,,,noun,A1,ai,,,,,,,,,,,,
vitabu,books,,,,,,noun,A1,ai,,,,,,,,,,,,
kalamu,"pen, pencil",,,,,,noun,A1,ai,,,,,,,,,,,,
safari,"journey, trip; a wildlife tour",,,,,,noun,A1,ai,,,,,,,,,,,,
ndege,aeroplane; bird,,,,,,noun,A1,ai,,,,,,,,,,,,
sinema,"cinema, film",,,,,,noun,A1,ai,,,,,,,,,,,,
uwanja,"field, ground, open space",,,,,,noun,A2,ai,,,,,,,,,,,,
manukato,"perfume, scent",,,,,,noun,A2,ai,,,,,,,,,,,,
paka,cat,,,,,,noun,A1,ai,,,,,,,,,,,,
mnyama,animal,,,,,,noun,A1,ai,,,,,,,,,,,,
jua,"sun, sunshine",,,,,,noun,A1,ai,,,,,,,,,,,,
joto,"heat, warmth",,,,,,noun,A1,ai,,,,,,,,,,,,
mvua,rain,,,,,,noun,A1,ai,,,,,,,,,,,,
ulimwengu,"world, universe",,,,,,noun,A2,ai,,,,,,,,,,,,
upande,"side, direction, part",,,,,,noun,A2,ai,,,,,,,,,,,,
uwezekano,"possibility, likelihood",,,,,,noun,B1,ai,,,-wezekana (be possible),,,,,,,,,
umbali,distance,,,,,,noun,A2,ai,,,,,,,,,,,,
pesa,money,,,,,,noun,A1,ai,,,,,,,,,,,,
nauli,"fare, transport charge",,,,,,noun,A2,ai,,,,,,,,,,,,
malipo,"payment, charges",,,,,,noun,A2,ai,,,-lipa (pay),,,,,,,,,
shilingi,shilling,,,,,,noun,A1,ai,,,,,,,,,,,,
kilomita,kilometre,,,,,,noun,A1,ai,,,,,,,,,,,,
mvinyo,wine,,,,,,noun,A2,ai,,,,,,,,,,,,
pombe,"beer, alcoholic drink",,,,,,noun,A2,ai,,,,,,,,,,,,
ndoa,marriage,,,,,,noun,A2,ai,,,,,,,,,,,,
ukweli,truth,,,,,,noun,A2,ai,,,,,,,,,,,,
moja,one,,,,,,adj,A1,ai,,,,,,,,,,,,
tatu,three,,,,,,adj,A1,ai,,,,,,,,,,,,
tano,five,,,,,,adj,A1,ai,,,,,,,,,,,,
tisa,nine,,,,,,adj,A1,ai,,,,,,,,,,,,
mia,hundred,,,,,,noun,A1,ai,,,,,,,,,,,,
ngapi,"how many, how much",,,,,,adj,A1,ai,,,,,,,,,,,,
nini,what,,,,,,pronoun,A1,ai,,,,,,,,,,,,
kipi,which one (class 7),,,,,,pronoun,A2,ai,,,,,,,,,,,,
je,question marker introducing a yes-or-no question,,,,,,particle,A1,ai,,,,,,,,,,,,
kuhusu,"about, concerning",,,,,,preposition,A2,ai,,,,,,,,,,,,
napenda,"I like, I love",,,,,,verb,A1,ai,,,-penda,,,,,,,,,
sipendi,I do not like,,,,,,verb,A1,ai,,,-penda,,,,,,,,,
ningependa,I would like,,,,,,verb,A2,ai,,,-penda,,,,,,,,,
ungependa,would you like,,,,,,verb,A2,ai,,,-penda,,,,,,,,,
tumefika,we have arrived,,,,,,verb,A1,ai,,,-fika,,,,,,,,,
nasafiri,I am travelling,,,,,,verb,A2,ai,,,-safiri,,,,,,,,,
mazoezi,"exercise, practice, training",,,,,,noun,A2,ai,,,,,,,,,,,,
kuamka,to wake up,,,,,,verb,A1,ai,,,-amka,,,,,,,,,
kuoga,"to bathe, to shower",,,,,,verb,A1,ai,,,-oga,,,,,,,,,
kukimbia,to run,,,,,,verb,A1,ai,,,-kimbia,,,,,,,,,
kuondoka,"to leave, to depart",,,,,,verb,A1,ai,,,-ondoka,,,,,,,,,
kabla,before,,,,,,preposition,A2,ai,,,,,,,,,,,,
nguvu,"strength, energy, force",,,,,,noun,A2,ai,,,,,,,,,,,,
nywele,hair,,,,,,noun,A2,ai,,,,,,,,,,,,
kudhani,"to think, to suppose",,,,,,verb,A2,ai,,,-dhani,,,,,,,,,
kufunza,"to teach, to instruct",,,,,,verb,A2,ai,,,-funza,,,,,,,,,
kufunga,"to close, to tie, to fasten; to fast",,,,,,verb,A1,ai,,,-funga,,,,,,,,,
mgeni,"guest, visitor, stranger",,,,,,noun,A1,ai,,,,,,,,,,,,
tajiri,"rich, wealthy",,,,,,adj,A2,ai,,,,,,,,,,,,
aina,"type, kind, sort",,,,,,noun,A2,ai,,,,,,,,,,,,
elimu,"education, knowledge",,,,,,noun,A2,ai,,,,,,,,,,,,
kama,"if; like, as; about",,,,,,conjunction,A1,ai,,,,,,,,,,,,
kufuzu,"to qualify, to pass, to graduate",,,,,,verb,B1,ai,,,-fuzu,,,,,,,,,
kutakia,to wish somebody something,,,,,,verb,B1,ai,,,-takia,,,,,,,,,
kusikiza,to listen,,,,,,verb,A2,ai,,kusikiliza,-sikiza,,,,,,,,,
kusikia,"to hear, to feel",,,,,,verb,A1,ai,,,-sikia,,,,,,,,,
mdosi,boss,,,,,,noun,B1,ai,,,,,,,,,,,,
kuagiza,"to order, to instruct",,,,,,verb,A2,ai,,,-agiza,,,,,,,,,
agizo,"an order, an instruction",,,,,,noun,B1,ai,,,-agiza,,,,,,,,,
sugu,"chronic, hardened, habitual",,,,,,adj,B2,ai,,,,,,,,,,,,
kumbukumbu,"memory, memento, record",,,,,,noun,B1,ai,,,-kumbuka (remember),,,,,,,,,
asili,"origin, nature, source",,,,,,noun,B1,ai,,,,,,,,,,,,
vitafunio,snacks,,,,,,noun,A2,ai,,,,,,,,,,,,
kuamua,to decide,,,,,,verb,A2,ai,,,-amua,,,,,,,,,
hadhara,"a public gathering, public view",,,,,,noun,B2,ai,,,,,,,,,,,,
mjanja,a cunning or streetwise person,,,,,,noun,B1,ai,,,,,,,,,,,,
kijana,"young person, youth",,,,,,noun,A2,ai,,,,,,,,,,,,
karani,clerk,,,,,,noun,B1,ai,,,,,,,,,,,,
mtaa,"street, neighbourhood",,,,,,noun,A2,ai,,,,,,,,,,,,
benki,bank,,,,,,noun,A1,ai,,,,,,,,,,,,
kandanda,"football, soccer",,,,,,noun,A2,ai,,mpira wa miguu,,,,,,,,,,
mwanafunzi,"student, pupil",,,,,,noun,A1,ai,,,,,,,,,,,,
mtihani,"examination, test",,,,,,noun,A2,ai,,,,,,,,,,,,
kiwanja,"plot of land, pitch, ground",,,,,,noun,A2,ai,,,,,,,,,,,,
kuimba,to sing,,,,,,verb,A1,ai,,,-imba,,,,,,,,,
somo,"lesson, subject",,,,,,noun,A2,ai,,,,,,,,,,,,
mafunzo,"training, instruction",,,,,,noun,B1,ai,,,-funza (teach),,,,,,,,,
kujuana,to know one another,,,,,,verb,B1,ai,,,-juana,,,,,,,,,
mwaliko,invitation,,,,,,noun,B1,ai,,,-alika (invite),,,,,,,,,
msichana,girl,,,,,,noun,A1,ai,,,,,,,,,,,,
mvulana,boy,,,,,,noun,A1,ai,,,,,,,,,,,,
kukubali,"to accept, to agree",,,,,,verb,A2,ai,,,-kubali,,,,,,,,,
matembezi,"a walk, an outing",,,,,,noun,B1,ai,,,-tembea (walk),,,,,,,,,
bei,price,,,,,,noun,A1,ai,,,,,,,,,,,,
harusi,wedding,,,,,,noun,A2,ai,,arusi,,,,,,,,,,
duka,"shop, store",,,,,,noun,A1,ai,,,,,,,,,,,,
raha,"pleasure, comfort, enjoyment",,,,,,noun,A2,ai,,,,,,,,,,,,
awali,"at first, initially",,,,,,adv,B1,ai,,,,,,,,,,,,
makini,"attentive, careful, serious",,,,,,adj,B1,ai,,,,,,,,,,,,
kutumaini,"to hope, to trust",,,,,,verb,B1,ai,,,-tumaini,,,,,,,,,
kulinganisha,to compare,,,,,,verb,B1,ai,,,-linganisha,,,,,,,,,
mpenzi,"beloved, sweetheart, partner",,,,,,noun,A2,ai,,,-penda (love),,,,,,,,,
uhusiano,"relationship, connection",,,,,,noun,B1,ai,,,-husiana (be related),,,,,,,,,
maisha,life,,,,,,noun,A2,ai,,,-ishi (live),,,,,,,,,
kuku,chicken,,,,,,noun,A1,ai,,,,,,,,,,,,
kitoweo,a relish or stew eaten with the staple,,,,,,noun,B1,ai,,,,,,,,,,,,
kuchemsha,to boil something,,,,,,verb,A2,ai,,,-chemsha,,,,,,,,,
mafuta,"oil, fat",,,,,,noun,A2,ai,,,,,,,,,,,,
kuadhibu,to punish,,,,,,verb,B2,ai,,,-adhibu,,,,,,,,,
kuuliza,to ask,,,,,,verb,A1,ai,,,-uliza,,,,,,,,,
kelele,"noise, shouting",,,,,,noun,A2,ai,,,,,,,,,,,,
kurudia,"to repeat, to go back to",,,,,,verb,A2,ai,,,-rudia,,,,,,,,,
kuahidi,to promise,,,,,,verb,A2,ai,,,-ahidi,,,,,,,,,
kupatia,"to give to, to provide for",,,,,,verb,A2,ai,,,-patia,,,,,,,,,
kukasirika,to become angry,,,,,,verb,A2,ai,,,-kasirika,,,,,,,,,
msongamano,"congestion, traffic jam, crowding",,,,,,noun,B1,ai,,,-songa (press),,,,,,,,,
kukosa,"to miss, to lack, to fail to",,,,,,verb,A2,ai,,,-kosa,,,,,,,,,
kuchoka,to become tired,,,,,,verb,A1,ai,,,-choka,,,,,,,,,
kuharibika,"to break down, to be spoilt",,,,,,verb,A2,ai,,,-haribika,,,,,,,,,
mashine,machine,,,,,,noun,A2,ai,,,,,,,,,,,,
muundo,"design, structure",,,,,,noun,B1,ai,,,-unda (construct),,,,,,,,,
sketi,skirt,,,,,,noun,A2,ai,,,,,,,,,,,,
nguo,"clothes, garment, cloth",,,,,,noun,A1,ai,,,,,,,,,,,,
rangi,"colour, paint",,,,,,noun,A1,ai,,,,,,,,,,,,
nyekundu,red,,,,,,adj,A1,ai,,,,,,,,,,,,
nyeusi,"black, dark",,,,,,adj,A1,ai,,,,,,,,,,,,
nyeupe,white,,,,,,adj,A1,ai,,,,,,,,,,,,
ndefu,"long, tall (class 9/10)",,,,,,adj,A1,ai,,,,,,,,,,,,
ukubwa,"size, largeness",,,,,,noun,A2,ai,,,-kubwa (big),,,,,,,,,
kupima,"to measure, to try on, to test",,,,,,verb,A2,ai,,,-pima,,,,,,,,,
upepo,wind,,,,,,noun,A2,ai,,,,,,,,,,,,
theluji,snow,,,,,,noun,A2,ai,,,,,,,,,,,,
majira,"season, period",,,,,,noun,B1,ai,,,,,,,,,,,,
kuzoea,"to get used to, to become accustomed",,,,,,verb,B1,ai,,,-zoea,,,,,,,,,
mtalii,tourist,,,,,,noun,A2,ai,,,,,,,,,,,,
kuja,to come,,,,,,verb,A1,ai,,,-ja,,,,,,,,,
pasipoti,passport,,,,,,noun,A2,ai,,,,,,,,,,,,
kuvuka,to cross,,,,,,verb,A2,ai,,,-vuka,,,,,,,,,
muhuri,"seal, official stamp",,,,,,noun,B1,ai,,,,,,,,,,,,
hema,tent,,,,,,noun,A2,ai,,,,,,,,,,,,
wikendi,weekend,,,,,,noun,A1,ai,,,,,,,,,,,,
kupanga,"to plan, to arrange; to rent",,,,,,verb,A2,ai,,,-panga,,,,,,,,,
mpango,"plan, arrangement",,,,,,noun,A2,ai,,,-panga,,,,,,,,,
likizo,"holiday, leave, vacation",,,,,,noun,A2,ai,,,,,,,,,,,,
ufuo,"beach, shore",,,,,,noun,B1,ai,,,,,,,,,,,,
pwani,"coast, seashore",,,,,,noun,A2,ai,,,,,,,,,,,,
hesabu,"mathematics, arithmetic; a bill",,,,,,noun,A2,ai,,,,,,,,,,,,
asilimia,"percentage, per cent",,,,,,noun,B1,ai,,,,,,,,,,,,
kuzidisha,"to multiply, to increase",,,,,,verb,B1,ai,,,-zidisha,,,,,,,,,
kugawa,"to divide, to share out",,,,,,verb,A2,ai,,,-gawa,,,,,,,,,
nafuu,"affordable, moderate; improved in health",,,,,,adj,A2,ai,,,,,,,,,,,,
kinyume,"the opposite, the reverse",,,,,,noun,B1,ai,,,,,,,,,,,,
jibu,"answer, reply",,,,,,noun,A2,ai,,,,,,,,,,,,
miadi,"appointment, agreed meeting",,,,,,noun,B1,ai,,,,,,,,,,,,
kuhisi,"to feel, to sense",,,,,,verb,B1,ai,,,-hisi,,,,,,,,,
kuumwa,"to be in pain, to ache, to be ill",,,,,,verb,A2,ai,,,-umwa,,,,,,,,,
matibabu,medical treatment,,,,,,noun,B1,ai,,,-tibu (treat),,,,,,,,,
kichwa,head,,,,,,noun,A1,ai,,,,,,,,,,,,
jicho,eye,,,,,,noun,A1,ai,,,,,,,,,,,,
macho,eyes,,,,,,noun,A1,ai,,,,,,,,,,,,
mgongo,back (of the body),,,,,,noun,A2,ai,,,,,,,,,,,,
mkono,"hand, arm",,,,,,noun,A1,ai,,,,,,,,,,,,
mguu,"leg, foot",,,,,,noun,A1,ai,,,,,,,,,,,,
daktari,doctor,,,,,,noun,A1,ai,,,,,,,,,,,,
uchungu,"pain, bitterness",,,,,,noun,B1,ai,,,-chungu (bitter),,,,,,,,,
kutapika,to vomit,,,,,,verb,B1,ai,,,-tapika,,,,,,,,,
dawa,"medicine, remedy",,,,,,noun,A1,ai,,,,,,,,,,,,
kuchukua,"to take, to carry away",,,,,,verb,A1,ai,,,-chukua,,,,,,,,,
ghorofa,"storey, floor of a building",,,,,,noun,A2,ai,,,,,,,,,,,,
teksi,taxi,,,,,,noun,A1,ai,,,,,,,,,,,,
chumba,room,,,,,,noun,A1,ai,,,,,,,,,,,,
kulipisha,"to charge somebody, to make pay",,,,,,verb,B1,ai,,,-lipisha,,,,,,,,,
kubeba,to carry,,,,,,verb,A2,ai,,,-beba,,,,,,,,,
kushiba,"to be satisfied with food, to be full",,,,,,verb,A2,ai,,,-shiba,,,,,,,,,
maandishi,"writing, text",,,,,,noun,B1,ai,,,-andika (write),,,,,,,,,
kuandika,to write,,,,,,verb,A1,ai,,,-andika,,,,,,,,,
kueleza,"to explain, to describe",,,,,,verb,A2,ai,,,-eleza,,,,,,,,,
kuelewa,to understand,,,,,,verb,A1,ai,,,-elewa,,,,,,,,,
hoteli,hotel; restaurant,,,,,,noun,A1,ai,,,,,,,,,,,,
barabara,"road, highway",,,,,,noun,A1,ai,,,,,,,,,,,,
njia,"path, way, road",,,,,,noun,A1,ai,,,,,,,,,,,,
kusaidia,to help,,,,,,verb,A1,ai,,,-saidia,,,,,,,,,
kupinduka,"to turn over, to overturn",,,,,,verb,B1,ai,,,-pinduka,,,,,,,,,
jumba,"large building, hall, mansion",,,,,,noun,B1,ai,,,,,,,,,,,,
msingi,"foundation, basis",,,,,,noun,B1,ai,,,,,,,,,,,,
matokeo,"results, outcome",,,,,,noun,B1,ai,,,-tokea (happen),,,,,,,,,
nafasi,"space, opportunity, vacancy",,,,,,noun,A2,ai,,,,,,,,,,,,
kuchagua,"to choose, to elect",,,,,,verb,A2,ai,,,-chagua,,,,,,,,,
upili,the second stage; secondary,,,,,,noun,B1,ai,,,,,,,,,,,,
mwisho,"end, last",,,,,,noun,A2,ai,,,,,,,,,,,,
kwanza,"first, firstly",,,,,,adv,A1,ai,,,,,,,,,,,,
pili,second,,,,,,adj,A1,ai,,,,,,,,,,,,
kiamsha kinywa,breakfast,,,,,,noun,A2,ai,,,,,,,,,,,,
kengele,"bell, alarm",,,,,,noun,A2,ai,,,,,,,,,,,,
kitanda,bed,,,,,,noun,A1,ai,,,,,,,,,,,,
uso,face,,,,,,noun,A1,ai,,,,,,,,,,,,
jino,tooth,,,,,,noun,A1,ai,,,,,,,,,,,,
mswaki,toothbrush; chewing stick,,,,,,noun,A2,ai,,,,,,,,,,,,
choo,"toilet, lavatory",,,,,,noun,A1,ai,,,,,,,,,,,,
takataka,"rubbish, litter",,,,,,noun,A2,ai,,,,,,,,,,,,
mbwa,dog,,,,,,noun,A1,ai,,,,,,,,,,,,
familia,family,,,,,,noun,A1,ai,,,,,,,,,,,,
mlango,door,,,,,,noun,A1,ai,,,,,,,,,,,,
dirisha,window,,,,,,noun,A1,ai,,,,,,,,,,,,
ukuta,wall,,,,,,noun,A2,ai,,,,,,,,,,,,
jirani,neighbour,,,,,,noun,A1,ai,,,,,,,,,,,,
lifti,"lift, elevator",,,,,,noun,A2,ai,,,,,,,,,,,,
ngazi,"stairs, ladder, step",,,,,,noun,A2,ai,,,,,,,,,,,,
jengo,building,,,,,,noun,A2,ai,,,-jenga (build),,,,,,,,,
kujenga,to build,,,,,,verb,A2,ai,,,-jenga,,,,,,,,,
muziki,music,,,,,,noun,A1,ai,,,,,,,,,,,,
kituo,"station, stop, centre",,,,,,noun,A2,ai,,,,,,,,,,,,
basi,"bus; (as a discourse marker) then, so, well then",,,,,,noun,A1,ai,,,,,,,,,,,,
dereva,driver,,,,,,noun,A2,ai,,,,,,,,,,,,
baiskeli,bicycle,,,,,,noun,A1,ai,,,,,,,,,,,,
gari,"car, vehicle",,,,,,noun,A1,ai,,,,,,,,,,,,
tiketi,ticket,,,,,,noun,A1,ai,,,,,,,,,,,,
usingizi,sleep,,,,,,noun,A2,ai,,,-lala (sleep),,,,,,,,,
kukumbatia,"to embrace, to hug",,,,,,verb,B1,ai,,,-kumbatia,,,,,,,,,
maoni,"opinion, comment, feedback",,,,,,noun,B1,ai,,,-ona (see),,,,,,,,,
mtandao,the internet; a network,,,,,,noun,A2,ai,,,,,,,,,,,,
tovuti,website,,,,,,noun,B1,ai,,,,,,,,,,,,
barua,letter,,,,,,noun,A1,ai,,,,,,,,,,,,
programu,"programme, software application",,,,,,noun,A2,ai,,,,,,,,,,,,
faili,file,,,,,,noun,A2,ai,,,,,,,,,,,,
hati,"document, certificate",,,,,,noun,B1,ai,,,,,,,,,,,,
kibao,"board, tablet, plaque",,,,,,noun,B1,ai,,,,,,,,,,,,
akaunti,account,,,,,,noun,A2,ai,,,,,,,,,,,,
kupakua,"to download; to unload, to dish out",,,,,,verb,B1,ai,,,-pakua,,,,,,,,,
kupakia,to upload; to load,,,,,,verb,B1,ai,,,-pakia,,,,,,,,,
mvivu,lazy,,,,,,adj,A2,ai,,,,,,,,,,,,
mzazi,parent,,,,,,noun,A2,ai,,,-zaa (give birth),,,,,,,,,
chombo,"utensil, vessel, instrument",,,,,,noun,A2,ai,,,,,,,,,,,,
mkeka,woven mat,,,,,,noun,B1,ai,,,,,,,,,,,,
rafu,shelf,,,,,,noun,A2,ai,,,,,,,,,,,,
mmea,plant,,,,,,noun,A2,ai,,,-mea (grow),,,,,,,,,
mboga,vegetable,,,,,,noun,A1,ai,,,,,,,,,,,,
kufua,to wash clothes,,,,,,verb,A2,ai,,,-fua,,,,,,,,,
kuosha,to wash (objects),,,,,,verb,A1,ai,,,-osha,,,,,,,,,
nyongeza,"addition, increase, supplement",,,,,,noun,B1,ai,,,-ongeza (add),,,,,,,,,
dawati,desk,,,,,,noun,A2,ai,,,,,,,,,,,,
kipaumbele,priority,,,,,,noun,B2,ai,,,,,,,,,,,,
kitambulisho,"identity card, identification",,,,,,noun,B1,ai,,,-tambua (recognise),,,,,,,,,
maelezo,"explanation, notes, details",,,,,,noun,B1,ai,,,-eleza (explain),,,,,,,,,
nyaraka,"documents, records",,,,,,noun,B2,ai,,,,,,,,,,,,
droo,drawer,,,,,,noun,B1,ai,,,,,,,,,,,,
mkutano,"meeting, conference",,,,,,noun,A2,ai,,,-kutana (meet),,,,,,,,,
mada,"topic, subject, presentation",,,,,,noun,B1,ai,,,,,,,,,,,,
wazo,"idea, thought",,,,,,noun,A2,ai,,,-waza (think),,,,,,,,,
karatasi,paper,,,,,,noun,A1,ai,,,,,,,,,,,,
faksi,fax,,,,,,noun,B1,ai,,,,,,,,,,,,
majaribu,"temptation, trials",,,,,,noun,B2,ai,,,-jaribu (try),,,,,,,,,
kujaribu,"to try, to attempt",,,,,,verb,A2,ai,,,-jaribu,,,,,,,,,
homa,"fever, a cold",,,,,,noun,A2,ai,,,,,,,,,,,,
madini,minerals,,,,,,noun,B2,ai,,,,,,,,,,,,
protini,protein,,,,,,noun,B2,ai,,,,,,,,,,,,
vitamini,vitamin,,,,,,noun,B1,ai,,,,,,,,,,,,
kusukutua,"to rinse the mouth, to gargle",,,,,,verb,B2,ai,,,-sukutua,,,,,,,,,
soko,market,,,,,,noun,A1,ai,,,,,,,,,,,,
mauzo,sales,,,,,,noun,B1,ai,,,-uza (sell),,,,,,,,,
mahali,place,,,,,,noun,A2,ai,,,,,,,,,,,,
mkahawa,"cafe, restaurant",,,,,,noun,A2,ai,,,kahawa (coffee),,,,,,,,,
mhudumu,"waiter, attendant, server",,,,,,noun,B1,ai,,,-hudumu (serve),,,,,,,,,
sahani,"plate, dish",,,,,,noun,A1,ai,,,,,,,,,,,,
meza,table,,,,,,noun,A1,ai,,,,,,,,,,,,
mchele,uncooked rice,,,,,,noun,A2,ai,,,,,,,,,,,,
saladi,salad,,,,,,noun,A2,ai,,,,,,,,,,,,
mtungi,"jug, pitcher, water pot",,,,,,noun,B1,ai,,,,,,,,,,,,
kadi,card,,,,,,noun,A1,ai,,,,,,,,,,,,
kusherehekea,to celebrate,,,,,,verb,B1,ai,,,-sherehekea,,,,,,,,,
sherehe,"celebration, party, ceremony",,,,,,noun,A2,ai,,,,,,,,,,,,
kuhifadhi,"to preserve, to store, to reserve",,,,,,verb,B2,ai,,,-hifadhi,,,,,,,,,
muigizaji,"actor, performer",,,,,,noun,B2,ai,,,-igiza (act),,,,,,,,,
lori,"lorry, truck",,,,,,noun,A2,ai,,,,,,,,,,,,
kujifanya,"to pretend, to act as if",,,,,,verb,B2,ai,,,-jifanya,,,,,,,,,
mshumaa,candle,,,,,,noun,A2,ai,,,,,,,,,,,,
ufundi,"craft, skill, technique",,,,,,noun,B1,ai,,,fundi (craftsman),,,,,,,,,
kupoteza,"to lose, to waste",,,,,,verb,A2,ai,,,-poteza,,,,,,,,,
kukodi,"to rent, to hire",,,,,,verb,B1,ai,,,-kodi,,,,,,,,,
hadithi,"story, tale",,,,,,noun,A2,ai,,,,,,,,,,,,
stima,"electricity, electric power",,,,,,noun,A2,ai,,umeme,,,,,,,,,,
sofa,"sofa, settee",,,,,,noun,A2,ai,,,,,,,,,,,,
betri,battery,,,,,,noun,A2,ai,,,,,,,,,,,,
utani,"joking, banter",,,,,,noun,B2,ai,,,,,,,,,,,,
machafuko,"disorder, unrest, mess",,,,,,noun,B2,ai,,,-chafuka (become dirty),,,,,,,,,
mazungumzo,"conversation, discussion",,,,,,noun,B1,ai,,,-zungumza (converse),,,,,,,,,
kujulisha,"to inform, to notify",,,,,,verb,B1,ai,,,-julisha,,,,,,,,,
alasiri,mid-afternoon,,,,,,noun,B1,ai,,,,,,,,,,,,
mteja,"client, customer",,,,,,noun,B1,ai,,,,,,,,,,,,
ukumbusho,"reminder, commemoration",,,,,,noun,B1,ai,,,-kumbuka (remember),,,,,,,,,
kampuni,"company, firm",,,,,,noun,A2,ai,,,,,,,,,,,,
kufurika,"to overflow, to flood",,,,,,verb,B2,ai,,,-furika,,,,,,,,,
mafuriko,"floods, flooding",,,,,,noun,B1,ai,,,-furika (overflow),,,,,,,,,
kuhuzunisha,"to sadden, to make sorrowful",,,,,,verb,B2,ai,,,-huzunisha,,,,,,,,,
kutabiri,"to predict, to forecast",,,,,,verb,B2,ai,,,-tabiri,,,,,,,,,
kuathiri,"to affect, to influence",,,,,,verb,B2,ai,,,-athiri,,,,,,,,,
athari,"effect, impact, trace",,,,,,noun,B1,ai,,,,,,,,,,,,
ajali,accident,,,,,,noun,A2,ai,,,,,,,,,,,,
ghafla,"suddenly, all at once",,,,,,adv,B1,ai,,,,,,,,,,,,
ufupi,"shortness, brevity",,,,,,noun,B1,ai,,,-fupi (short),,,,,,,,,
kufahamu,"to understand, to be aware of",,,,,,verb,B1,ai,,,-fahamu,,,,,,,,,
ufahamu,"understanding, comprehension",,,,,,noun,B2,ai,,,-fahamu,,,,,,,,,
kuteleza,"to slip, to slide",,,,,,verb,B1,ai,,,-teleza,,,,,,,,,
kupotea,"to get lost, to disappear",,,,,,verb,A2,ai,,,-potea,,,,,,,,,
kubidi,"to be necessary, to be obliged to",,,,,,verb,B2,ai,,,-bidi,,,,,,,,,
udhamini,"sponsorship, scholarship",,,,,,noun,B2,ai,,,,,,,,,,,,
kufanikiwa,"to succeed, to prosper",,,,,,verb,B1,ai,,,-fanikiwa,,,,,,,,,
akiba,"savings, reserve",,,,,,noun,B1,ai,,,,,,,,,,,,
suala,"issue, matter, question",,,,,,noun,B1,ai,,,,,,,,,,,,
kufikiri,"to think, to reason",,,,,,verb,A2,ai,,,-fikiri,,,,,,,,,
suruali,trousers,,,,,,noun,A2,ai,,,,,,,,,,,,
kliniki,clinic,,,,,,noun,B1,ai,,,,,,,,,,,,
hifadhi,"reserve, conservation area; storage",,,,,,noun,B1,ai,,,,,,,,,,,,
hadi,"until, up to, as far as",,,,,,preposition,A2,ai,,,,,,,,,,,,
kuanguka,to fall; to fail an exam,,,,,,verb,A2,ai,,,-anguka,,,,,,,,,
kufura,to swell,,,,,,verb,B2,ai,,,-fura,,,,,,,,,
kufika,"to arrive, to reach",,,,,,verb,A1,ai,,,-fika,,,,,,,,,
kurithi,to inherit,,,,,,verb,B2,ai,,,-rithi,,,,,,,,,
ombi,"request, petition",,,,,,noun,B1,ai,,,-omba (ask),,,,,,,,,
kuongeza,"to add, to increase",,,,,,verb,A2,ai,,,-ongeza,,,,,,,,,
kuhitaji,"to need, to require",,,,,,verb,A2,ai,,,-hitaji,,,,,,,,,
kutarajia,"to expect, to anticipate",,,,,,verb,B1,ai,,,-tarajia,,,,,,,,,
kubadilisha,"to change, to exchange",,,,,,verb,A2,ai,,,-badilisha,,,,,,,,,
taulo,towel,,,,,,noun,A2,ai,,,,,,,,,,,,
kusafisha,to clean,,,,,,verb,A2,ai,,,-safisha,,,,,,,,,
kurudi,"to return, to go back",,,,,,verb,A1,ai,,,-rudi,,,,,,,,,
kutua,"to land, to alight, to set down",,,,,,verb,B1,ai,,,-tua,,,,,,,,,
kuwasili,to arrive,,,,,,verb,B1,ai,,,-wasili,,,,,,,,,
kusafiri,to travel,,,,,,verb,A2,ai,,,-safiri,,,,,,,,,
madawa,"drugs, medicines",,,,,,noun,B1,ai,,,,,,,,,,,,
kichocheo,"stimulant, catalyst, incentive",,,,,,noun,B2,ai,,,-chochea (incite),,,,,,,,,
kukatiza,"to interrupt, to cut across",,,,,,verb,B2,ai,,,-katiza,,,,,,,,,
saikolojia,psychology,,,,,,noun,B2,ai,,,,,,,,,,,,
shinikizo,pressure,,,,,,noun,B2,ai,,,,,,,,,,,,
kutegemea,"to depend on, to rely on, to expect",,,,,,verb,B1,ai,,,-tegemea,,,,,,,,,
umbo,"shape, form",,,,,,noun,B1,ai,,,,,,,,,,,,
kufanana,to resemble one another,,,,,,verb,B1,ai,,,-fanana,,,,,,,,,
kipengele,"feature, element, clause",,,,,,noun,B2,ai,,,,,,,,,,,,
kudumu,"to last, to endure",,,,,,verb,B1,ai,,,-dumu,,,,,,,,,
nyamavu,"quiet, taciturn",,,,,,adj,B2,ai,,,,,,,,,,,,
bafu,"bathroom, bath",,,,,,noun,A2,ai,,,,,,,,,,,,
bwawa,"pool, pond, dam",,,,,,noun,B1,ai,,,,,,,,,,,,
kuogelea,to swim,,,,,,verb,A2,ai,,,-ogelea,,,,,,,,,
mwenyeji,"host; local inhabitant, native",,,,,,noun,B1,ai,,,,,,,,,,,,
maili,mile,,,,,,noun,B1,ai,,,,,,,,,,,,
kuonekana,"to be seen, to appear, to seem",,,,,,verb,B1,ai,,,-onekana,,,,,,,,,
intaneti,internet,,,,,,noun,A2,ai,,mtandao,,,,,,,,,,
anwani,address; title,,,,,,noun,A2,ai,,,,,,,,,,,,
kubonyeza,"to press, to click",,,,,,verb,B1,ai,,,-bonyeza,,,,,,,,,
nywila,password,,,,,,noun,B1,ai,,neno la siri,,,,,,,,,,
kutafuta,"to look for, to search",,,,,,verb,A1,ai,,,-tafuta,,,,,,,,,
mhandisi,engineer,,,,,,noun,B1,ai,,,,,,,,,,,,
cheo,"rank, position, title",,,,,,noun,B1,ai,,,,,,,,,,,,
msaada,"help, assistance, aid",,,,,,noun,A2,ai,,,-saidia (help),,,,,,,,,
kufaa,"to be suitable, to be of use",,,,,,verb,B1,ai,,,-faa,,,,,,,,,
mhenga,"elder, ancestor, sage",,,,,,noun,C1,ai,,,,,,,,,,,,
kuiga,"to imitate, to copy",,,,,,verb,B2,ai,,,-iga,,,,,,,,,
kudai,"to claim, to demand",,,,,,verb,B2,ai,,,-dai,,,,,,,,,
kuthibitisha,"to prove, to confirm",,,,,,verb,B2,ai,,,-thibitisha,,,,,,,,,
afadhali,"better, preferably",,,,,,adv,B1,ai,,,,,,,,,,,,
maafa,"disaster, calamity",,,,,,noun,B2,ai,,,,,,,,,,,,
ngano,"folk tale, legend; wheat",,,,,,noun,B2,ai,,,,,,,,,,,,
kuvutia,"to attract, to be interesting",,,,,,verb,B1,ai,,,-vutia,,,,,,,,,
kuhadithia,"to narrate, to tell a story to",,,,,,verb,B2,ai,,,-hadithia,,,,,,,,,
mandazi,"a fried dough cake, similar to a doughnut",,,,,,noun,A2,ai,,,,,,,,,,,,
sumu,"poison, venom",,,,,,noun,B2,ai,,,,,,,,,,,,
mlingano,"equation, balance",,,,,,noun,B2,ai,,,-lingana (be equal),,,,,,,,,
mwanasayansi,scientist,,,,,,noun,B1,ai,,,,,,,,,,,,
mchanganyiko,"mixture, blend",,,,,,noun,B2,ai,,,-changanya (mix),,,,,,,,,
kusihi,"to urge, to implore",,,,,,verb,C1,ai,,,-sihi,,,,,,,,,
msamaha,"forgiveness, pardon",,,,,,noun,B1,ai,,,-samehe (forgive),,,,,,,,,
kujali,"to care, to mind",,,,,,verb,B1,ai,,,-jali,,,,,,,,,
kugundua,"to discover, to notice",,,,,,verb,B1,ai,,,-gundua,,,,,,,,,
ukame,drought,,,,,,noun,B2,ai,,,-kame (dry),,,,,,,,,
dhoruba,storm,,,,,,noun,B2,ai,,,,,,,,,,,,
uhakika,"certainty, assurance",,,,,,noun,B2,ai,,,-hakika (certain),,,,,,,,,
kuruka,to jump; to fly,,,,,,verb,A2,ai,,,-ruka,,,,,,,,,
utoto,childhood,,,,,,noun,B1,ai,,,mtoto (child),,,,,,,,,
kukua,"to grow, to grow up",,,,,,verb,A2,ai,,,-kua,,,,,,,,,
leo,today,,,,,,adv,A1,ai,,,,,,,,,,,,
sasa,now,,,,,,adv,A1,ai,,,,,,,,,,,,
jana,yesterday,,,,,,adv,A1,ai,,,,,,,,,,,,
pamoja,together,,,,,,adv,A1,ai,,,,,,,,,,,,
kila,"every, each",,,,,,adj,A1,ai,,,,,,,,,,,,
katika,"in, at, into, among",,,,,,preposition,A1,ai,,,,,,,,,,,,
bila,without,,,,,,preposition,A1,ai,,,,,,,,,,,,
mpya,new,,,,,,adj,A1,ai,,,,,,,,,,,,
mingi,"many, much (class 4)",,,,,,adj,A1,ai,,,,,,,,,,,,
chache,"few, a few",,,,,,adj,A2,ai,,,,,,,,,,,,
vizuri,"well, nicely",,,,,,adv,A1,ai,,,,,,,,,,,,
kikuu,"great, chief, main (class 7)",,,,,,adj,B1,ai,,,,,,,,,,,,
hali,"condition, state, situation",,,,,,noun,A2,ai,,,,,,,,,,,,
shaka,"doubt, uncertainty",,,,,,noun,B1,ai,,,,,,,,,,,,
kwenda,to go,,,,,,verb,A1,ai,,,-enda,,,,,,,,,
kujua,to know,,,,,,verb,A1,ai,,,-jua,,,,,,,,,
kufanya,"to do, to make",,,,,,verb,A1,ai,,,-fanya,,,,,,,,,
kununua,to buy,,,,,,verb,A1,ai,,,-nunua,,,,,,,,,
kuweka,"to put, to place, to keep",,,,,,verb,A1,ai,,,-weka,,,,,,,,,
kuomba,"to ask for, to request, to pray",,,,,,verb,A1,ai,,,-omba,,,,,,,,,
kutazama,"to look at, to watch",,,,,,verb,A1,ai,,,-tazama,,,,,,,,,
kupanda,"to climb, to board, to rise; to plant",,,,,,verb,A2,ai,,,-panda,,,,,,,,,
kutembelea,to visit,,,,,,verb,A2,ai,,,-tembelea,,,,,,,,,
kukumbusha,to remind,,,,,,verb,B1,ai,,,-kumbusha,,,,,,,,,
kukumbuka,to remember,,,,,,verb,A2,ai,,,-kumbuka,,,,,,,,,
kusamehe,"to forgive, to pardon",,,,,,verb,A2,ai,,,-samehe,,,,,,,,,
kuendelea,"to continue, to proceed, to develop",,,,,,verb,A2,ai,,,-endelea,,,,,,,,,
kuleta,to bring,,,,,,verb,A1,ai,,,-leta,,,,,,,,,
kujifungua,to give birth,,,,,,verb,B1,ai,,,-jifungua,,,,,,,,,
kukanyaga,"to tread on, to step on",,,,,,verb,B1,ai,,,-kanyaga,,,,,,,,,
kubaki,"to remain, to be left over",,,,,,verb,A2,ai,,,-baki,,,,,,,,,
kuarifu,"to inform, to notify",,,,,,verb,B2,ai,,,-arifu,,,,,,,,,
kukusudia,"to intend, to mean to",,,,,,verb,B2,ai,,,-kusudia,,,,,,,,,
kupendeza,"to be pleasing, to look attractive",,,,,,verb,B1,ai,,,-pendeza,,,,,,,,,
kuambatanisha,"to attach, to match up",,,,,,verb,C1,ai,,,-ambatanisha,,,,,,,,,
kuanzisha,"to start, to found, to initiate",,,,,,verb,B1,ai,,,-anzisha,,,,,,,,,
kuanza,"to begin, to start",,,,,,verb,A1,ai,,,-anza,,,,,,,,,
kupatikana,"to be found, to be available",,,,,,verb,B1,ai,,,-patikana,,,,,,,,,
kupitisha,"to pass, to approve, to let through",,,,,,verb,C1,ai,,,-pitisha,,,,,,,,,
kuenzi,"to honour, to commemorate",,,,,,verb,C1,ai,,,-enzi,,,,,,,,,
kuremba,"to decorate, to beautify",,,,,,verb,B2,ai,,,-remba,,,,,,,,,
meno,teeth,,,,,,noun,A1,ai,,,,,,,,,,,,
wanyama,animals,,,,,,noun,A1,ai,,,,,,,,,,,,
vyakula,"foods, foodstuffs",,,,,,noun,A1,ai,,,,,,,,,,,,
maduka,"shops, stores",,,,,,noun,A1,ai,,,,,,,,,,,,
biryani,"biryani, a spiced rice dish",,,,,,noun,A2,ai,,,,,,,,,,,,
bichi,"raw, unripe, green",,,,,,adj,B1,ai,,,,,,,,,,,,
kozi,course of study,,,,,,noun,B1,ai,,,,,,,,,,,,
kalori,calorie,,,,,,noun,B2,ai,,,,,,,,,,,,
kabohaidreti,carbohydrate,,,,,,noun,B2,ai,,,,,,,,,,,,
nyuzinyuzi,dietary fibre,,,,,,noun,B2,ai,,,uzi (thread),,,,,,,,,
kipimio,"measuring device, scale",,,,,,noun,B2,ai,,,-pima (measure),,,,,,,,,
ambatisho,attachment,,,,,,noun,B2,ai,,,,,,,,,,,,
ulafi,"greed, gluttony",,,,,,noun,C1,ai,,,,,,,,,,,,
gofu,golf,,,,,,noun,B1,ai,,,,,,,,,,,,
aljebra,algebra,,,,,,noun,B2,ai,,,,,,,,,,,,
modeli,model,,,,,,noun,B1,ai,,,,,,,,,,,,
olimpiki,the Olympics,,,,,,noun,B2,ai,,,,,,,,,,,,
heko,"well done, congratulations",,,,,,interjection,B2,ai,,,,,,,,,,,,
maalum,"special, particular",,,,,,adj,B1,ai,,,,,,,,,,,,
hori,"creek, inlet",,,,,,noun,C1,ai,,,,,,,,,,,,
kilele,"summit, peak, climax",,,,,,noun,B2,ai,,,,,,,,,,,,
kitovu,"navel; hub, centre",,,,,,noun,C1,ai,,,,,,,,,,,,
mandari,"picnic, outing",,,,,,noun,C1,ai,,,,,,,,,,,,
ubadilishaji,"exchange, conversion",,,,,,noun,C1,ai,,,-badilisha (change),,,,,,,,,
mzaha,"joke, jest",,,,,,noun,B2,ai,,,,,,,,,,,,
risasi,bullet; lead,,,,,,noun,B2,ai,,,,,,,,,,,,
lawama,"blame, reproach",,,,,,noun,C1,ai,,,-laumu (blame),,,,,,,,,
mfaidi,beneficiary,,,,,,noun,C1,ai,,,-faidi (benefit),,,,,,,,,
mnyakuzi,"pickpocket, snatcher",,,,,,noun,C1,ai,,,-nyakua (snatch),,,,,,,,,
amiri,"commander, chief",,,,,,noun,C1,ai,,,,,,,,,,,,
jeshi,"army, armed force",,,,,,noun,B2,ai,,,,,,,,,,,,
jiji,city,,,,,,noun,A2,ai,,,,,,,,,,,,
kigeni,"foreign, strange, unfamiliar",,,,,,adj,B1,ai,,,,,,,,,,,,
kipodozi,"cosmetic, beauty product",,,,,,noun,B1,ai,,,,,,,,,,,,
mchezo,"game, sport, play",,,,,,noun,A2,ai,,,-cheza (play),,,,,,,,,
kucheza,to play; to dance,,,,,,verb,A1,ai,,,-cheza,,,,,,,,,
mume,husband,,,,,,noun,A2,ai,,,,,,,,,,,,
mke,wife,,,,,,noun,A2,ai,,,,,,,,,,,,
uzito,"weight, heaviness",,,,,,noun,B1,ai,,,-zito (heavy),,,,,,,,,
wimbo,song,,,,,,noun,A2,ai,,,-imba (sing),,,,,,,,,
kusambaza,"to distribute, to spread, to share",,,,,,verb,B1,ai,,,-sambaza,,,,,,,,,
kuchekesha,"to be funny, to make somebody laugh",,,,,,verb,B1,ai,,,-chekesha,,,,,,,,,
kucheka,to laugh,,,,,,verb,A2,ai,,,-cheka,,,,,,,,,
tafrija,"party, reception, entertainment",,,,,,noun,B2,ai,,,,,,,,,,,,
kufurahia,"to enjoy, to be pleased with",,,,,,verb,A2,ai,,,-furahia,,,,,,,,,
kuvunjika,"to break, to get broken",,,,,,verb,A2,ai,,,-vunjika,,,,,,,,,
kupata,"to get, to obtain, to find",,,,,,verb,A1,ai,,,-pata,,,,,,,,,
mchovu,"tired, weary",,,,,,adj,B1,ai,,,,,,,,,,,,
shamba,"farm, field, cultivated plot",,,,,,noun,A2,ai,,,,,,,,,,,,
goti,knee,,,,,,noun,A2,ai,,,,,,,,,,,,
kuumia,"to get hurt, to be injured",,,,,,verb,A2,ai,,,-umia,,,,,,,,,
uwazi,"openness, transparency, open space",,,,,,noun,B2,ai,,,-wazi (open),,,,,,,,,
kanisa,church,,,,,,noun,A2,ai,,,,,,,,,,,,
msikiti,mosque,,,,,,noun,A2,ai,,,,,,,,,,,,
baraka,blessing,,,,,,noun,B1,ai,,,,,,,,,,,,
kubariki,to bless,,,,,,verb,B2,ai,,,-bariki,,,,,,,,,
ujumbe,message; delegation,,,,,,noun,A2,ai,,,,,,,,,,,,
kushukuru,"to thank, to be grateful",,,,,,verb,A2,ai,,,-shukuru,,,,,,,,,
polisi,"police, police officer",,,,,,noun,A2,ai,,,,,,,,,,,,
kuogopa,"to fear, to be afraid",,,,,,verb,A2,ai,,,-ogopa,,,,,,,,,
bomu,bomb,,,,,,noun,B2,ai,,,,,,,,,,,,
sanduku,"box, chest, trunk",,,,,,noun,A2,ai,,,,,,,,,,,,
kawaida,"custom, the usual, normality",,,,,,noun,B1,ai,,,,,,,,,,,,
kutamani,"to desire, to long for, to covet",,,,,,verb,B1,ai,,,-tamani,,,,,,,,,
zamani,"former times, long ago",,,,,,noun,A2,ai,,,,,,,,,,,,
kitu,"thing, object",,,,,,noun,A1,ai,,,,,,,,,,,,
kunyesha,"to rain, to fall (of rain)",,,,,,verb,A2,ai,,,-nyesha,,,,,,,,,
bahari,"sea, ocean",,,,,,noun,A2,ai,,,,,,,,,,,,
hewa,air,,,,,,noun,A2,ai,,,,,,,,,,,,
kuchunga,"to guard, to herd, to take care of",,,,,,verb,B1,ai,,,-chunga,,,,,,,,,
kuburudika,"to be refreshed, to be entertained",,,,,,verb,B2,ai,,,-burudika,,,,,,,,,
nchi,"country, land",,,,,,noun,A1,ai,,,,,,,,,,,,
mzee,"elder, old person; a respectful term of address",,,,,,noun,A2,ai,,,,,,,,,,,,
uhuru,"freedom, independence",,,,,,noun,B1,ai,,,,,,,,,,,,
shujaa,"hero, brave person",,,,,,noun,B1,ai,,,,,,,,,,,,
maarifa,"knowledge, know-how",,,,,,noun,B2,ai,,,,,,,,,,,,
babu,grandfather,,,,,,noun,A1,ai,,,,,,,,,,,,
bibi,grandmother; lady,,,,,,noun,A1,ai,,,,,,,,,,,,
baba,father,,,,,,noun,A1,ai,,,,,,,,,,,,
keki,cake,,,,,,noun,A1,ai,,,,,,,,,,,,
krismasi,Christmas,,,,,,noun,A2,ai,,,,,,,,,,,,
jamii,"community, society; family group",,,,,,noun,B1,ai,,,,,,,,,,,,
picha,"picture, photograph",,,,,,noun,A1,ai,,,,,,,,,,,,
kuadhimisha,"to commemorate, to mark an occasion",,,,,,verb,B2,ai,,,-adhimisha,,,,,,,,,
pekee,"sole, only, alone",,,,,,adj,B1,ai,,,,,,,,,,,,
hakuna,"there is not, there are none",,,,,,verb,A1,ai,,,,,,,,,,,,
kuna,"there is, there are",,,,,,verb,A1,ai,,,,,,,,,,,,
kutoka,"to come from, to leave, to go out",,,,,,verb,A1,ai,,,-toka,,,,,,,,,
kuishi,"to live, to reside",,,,,,verb,A1,ai,,,-ishi,,,,,,,,,
kenya,Kenya,,,,,,noun,A1,ai,,,,,,,,,,,,
tanzania,Tanzania,,,,,,noun,A1,ai,,,,,,,,,,,,
uingereza,"England, Britain",,,,,,noun,A1,ai,,,,,,,,,,,,
amerika,"America, the United States",,,,,,noun,A1,ai,,,,,,,,,,,,
mkenya,a Kenyan person,,,,,,noun,A2,ai,,,,,,,,,,,,
mwalimu,teacher,,,,,,noun,A1,ai,,,,,,,,,,,,
mwanasheria,lawyer,,,,,,noun,B1,ai,,,,,,,,,,,,
mfanyakazi,"worker, employee",,,,,,noun,A2,ai,,,,,,,,,,,,
fundi,"craftsman, technician, skilled workman",,,,,,noun,A2,ai,,,,,,,,,,,,
shule,school,,,,,,noun,A1,ai,,,,,,,,,,,,
chuo,"college, institute",,,,,,noun,A2,ai,,,,,,,,,,,,
kujifunza,"to learn, to study",,,,,,verb,A1,ai,,,-jifunza,,,,,,,,,
kuongea,"to speak, to talk",,,,,,verb,A1,ai,,,-ongea,,,,,,,,,
muda,"period of time, duration",,,,,,noun,A2,ai,,,,,,,,,,,,
sanifu,"standard, refined",,,,,,adj,B1,ai,,,,,,,,,,,,
kiasi,"amount, quantity; moderately",,,,,,noun,A2,ai,,,,,,,,,,,,
nyama,meat,,,,,,noun,A1,ai,,,,,,,,,,,,
samaki,fish,,,,,,noun,A1,ai,,,,,,,,,,,,
chumvi,salt,,,,,,noun,A2,ai,,,,,,,,,,,,
tamu,"sweet, tasty",,,,,,adj,A1,ai,,,,,,,,,,,,
kuonja,to taste,,,,,,verb,A2,ai,,,-onja,,,,,,,,,
hasa,"especially, particularly",,,,,,adv,A2,ai,,,,,,,,,,,,
daima,"always, forever",,,,,,adv,B1,ai,,,,,,,,,,,,
ama,or,,,,,,conjunction,A2,ai,,au,,,,,,,,,,
yeyote,anyone at all (class 1),,,,,,adj,B1,ai,,,,,,,,,,,,
ndugu,"sibling, brother; comrade",,,,,,noun,A1,ai,,,,,,,,,,,,
kaka,elder brother,,,,,,noun,A1,ai,,,,,,,,,,,,
mrefu,"tall, long",,,,,,adj,A1,ai,,,,,,,,,,,,
urefu,"height, length",,,,,,noun,A2,ai,,,-refu,,,,,,,,,
sentimita,centimetre,,,,,,noun,A2,ai,,,,,,,,,,,,
arobaini,forty,,,,,,adj,A2,ai,,,,,,,,,,,,
themanini,eighty,,,,,,adj,A2,ai,,,,,,,,,,,,
nane,eight,,,,,,adj,A1,ai,,,,,,,,,,,,
nne,four,,,,,,adj,A1,ai,,,,,,,,,,,,
kuzaliwa,to be born,,,,,,verb,A2,ai,,,-zaliwa,,,,,,,,,
januari,January,,,,,,noun,A1,ai,,,,,,,,,,,,
aprili,April,,,,,,noun,A1,ai,,,,,,,,,,,,
juni,June,,,,,,noun,A1,ai,,,,,,,,,,,,
agosti,August,,,,,,noun,A1,ai,,,,,,,,,,,,
desemba,December,,,,,,noun,A1,ai,,,,,,,,,,,,
kulala,"to sleep, to lie down",,,,,,verb,A1,ai,,,-lala,,,,,,,,,
kufikiria,"to think, to consider",,,,,,verb,A2,ai,,,-fikiria,,,,,,,,,
runinga,television,,,,,,noun,A2,ai,,,,,,,,,,,,
kompyuta,computer,,,,,,noun,A1,ai,,,,,,,,,,,,
kamera,camera,,,,,,noun,A1,ai,,,,,,,,,,,,
kiti,"chair, seat",,,,,,noun,A1,ai,,,,,,,,,,,,
njaa,hunger,,,,,,noun,A1,ai,,,,,,,,,,,,
kiu,thirst,,,,,,noun,A2,ai,,,,,,,,,,,,
wasiwasi,"worry, anxiety, doubt",,,,,,noun,B1,ai,,,,,,,,,,,,
huzuni,"sadness, grief",,,,,,noun,B1,ai,,,,,,,,,,,,
mgonjwa,"a sick person, patient",,,,,,noun,A2,ai,,,,,,,,,,,,
mnyonge,"weak, feeble",,,,,,adj,B1,ai,,,,,,,,,,,,
baridi,"cold, coldness",,,,,,noun,A1,ai,,,,,,,,,,,,
mawingu,clouds,,,,,,noun,A2,ai,,,,,,,,,,,,
anga,"sky, atmosphere",,,,,,noun,B1,ai,,,,,,,,,,,,
kuzuru,to visit,,,,,,verb,B1,ai,,kutembelea,-zuru,,,,,,,,,
mara,"time, occasion",,,,,,noun,A1,ai,,,,,,,,,,,,
vipi,"how, in what way",,,,,,adv,A2,ai,,,,,,,,,,,,
upi,which one (class 3/11),,,,,,pronoun,A2,ai,,,,,,,,,,,,
