word	sentence	translation	difficulty_rank	gloss
kí	Kí l'o fẹ́?	What do you want?	61	what · COP.2SG · want
ó	Ó fẹ́ lọ.	He wants to go.	61	3SG · want · go
kí	Kí ló dé?	What happened?	77	what · COP.3SG · arrive
omi	Omi ni ayé.	Water is life.	111	water · COP · life
ayé	Omi ni ayé.	Water is life.	111	water · COP · life
ni	Omi ni ayé.	Water is life.	111	water · COP · life
láti	Ó wá láti Èkó.	He came from Lagos.	116	3SG · come · from · Lagos
ó	Ó wá láti Èkó.	He came from Lagos.	116	3SG · come · from · Lagos
èkó	Ó wá láti Èkó.	He came from Lagos.	116	3SG · come · from · Lagos
sí	Ìyàwó mi lọ sí oko.	My wife went to the farm.	131	wife · 1SG.POSS · go · to · farm
ìyàwó	Ìyàwó mi lọ sí oko.	My wife went to the farm.	131	wife · 1SG.POSS · go · to · farm
lọ	Ìyàwó mi lọ sí oko.	My wife went to the farm.	131	wife · 1SG.POSS · go · to · farm
oko	Ìyàwó mi lọ sí oko.	My wife went to the farm.	131	wife · 1SG.POSS · go · to · farm
mi	Ìyàwó mi lọ sí oko.	My wife went to the farm.	131	wife · 1SG.POSS · go · to · farm
sí	Mi ò fẹ́ lọ sí ilé-ẹ́kọ́.	I don't want to go to school.	138	1SG · NEG · want · go · to · house.learning
lọ	Mi ò fẹ́ lọ sí ilé-ẹ́kọ́.	I don't want to go to school.	138	1SG · NEG · want · go · to · house.learning
fẹ	Mi ò fẹ́ lọ sí ilé-ẹ́kọ́.	I don't want to go to school.	138	1SG · NEG · want · go · to · house.learning
mi	Mi ò fẹ́ lọ sí ilé-ẹ́kọ́.	I don't want to go to school.	138	1SG · NEG · want · go · to · house.learning
ilé	Mi ò fẹ́ lọ sí ilé-ẹ́kọ́.	I don't want to go to school.	138	1SG · NEG · want · go · to · house.learning
ẹkọ	Mi ò fẹ́ lọ sí ilé-ẹ́kọ́.	I don't want to go to school.	138	1SG · NEG · want · go · to · house.learning
ò	Mi ò fẹ́ lọ sí ilé-ẹ́kọ́.	I don't want to go to school.	138	1SG · NEG · want · go · to · house.learning
mo	Mo fẹ́ rà ìwé.	I want to buy a book.	183	1SG · want · buy · book
ìwé	Mo fẹ́ rà ìwé.	I want to buy a book.	183	1SG · want · buy · book
ẹnu	Ó yà mí l'ẹ́nu.	It surprises me.	206	3SG · split · 1SG.OBJ · LOC.mouth
ó	Ó yà mí l'ẹ́nu.	It surprises me.	206	3SG · split · 1SG.OBJ · at.mouth
mo	Mo lọ sí odò.	I went to the river.	222	1SG · go · to · river
iwọ	Ìwọ ta ni?	Who is it?	291	2SG · who · COP
ta	Ìwọ ta ni?	Who is it?	291	2SG · who · COP
ni	Ìwọ ta ni?	Who is it?	291	2SG · who · COP
ẹṣin	Ẹṣin jẹ́ funfun.	The horse is white.	470	horse · COP · white
funfun	Ẹṣin jẹ́ funfun.	The horse is white.	470	horse · COP · white
jẹ	Ẹṣin jẹ́ funfun.	The horse is white.	470	horse · COP · white
ẹṣin	Ẹṣin yìí jẹ́ funfun.	This horse is white.	470	horse · this · COP · white
funfun	Ẹṣin yìí jẹ́ funfun.	This horse is white.	470	horse · this · COP · white
jẹ	Ẹṣin yìí jẹ́ funfun.	This horse is white.	470	horse · this · COP · white
ẹṣin	Ẹṣin náà jẹ́ funfun.	That horse is white.	470	horse · that · COP · white
funfun	Ẹṣin náà jẹ́ funfun.	That horse is white.	470	horse · that · COP · white
jẹ	Ẹṣin náà jẹ́ funfun.	That horse is white.	470	horse · that · COP · white
fìlà	Mo rà fìlà.	I bought a hat.	484	1SG · buy · hat
mo	Mo rà fìlà.	I bought a hat.	484	1SG · buy · hat
ṣòkòtò	Mo fẹ́ ṣòkòtò.	I want trousers.	572	1SG · want · trousers
amẹrika	Amẹ́ríkà ni wá.	We are Americans.	595	America · COP · 1PL
ni	Amẹ́ríkà ni wá.	We are Americans.	595	America · COP · 1PL
rọra	Ẹ rọra.	Be careful.	994	2PL · careful
kaaarọ	Ẹ káàárọ̀!	Good morning!	1390	2PL · greeting.morning
méjì	Mo ní ológbò méjì.	I have two cats.	1634	1SG · have · cat · two
ológbò	Mo ní ológbò méjì.	I have two cats.	1634	1SG · have · cat · two
àwọn	Àwọn erékùṣù wà ní òkun.	There are islands in the sea.	1634	PL · island · exist · at · sea
erékùṣù	Àwọn erékùṣù wà ní òkun.	There are islands in the sea.	1634	PL · island · be.at · at · sea
ní	Àwọn erékùṣù wà ní òkun.	There are islands in the sea.	1634	PL · island · be.at · at · sea
yìí	Ẹṣin yìí kìí ṣe funfun.	This horse is not white.	19999	horse · this · NEG.HAB · do · white
náà	Ẹṣin náà kìí ṣe funfun.	That horse is not white.	19999	horse · DEF · NEG.HAB · do · white
ẹ́	Onísègùn ni ẹ́.	You're a doctor.	19999	doctor · COP · 2SG.OBJ
yín	Onísègùn ni yín.	You're doctors.	19999	doctor · COP · 2PL.OBJ
wọn	Onísègùn ni wọ́n.	They're doctors.	19999	doctor · COP · 3PL.OBJ
rẹ	Owó rẹ̀ wà ní bánkì.	His money is in the bank.	19999	money · 3SG.POSS · be.at · at · bank
ní	Owó rẹ̀ wà ní bánkì.	His money is in the bank.	19999	money · 3SG.POSS · be.at · at · bank
owó	Owó rẹ̀ wà ní bánkì.	His money is in the bank.	19999	money · 3SG.POSS · be.at · at · bank
ọsan	Agogo mejila ọsan.	It's midday.	19999	clock · twelve · afternoon
agogo	Agogo mejila ọsan.	It's midday.	19999	clock · twelve · afternoon
titun	Ìwé kìí ṣe titun.	The book isn't new.	19999	book · NEG.HAB · do · new
ìwé	Ìwé kìí ṣe titun.	The book isn't new.	19999	book · NEG.HAB · do · new
ta	Ta ni Emily?	Who is Emily?	19999	who · COP · Emily
o	Ṣé o lọ sọjà ni àna?	Did you go to the market yesterday?	19999	Q · 2SG · go · to.market · at · yesterday
ṣé	Ṣé o lọ sọjà ni àna?	Did you go to the market yesterday?	19999	Q · 2SG · go · to.market · at · yesterday
gan	Gidi gan?	Really?	19999	real · very
gbólóhùn	A fẹ́ àwọn ọ̀rọ̀ ní gbólóhùn pípé.	We want complete sentences.	19999	1PL · want · PL · word · at · sentence · complete
àwọn	A fẹ́ àwọn ọ̀rọ̀ ní gbólóhùn pípé.	We want complete sentences.	19999	1PL · want · PL · word · at · sentence · complete
ọrọ	A fẹ́ àwọn ọ̀rọ̀ ní gbólóhùn pípé.	We want complete sentences.	19999	1PL · want · PL · word · at · sentence · complete
a	A fẹ́ àwọn ọ̀rọ̀ ní gbólóhùn pípé.	We want complete sentences.	19999	1PL · want · PL · word · at · sentence · complete
kò	kò sí wahála.	There is no problem.	19999	NEG · exist · problem
padà	Kaabo padà sí ilé	Welcome back home.	19999	welcome · return · to · house
orúkọ	Orúkọ mi ni Jack.	My name is Jack.	19999	name · 1SG.POSS · COP · Jack
ilẹ	Ó jẹ́ ọmọ ilẹ̀ Potogí.	He is Portuguese.	19999	3SG · COP · child · land · Portugal
ọmọ	Ó jẹ́ ọmọ ilẹ̀ Potogí.	He is Portuguese.	19999	3SG · COP · child · land · Portugal
ni	Bẹ́ẹ̀ni.	Yes.	37	thus.COP
bẹ	Bẹ́ẹ̀ni.	Yes.	37	thus.COP
ki	Kí l'o fẹ́?	What do you want?	53	what · FOC.2SG · want
l	Kí l'o fẹ́?	What do you want?	53	what · FOC.2SG · want
lo	Kí ló dé?	What happened?	81	what · FOC.3SG · arrive
de	Kí ló dé?	What happened?	81	what · FOC.3SG · arrive
ki	Kí ló dé?	What happened?	81	what · FOC.3SG · arrive
kọ	Mi ò fẹ́ lọ sí ilé-ẹ́kọ́.	I don't want to go to school.	105	1SG · NEG · want · go · to · house-lesson
ẹ	Mi ò fẹ́ lọ sí ilé-ẹ́kọ́.	I don't want to go to school.	105	1SG · NEG · want · go · to · house-lesson
si	Mi ò fẹ́ lọ sí ilé-ẹ́kọ́.	I don't want to go to school.	105	1SG · NEG · want · go · to · house-lesson
o	Mi ò fẹ́ lọ sí ilé-ẹ́kọ́.	I don't want to go to school.	105	1SG · NEG · want · go · to · house-lesson
ile	Mi ò fẹ́ lọ sí ilé-ẹ́kọ́.	I don't want to go to school.	105	1SG · NEG · want · go · to · house-lesson
aye	Omi ni ayé.	Water is life.	123	water · COP · life
eko	Ó wá láti Èkó.	He came from Lagos.	130	3SG · come · from · Lagos
lati	Ó wá láti Èkó.	He came from Lagos.	130	3SG · come · from · Lagos
si	Ìyàwó mi lọ sí oko.	My wife went to the farm.	147	wife · 1SG.POSS · go · to · farm
iyawo	Ìyàwó mi lọ sí oko.	My wife went to the farm.	147	wife · 1SG.POSS · go · to · farm
ra	Mo fẹ́ rà ìwé.	I want to buy a book.	166	1SG · want · buy · book
iwe	Mo fẹ́ rà ìwé.	I want to buy a book.	166	1SG · want · buy · book
s	Mo lọ s'ọ́jà.	I went to the market.	166	1SG · go · to.market
ja	Mo lọ s'ọ́jà.	I went to the market.	166	1SG · go · to.market
mo	Mo lọ s'ọ́jà.	I went to the market.	166	1SG · go · to.market
odo	Mo lọ sí odò.	I went to the river.	227	1SG · go · to · river
meji	Mo ní ológbò méjì.	I have two cats.	433	1SG · have · cat · two
ologbo	Mo ní ológbò méjì.	I have two cats.	433	1SG · have · cat · two
fila	Mo rà fìlà.	I bought a hat.	454	1SG · buy · hat
ra	Mo rà fìlà.	I bought a hat.	454	1SG · buy · hat
bawo	Bawo ni?	How are you?	518	how · COP
ṣokoto	Mo fẹ́ ṣòkòtò.	I want trousers.	535	1SG · want · trousers
kii	Ẹṣin yìí kìí ṣe funfun.	This horse is not white.	609	horse · this · NEG.HAB · COP · white
yii	Ẹṣin yìí kìí ṣe funfun.	This horse is not white.	609	horse · this · NEG.HAB · COP · white
ṣe	Ẹṣin yìí kìí ṣe funfun.	This horse is not white.	609	horse · this · NEG.HAB · COP · white
naa	Ẹṣin náà kìí ṣe funfun.	That horse is not white.	609	horse · DEF · NEG.HAB · COP · white
kii	Ẹṣin náà kìí ṣe funfun.	That horse is not white.	609	horse · DEF · NEG.HAB · COP · white
iwe	Ìwé kìí ṣe titun.	The book isn't new.	609	book · NEG.HAB · COP · new
ko	kò sí wahála.	There is no problem.	680	NEG · exist · problem
wahala	kò sí wahála.	There is no problem.	680	NEG · exist · problem
okun	Àwọn erékùṣù wà ní òkun.	There are islands in the sea.	933	PL · island · be.at · at · sea
erekuṣu	Àwọn erékùṣù wà ní òkun.	There are islands in the sea.	933	PL · island · be.at · at · sea
wa	Àwọn erékùṣù wà ní òkun.	There are islands in the sea.	933	PL · island · be.at · at · sea
awọn	Àwọn erékùṣù wà ní òkun.	There are islands in the sea.	933	PL · island · be.at · at · sea
yin	Onísègùn ni yín.	You're doctors.	19999	doctor · COP · 2PL
n	Onísègùn ni wọ́n.	They're doctors.	19999	doctor · COP · 3PL
wọ	Onísègùn ni wọ́n.	They're doctors.	19999	doctor · COP · 3PL
owo	Owó rẹ̀ wà ní bánkì.	His money is in the bank.	19999	money · 3SG.POSS · be.at · at · bank
l	Ó yà mí l'ẹ́nu.	It surprises me.	19999	3SG · split · 1SG.OBJ · at.mouth
ya	Ó yà mí l'ẹ́nu.	It surprises me.	19999	3SG · split · 1SG.OBJ · at.mouth
ana	Ṣé o lọ sọjà ni àna?	Did you go to the market yesterday?	19999	Q · 2SG · go · to.market · at · yesterday
rọ	A fẹ́ àwọn ọ̀rọ̀ ní gbólóhùn pípé.	We want complete sentences.	19999	1PL · want · PL · word · at · sentence · complete
ọ	A fẹ́ àwọn ọ̀rọ̀ ní gbólóhùn pípé.	We want complete sentences.	19999	1PL · want · PL · word · at · sentence · complete
gbolohun	A fẹ́ àwọn ọ̀rọ̀ ní gbólóhùn pípé.	We want complete sentences.	19999	1PL · want · PL · word · at · sentence · complete
awọn	A fẹ́ àwọn ọ̀rọ̀ ní gbólóhùn pípé.	We want complete sentences.	19999	1PL · want · PL · word · at · sentence · complete
pada	Kaabo padà sí ilé	Welcome back home.	19999	welcome · return · to · house
orukọ	Orúkọ mi ni Jack.	My name is Jack.	19999	name · 1SG.POSS · COP · Jack
ibeere	Ó dáhùn ìbéèré náà.	He answered the question.	19999	3SG · answer · question · DEF
ti	Wọ́n ti dé ilé.	They have already arrived home.	1	3PL · PRF · arrive · house
bí	Bí o bá dé, pè mí.	If you arrive, call me.	12	if · 2SG · COND · arrive · call.IMP · 1SG.OBJ
fún	Ìyá mi fún mi ní owó.	My mother gave me money.	13	mother · 1SG.POSS · give · 1SG.OBJ · LOC · money
fi	Ọmọ náà fi ọwọ́ jẹun.	The child ate with his hands.	16	child · DEF · use · hand · eat
pè	Olùkọ́ náà pè mí lánàá.	The teacher called me yesterday.	17	teacher · DEF · call · 1SG.OBJ · yesterday
lè	Mo lè sọ èdè Yorùbá.	I can speak Yoruba.	21	1SG · can · say · language · Yoruba
ohun	Ohun gbogbo ti ṣetán.	Everything is ready.	23	thing · all · PRF · be.ready
yorùbá	Àwọn ọmọ mi ń kọ́ Yorùbá.	My children are learning Yoruba.	25	PL · child · 1SG.POSS · PROG · learn · Yoruba
ẹni	Ẹni náà kò dé lánàá.	That person did not come yesterday.	26	person · DEF · NEG · arrive · yesterday
i	Mo rí i ní ọjà.	I saw him at the market.	31	1SG · see · 3SG.OBJ · at · market
ara	Ara mi kò yá lónìí.	I am not well today.	33	body · 1SG.POSS · NEG · be.well · today
kan	Mo rà ìwé kan ní ọjà.	I bought a book at the market.	34	1SG · buy · book · INDF · at · market
rí	Mo rí ọba ní ààfin.	I saw the king at the palace.	38	1SG · see · king · at · palace
ń	Àwọn ọmọ ń ṣeré.	The children are playing.	43	PL · child · PROG · do.play
gbogbo	Gbogbo ọmọ ti dé ilé-ìwé.	All the children have arrived at school.	45	all · child · PRF · arrive · house-book
gbé	Ọmọ náà gbé àpò wọlé.	The child carried the bag inside.	47	child · DEF · carry · bag · enter.house
sọ	Ọmọ náà sọ òtítọ́ fún mi.	The child told me the truth.	48	child · DEF · say · truth · give · 1SG.OBJ
di	Omi náà di yìnyín.	The water turned into ice.	49	water · DEF · become · ice
èyí	Èyí dára ju ìyẹn lọ.	This one is better than that one.	50	this · be.good · exceed · that · go
mu	Mo mu omi tútù.	I drank cold water.	51	1SG · drink · water · be.cold
èdè	Èdè mélòó ni o mọ̀?	How many languages do you know?	53	language · how.many · FOC · 2SG · know
kà	Mo kà ìwé náà tán.	I finished reading the book.	65	1SG · read · book · DEF · finish
obìnrin	Obìnrin náà ń kọrin.	The woman is singing.	70	woman · DEF · PROG · sing.song
bàbá	Bàbá mi rà kẹ̀kẹ́ tuntun.	My father bought a new bicycle.	71	father · 1SG.POSS · buy · bicycle · new
pa	Ológbò náà pa eku kan.	The cat killed a rat.	74	cat · DEF · kill · rat · INDF
ìyá	Ìyá mi ń tà ẹja.	My mother sells fish.	78	mother · 1SG.POSS · PROG · sell · fish
àgbà	Àgbà náà sọ̀rọ̀ ní ìpàdé.	The elder spoke at the meeting.	82	elder · DEF · say.word · at · meeting
máa	Mo máa lọ sí ọjà lọ́la.	I will go to the market tomorrow.	83	1SG · FUT · go · to · market · tomorrow
ibi	Ibi yìí dára fún ìsinmi.	This place is good for resting.	87	place · this · be.good · for · rest
pàtàkì	Ọ̀rọ̀ pàtàkì ni mo fẹ́ sọ.	I want to say something important.	88	word · important · FOC · 1SG · want · say
òun	Òun ni ó rà ilé náà.	He is the one who bought the house.	89	3SG.EMPH · FOC · 3SG · buy · house · DEF
ọba	Ọba náà ń gbé ní ààfin.	The king lives in the palace.	93	king · DEF · PROG · live · at · palace
orí	Orí mi ń fọ́ mi lónìí.	I have a headache today.	96	head · 1SG.POSS · PROG · break · 1SG.OBJ · today
wo	Ilé wo ni tìrẹ?	Which house is yours?	97	house · which · COP · POSS.2SG
òwe	Àwọn àgbà fẹ́ràn òwe.	Elders are fond of proverbs.	102	PL · elder · like · proverb
ọkùnrin	Ọkùnrin náà ń tà ìwé.	The man sells books.	103	man · DEF · PROG · sell · book
inú	Inú mi dùn lónìí.	I am happy today.	104	inside · 1SG.POSS · be.sweet · today
e	Mo gé e sí méjì.	I cut it in two.	108	1SG · cut · 3SG.OBJ · to · two
lórí	Ìwé náà wà lórí tábìlì.	The book is on the table.	110	book · DEF · be.at · on · table
ogun	Ogun náà ti parí.	The war has ended.	112	war · DEF · PERF · finish
jáde	Àwọn ọmọ jáde sí ìta.	The children went outside.	118	PL · child · go.out · to · outside
iná	Iná náà ti kú pátápátá.	The fire has gone out completely.	124	fire · DEF · PERF · die · completely
aṣọ	Ó rà aṣọ fún ọmọ rẹ̀.	She bought cloth for her child.	125	3SG · buy · cloth · give · child · 3SG.POSS
un	Mo fún un ní owó.	I gave him money.	126	1SG · give · 3SG.OBJ · LOC · money
dúdú	Mo ní ẹ̀wù dúdú kan.	I have a black shirt.	127	1SG · have · shirt · be.black · INDF
epo	Epo pupa wà nínú ìgò.	Red palm oil is in the bottle.	129	oil · be.red · be.at · in · bottle
fà	Ọmọ náà ń fà okùn.	The child is pulling a rope.	130	child · DEF · PROG · pull · rope
jà	Àwọn ọmọ náà kò gbọ́dọ̀ jà.	The children must not fight.	137	PL · child · DEF · NEG · must · fight
ọmọdé	Ọmọdé náà ń kàwé nínú yàrá.	The child is reading in the room.	148	child · DEF · PROG · read.book · in · room
dùn	Oúnjẹ yìí dùn gan-an.	This food is very tasty.	154	food · this · be.sweet · very
rò	Mo rò pé ó ti dé.	I think he has arrived.	156	1SG · think · COMP · 3SG · PRF · arrive
dúró	Jọ̀wọ́ dúró fún mi níbí.	Please wait for me here.	158	please · wait.IMP · for · 1SG.OBJ · at.here
ìròyìn	Ìròyìn náà tàn kálẹ̀ kíákíá.	The news spread quickly.	162	news · DEF · spread · cover.ground · quickly
sùn	Ọmọ náà ti sùn lọ.	The child has fallen asleep.	163	child · DEF · PRF · sleep · go
jí	Mo jí ní kùtùkùtù lónìí.	I woke up early today.	166	1SG · wake · at · early.morning · today
ọjà	Ọjà náà kún fún ènìyàn.	The market is full of people.	168	market · DEF · be.full · for · person
dára	Ojú ọjọ́ dára lónìí.	The weather is nice today.	172	face · day · be.good · today
olè	Wọ́n mú olè náà lánàá.	They caught the thief yesterday.	174	3PL · catch · thief · DEF · yesterday
erin	Erin ń mu omi nínú odò.	The elephant is drinking water in the river.	178	elephant · PROG · drink · water · at.inside · river
ẹranko	Ẹranko yìí kò léwu.	This animal is not dangerous.	182	animal · this · NEG · have.danger
orin	Àwọn ọmọ ń kọ orin.	The children are singing a song.	185	PL · child · PROG · sing · song
tuntun	Ọdún tuntun ti dé.	The new year has arrived.	187	year · new · PRF · arrive
ṣí	Ó ṣí fèrèsé yàrá náà.	He opened the window of the room.	191	3SG · open · window · room · DEF
an	Ó rán an níṣẹ́ lónìí.	He sent him on an errand today.	192	3SG · send · 3SG.OBJ · at.work · today
ẹran	Ẹran náà ti jinná dáadáa.	The meat is well cooked.	193	meat · DEF · PRF · be.cooked · well
ẹyẹ	Ẹyẹ kékeré kan fò lọ.	A small bird flew away.	194	bird · small · INDF · fly · go
òjò	Òjò ń rọ̀ báyìí.	It is raining now.	198	rain · PROG · fall · now
yóò	Bàbá yóò dé ní ọ̀la.	Father will arrive tomorrow.	199	father · FUT · arrive · at · tomorrow
u	Ọ̀rọ̀ náà ti sú u.	He is tired of the matter.	207	matter · DEF · PRF · tire · 3SG.OBJ
sè	Mo sè ẹ̀wà fún àwọn ọmọ.	I cooked beans for the children.	210	1SG · cook · beans · for · PL · child
iṣu	Mo ra iṣu lọ́jà lónìí.	I bought yam at the market today.	220	1SG · buy · yam · at.market · today
pin	Ìpàdé náà pin kíákíá.	The meeting ended quickly.	221	meeting · DEF · end · quickly
yọ	Gbogbo wa yọ̀ nígbà ìkórè.	We all rejoiced at harvest time.	223	all · 1PL · rejoice · at.time · harvest
san	Mo san owó ilé mi lánàá.	I paid my rent yesterday.	226	1SG · pay · money · house · 1SG.POSS · yesterday
ayẹyẹ	Ayẹyẹ ńlá wà nílé wa lónìí.	There is a big celebration at our house today.	227	celebration · big · be.at · at.house · 1PL.POSS · today
igi	Igi ńlá wà nínú ọgbà wa.	There is a big tree in our yard.	230	tree · big · be.at · at.inside · yard · 1PL.POSS
olú	Olú ìdílé wa ni bàbá àgbà.	The head of our family is grandfather.	236	head · family · 1PL.POSS · COP · father · elder
tọ	Ọmọ náà tọ̀ nínú yàrá.	The child urinated in the room.	240	child · DEF · urinate · at.inside · room
èèyàn	Èèyàn púpọ̀ wà lọ́jà lónìí.	There are many people at the market today.	241	person · many · be.at · at.market · today
wọlé	Àlejò náà wọlé, ó sì jókòó.	The guest came in and sat down.	243	guest · DEF · enter · 3SG · and · sit.down
ọdẹ	Ọdẹ náà padà sí ilé lálẹ́.	The hunter returned home at night.	246	hunter · DEF · return · to · house · at.night
rìn	A rìn lọ sí ilé ìwé lónìí.	We walked to school today.	254	1PL · walk · go · to · house · book · today
sà	Ẹ ṣé púpọ̀, sà.	Thank you very much, sir.	267	2PL · thank · much · sir
ẹsẹ	Ẹsẹ̀ mi ń dùn mí lónìí.	My leg hurts today.	279	leg · 1SG.POSS · PROG · hurt · 1SG.OBJ · today
eegun	Ajá náà ń jẹ eegun.	The dog is chewing a bone.	300	dog · DEF · PROG · eat · bone
han	Òṣùpá kò hàn lóru àná.	The moon was not visible last night.	20001	moon · NEG · be.visible · LOC.night · yesterday
idi	Idì ń fò lókè ìgbó.	An eagle is flying above the forest.	20002	eagle · PROG · fly · LOC.top · forest
idi	Idì gbé adìẹ ìyá mi lọ.	An eagle carried off my mother's chicken.	20003	eagle · carry · chicken · mother · 1SG.POSS · go
kuro	Ó kúrò ní Èkó lọ́dún tó kọjá.	He left Lagos last year.	20004	3SG · leave · at · Lagos · LOC.year · REL · pass
nà	Ẹgbẹ́ wa nà wọ́n ní ìdíje àná.	Our team beat them in yesterday's match.	20006	team · 1PL.POSS · defeat · 3PL.OBJ · at · match · yesterday
ofin	Òfin ìlú yìí le gan-an.	The law of this town is very strict.	20007	law · town · this · be.strict · very
ofin	Ìjọba ti ṣe òfin tuntun nípa ọkọ̀ ojú-ọ̀nà.	The government has made a new law about road traffic.	20008	government · PRF · make · law · new · about · vehicle · road
bọ	Ìyá mi yóò bọ̀ láti ọjà ní ìrọ̀lẹ́.	My mother will come back from the market in the evening.	20010	mother · 1SG.POSS · FUT · return · from · market · at · evening
gbọ	Ọmọ tí kò gbọ́ ọ̀rọ̀ ìyá rẹ̀ yóò jìyà.	A child who does not obey his mother's word will suffer.	20012	child · REL · NEG · obey · word · mother · 3SG.POSS · FUT · suffer
ọgbọn	Mo ra ọgbọ̀n ẹyin lọ́jà.	I bought thirty eggs at the market.	20013	1SG · buy · thirty · egg · LOC.market
ọgbọn	Ọgbọ̀n ọmọ ni ó wà nínú yàrá náà.	There are thirty children in that room.	20014	thirty · child · FOC · 3SG · be.at · inside · room · DEF
pupọ	Ẹ ṣé púpọ̀, mo dúpẹ́ lọ́wọ́ yín.	Thank you very much, I am grateful to you.	20016	2PL · do · very.much · 1SG · thank · LOC.hand · 2PL.POSS
jọ	Jọ̀ omi yìí kí ó lè mọ́.	Filter this water so that it can be clean.	20017	filter.IMP · water · this · so.that · 3SG · can · be.clean
jọ	Ọmọ náà jọ bàbá rẹ̀ gan-an.	The child really resembles his father.	20018	child · DEF · resemble · father · 3SG.POSS · very
bẹẹ	Bẹ́ẹ̀ ni, mo gbọ́ ohun tí o sọ.	That's right, I heard what you said.	20020	like.that · COP · 1SG · hear · thing · REL · 2SG · say
ọbẹ	Fi ọ̀bẹ gé ẹran náà sí wẹ́wẹ́.	Cut the meat into small pieces with a knife.	20022	take.IMP · knife · cut · meat · DEF · into · small.pieces
ẹkun	Ẹkùn kì í jẹ koríko.	A leopard does not eat grass.	20023	leopard · NEG · HAB · eat · grass
ẹkun	Àwọn ọdẹ rí ẹkùn nínú igbó lánàá.	The hunters saw a leopard in the forest yesterday.	20024	PL · hunter · see · leopard · inside · forest · yesterday
ọrẹ	A ti jẹ́ ọ̀rẹ́ láti ìgbà èwe wa.	We have been friends since our childhood.	20026	1PL · PRF · be · friend · since · time · youth · 1PL.POSS
pẹ	Má pẹ́ dé sí ilé-ìwé.	Don't arrive late at school.	20027	NEG.IMP · be.late · arrive · to · school
pẹ	Kí o pẹ́ láyé, kí o sì gbó.	May you live long and grow old.	20028	SBJV · 2SG · live.long · LOC.world · SBJV · 2SG · and · grow.old
agbaye	Ìdíje bọ́ọ̀lù àgbáyé bẹ̀rẹ̀ lọ́la.	The world football tournament starts tomorrow.	20029	competition · football · world · begin · LOC.tomorrow
agbaye	Àwọn àjọ àgbáyé ń ṣiṣẹ́ pọ̀ lórí ọ̀ràn yìí.	International organisations are working together on this matter.	20030	PL · organisation · international · PROG · work · together · on · matter · this
keji	Èyí ni ìgbà kejì tí mo wá sí ilé rẹ.	This is the second time I have come to your house.	20032	this · COP · time · second · REL · 1SG · come · to · house · 2SG.POSS
ologun	Ológun kan dúró níwájú ilé.	A soldier is standing in front of the house.	20033	soldier · a · stand · in.front.of · house
ologun	Àwọn ológun ìlú wa jà fún òmìnira.	Our town's warriors fought for freedom.	20034	PL · warrior · town · 1PL.POSS · fight · for · freedom
ija	Ìjà bẹ́ sílẹ̀ láàárín àwọn ọmọ ilé-ìwé náà.	A fight broke out among the schoolchildren.	20036	fight · break · down · among · PL · child · school · DEF
ati	Mo ra ẹja àti ìrẹsì ní ọjà.	I bought fish and rice at the market.	20037	1SG · buy · fish · and · rice · at · market
ati	Ọmọ mi ń kọ́ èdè Yorùbá àti èdè Gẹ̀ẹ́sì ní ilé-ìwé.	My child is learning Yoruba and English at school.	20038	child · 1SG.POSS · PROG · learn · language · Yoruba · and · language · English · at · school
ba	Mo bá a ní ọjà lánàá.	I met him at the market yesterday.	20039	1SG · meet · 3SG.OBJ · at · market · yesterday
ba	Bí òjò bá rọ̀, a ó dúró nílé.	If it rains, we will stay at home.	20040	if · rain · COND · fall · 1PL · FUT · stay · at.house
ilu	Gbogbo ìlú ló wá sí ibi ayẹyẹ náà.	The whole town came to the celebration.	20042	all · town · FOC.3SG · come · to · place · celebration · DET
to	Ó tò wọ́n ní ẹsẹẹsẹ.	He arranged them in order.	20043	3SG · arrange · 3PL.OBJ · in · order
to	Àwọn ọmọ ilé-ìwé tò ní ìlà níwájú olùkọ́ wọn.	The schoolchildren lined up in a row in front of their teacher.	20044	PL · child · school · line.up · in · row · in.front.of · teacher · 3PL.POSS
nitori	Kò wá sí ilé-ìwé nítorí àìsàn.	He did not come to school because of illness.	20045	NEG · come · to · school · because.of · illness
nitori	A kò lọ sí ọjà nítorí pé òjò ń rọ̀.	We did not go to the market because it was raining.	20046	1PL · NEG · go · to · market · because · COMP · rain · PROG · fall
tabi	Ṣé o fẹ́ ìrẹsì tàbí ẹ̀wà?	Do you want rice or beans?	20047	Q · 2SG · want · rice · or · beans
tabi	Mo lè lọ lónìí tàbí kí n dúró di ọ̀la.	I can go today, or wait until tomorrow.	20048	1SG · can · go · today · or · SUBJUNC · 1SG · wait · until · tomorrow
ọdun	Mo ti wà ní Èkó fún ọdún méjì.	I have been in Lagos for two years.	20049	1SG · PRF · be · in · Lagos · for · year · two
yi	Ó yí ọkọ̀ náà sí ọ̀tún.	He turned the vehicle to the right.	20051	3SG · turn · vehicle · DET · to · right
mọ	Èmi kò mọ̀ ọ́ rárá.	I do not know him at all.	20052	1SG.EMPH · NEG · know · 3SG.OBJ · at.all
mọ	Ṣé o mọ̀ pé ọjà kò ní ṣí lónìí?	Do you know that the market will not open today?	20053	Q · 2SG · know · COMP · market · NEG · FUT · open · today
iṣẹ	Ọmọ mi ti rí iṣẹ́ tuntun ní Èkó.	My child has found a new job in Lagos.	20055	child · 1SG.POSS · PRF · find · job · new · in · Lagos
ninu	Owó náà wà nínú àpò mi.	The money is in my bag.	20056	money · DET · be.at · inside · bag · 1SG.POSS
ninu	Ọ̀kan nínú àwọn ọmọ mi ń gbé ní Ìbàdàn.	One of my children lives in Ibadan.	20057	one · among · PL · child · 1SG.POSS · PROG · live · in · Ibadan
gba	Ọlọ́run gbà wá lọ́wọ́ ewu.	God delivered us from danger.	20058	God · save · 1PL.OBJ · from.hand · danger
gba	Mo gbà ìwé rẹ̀ lánàá, ṣùgbọ́n n kò tíì kà á.	I received his letter yesterday, but I have not read it yet.	20059	1SG · receive · letter · 3SG.POSS · yesterday · but · 1SG · NEG · yet · read · 3SG.OBJ
ọjọ	Ọjọ́ mélòó ni o fẹ́ dúró?	How many days do you want to stay?	20060	day · how.many · FOC · 2SG · want · stay
ọjọ	Ọjọ́ Ẹtì ni ọjà wa máa ń kún.	Our market is full on Fridays.	20061	day · Friday · FOC · market · 1PL.POSS · HAB · PROG · be.full
ijọba	Ìjọba ti kéde òfin tuntun.	The government has announced a new law.	20062	government · PRF · announce · law · new
ijọba	Ọ̀pọ̀ ènìyàn kò gbà pé ìjọba ń ṣe ohun tí ó tọ́.	Many people do not accept that the government is doing the right thing.	20063	many · person · NEG · accept · COMP · government · PROG · do · thing · REL · 3SG · be.right
ṣugbọn	Mo pè é, ṣùgbọ́n kò dáhùn.	I called him, but he did not answer.	20064	1SG · call · 3SG.OBJ · but · NEG · answer
ṣugbọn	Òjò rọ̀ lánàá, ṣùgbọ́n a ṣì lọ sí ọjà.	It rained yesterday, but we still went to the market.	20065	rain · fall · yesterday · but · 1PL · still · go · to · market
ọkọ	Àgbẹ̀ náà fi ọkọ́ ro ilẹ̀.	The farmer tilled the ground with a hoe.	20066	farmer · DET · use · hoe · till · ground
ọkọ	Wọ́n ń ta ọkọ́ àti àdá ní ọjà náà.	They sell hoes and cutlasses at that market.	20067	3PL · PROG · sell · hoe · and · cutlass · at · market · DET
da	Dà omi sínú ife náà.	Pour water into the cup.	20068	pour · water · into · cup · DET
da	Ọkọ̀ ojú omi náà dà ní àárín odò.	The boat capsized in the middle of the river.	20069	vehicle · face · water · DET · capsize · at · middle · river
ju	Ọmọ náà jù bọ́ọ̀lù sí mi.	The child threw the ball to me.	20070	child · DET · throw · ball · to · 1SG.OBJ
ju	Má jù ìwé rẹ nù, o lè nílò rẹ̀ lọ́la.	Do not throw your book away, you may need it tomorrow.	20071	NEG.IMP · throw · book · 2SG.POSS · away · 2SG · can · need · 3SG.OBJ · tomorrow
igba	Ìyá mi fi igbá pọn omi.	My mother drew water with a calabash.	20072	mother · 1SG.POSS · use · calabash · fetch · water
igba	Wọ́n bu ẹmu sínú igbá ńlá kan fún àwọn àgbà.	They poured palm wine into a big calabash for the elders.	20073	3PL · scoop · palm.wine · into · calabash · big · a · for · PL · elder
ku	Bàbá àgbà mi kú ní ọdún tí ó kọjá.	My grandfather died last year.	20075	father · elder · 1SG.POSS · die · in · year · REL · 3SG · pass
lẹhin	Bàbá àgbà mi jẹ́ ẹni tó lẹ́hìn ní ìlú wa.	My grandfather was a man who left a legacy in our town.	20076	father · elder · 1SG.POSS · be · person · REL · have.legacy · in · town · 1PL.POSS
lẹhin	A lọ sí ọjà lẹ́hìn oúnjẹ ọ̀sán.	We went to the market after the afternoon meal.	20077	1PL · go · to · market · after · food · afternoon
ẹru	Ẹ̀rù bà mí nígbà tí mo gbọ́ ariwo náà.	I was afraid when I heard that noise.	20078	fear · seize · 1SG.OBJ · when · REL · 1SG · hear · noise · DEF
ẹru	Ọmọ náà kò ní ẹ̀rù rárá.	That child has no fear at all.	20079	child · DEF · NEG · have · fear · at.all
naijiria	Èkó ni ìlú tí ó tóbi jù ní Nàìjíríà.	Lagos is the biggest city in Nigeria.	20080	Lagos · FOC · city · REL · 3SG · be.big · most · in · Nigeria
naijiria	Mo padà sí Nàìjíríà lóṣù tó kọjá.	I came back to Nigeria last month.	20081	1SG · return · to · Nigeria · in.month · REL · pass
titi	Ilé ìwé wa yóò wà ní ìsinmi títí di oṣù tó ń bọ̀.	Our school will be on holiday until next month.	20082	house · book · 1PL.POSS · FUT · be.at · in · rest · until · reach · month · REL · PROG · come
titi	A dúró de wọn títí.	We waited for them for a long time.	20083	1PL · stand · wait.for · 3PL.OBJ · a.long.time
orilẹ	Kí ni orílẹ̀ ìdílé rẹ?	What is your family's lineage?	20084	what · COP · lineage · family · 2SG.POSS
orilẹ	Nàìjíríà jẹ́ orílẹ̀ èdè tí ó ní ẹ̀yà púpọ̀.	Nigeria is a country that has many ethnic groups.	20085	Nigeria · be · nation · language · REL · 3SG · have · ethnic.group · many
ọpọ	Ọ̀pọ̀ ènìyàn ni ó wà ní ọjà lónìí.	There are a lot of people at the market today.	20086	abundance · person · FOC · 3SG · be.at · at · market · today
ọpọ	A ní ọ̀pọ̀ oúnjẹ nílé.	We have plenty of food at home.	20087	1PL · have · abundance · food · at.home
ode	Àwọn ọmọ ń ṣeré ní òde.	The children are playing outside.	20088	PL · child · PROG · play · at · outside
ode	Láyé òde òní, ọ̀pọ̀ ọmọdé kò mọ àṣà ìlú wa.	In today's world, many children do not know the customs of our town.	20089	in.world · outside · today · many · child · NEG · know · custom · town · 1PL.POSS
itan	Ìyá àgbà mi mọ ìtàn ìlú wa dáadáa.	My grandmother knows the history of our town well.	20090	mother · elder · 1SG.POSS · know · history · town · 1PL.POSS · well
itan	Sọ ìtàn kan fún mi.	Tell me a story.	20091	tell · story · INDEF · to · 1SG.OBJ
wọnyi	Àwọn ìwé wọ̀nyí wúwo gan-an.	These books are very heavy.	20092	PL · book · these · be.heavy · very
wọnyi	Ta ni ó ra aṣọ wọ̀nyí ní ọjà?	Who bought these clothes at the market?	20093	who · FOC · 3SG · buy · cloth · these · at · market
ọwọ	Fi ọwọ̀ gbá ilẹ̀ yàrá náà.	Sweep the floor of the room with a broom.	20094	use · broom · sweep · ground · room · DEF
ọwọ	Wẹ ọwọ́ rẹ kí o tó jẹun.	Wash your hands before you eat.	20095	wash · hand · 2SG.POSS · SBJV · 2SG · before · eat
ẹgbẹ	Mo darapọ̀ mọ́ ẹgbẹ́ àwọn akọrin ní ọdún tó kọjá.	I joined the singers' group last year.	20096	1SG · join · to · association · PL · singer · in · year · REL · pass
igbeyawo	Ìgbéyàwó wọn yóò wáyé ní ọjọ́ Àbámẹ́ta.	Their wedding will take place on Saturday.	20098	marriage · 3PL.POSS · FUT · take.place · on · day · Saturday
igbeyawo	Ó ti ń ronú nípa ìgbéyàwó.	He has begun thinking about marriage.	20099	3SG · PRF · PROG · think · about · marriage
njẹ	Ǹjẹ́ ìyá rẹ mọ̀ pé o ń lọ sí ọjà?	Does your mother know that you are going to the market?	20101	Q · mother · 2SG.POSS · know · COMP · 2SG · PROG · go · to · market
ẹrọ	Àwọn òṣìṣẹ́ ń lo ẹ̀rọ tuntun ní ilé iṣẹ́ náà.	The workers are using a new machine at that factory.	20103	PL · worker · PROG · use · machine · new · at · house · work · DEF
enia	Ènìà kò lè mọ ohun gbogbo tí ó ń ṣẹlẹ̀ láyé.	A human being cannot know everything that happens in the world.	20104	human.being · NEG · can · know · thing · all · REL · 3SG · PROG · happen · in.world
enia	Ọmọ ènìà ni gbogbo wa.	We are all human beings.	20105	child · human.being · COP · all · 1PL
iku	Ikú bàbá rẹ̀ fa ìbànújẹ́ ńlá fún gbogbo ìdílé wa.	His father's death caused great sadness for our whole family.	20106	death · father · 3SG.POSS · cause · sadness · big · for · all · family · 1PL.POSS
iku	Ikú kì í kìlọ̀ fún ẹnikẹ́ni.	Death gives no warning to anyone.	20107	death · NEG · HAB · warn · for · anyone
asiko	Àsìkò kò tó láti parí iṣẹ́ náà lónìí.	There is not enough time to finish this work today.	20109	time · NEG · be.enough · to · finish · work · DEF · today
obi	Àwọn òbí mi ń gbé ní Ìbàdàn.	My parents live in Ibadan.	20110	PL · parent · 1SG.POSS · PROG · live · in · Ibadan
nla	Ilé ńlá ni wọ́n ń kọ́.	It is a big house that they are building.	20112	house · big · FOC · 3PL · PROG · build
nla	Ìṣòro ńlá ni èyí fún ìdílé wa.	This is a big problem for our family.	20113	problem · big · COP · this · for · family · 1PL.POSS
oju	Ojú mi ń dùn mí lónìí.	My eyes hurt today.	20114	eye · 1SG.POSS · PROG · hurt · 1SG · today
oju	Wẹ̀ ojú rẹ kí o tó jẹun.	Wash your face before you eat.	20115	wash · face · 2SG.POSS · COMP · 2SG · before · eat
pẹlu	Mo lọ sí ọjà pẹ̀lú ìyá mi.	I went to the market with my mother.	20116	1SG · go · to · market · with · mother · 1SG.POSS
pẹlu	Bàbá pẹ̀lú ìyá mi ni wọ́n wá sí ilé wa lánàá.	My father and my mother came to our house yesterday.	20117	father · and · mother · 1SG.POSS · FOC · 3PL · come · to · house · 1PL.POSS · yesterday
ẹbi	Ẹbí mi ń gbé ní Ìbàdàn.	My family lives in Ibadan.	20118	family · 1SG.POSS · PROG · live · at · Ibadan
ẹbi	Ọkùnrin yẹn jẹ́ ẹbí wa, ó sì ti Ọ̀yọ́ wá.	That man is our relative, and he came from Oyo.	20119	man · that · be · relative · 1PL.POSS · 3SG · and · from · Oyo · come
ọpọlọpọ	Ọ̀pọ̀lọpọ̀ ènìyàn wá sí ìgbéyàwó náà.	Many people came to the wedding.	20120	many · person · come · to · wedding · DEF
ọpọlọpọ	Mo ti kà ọ̀pọ̀lọpọ̀ ìwé nípa ìtàn ilẹ̀ Yorùbá.	I have read many books about the history of Yorubaland.	20121	1SG · PRF · read · many · book · about · history · land · Yoruba
eniyan	Ènìyàn méjì ni wọ́n wá sí ilé mi lánàá.	Two people came to my house yesterday.	20122	person · two · FOC · 3PL · come · to · house · 1SG.POSS · yesterday
eniyan	Kò sí ènìyàn nínú ilé náà.	There is nobody inside the house.	20123	NEG · exist · person · inside · house · DEF
bẹrẹ	Ilé ìwé yóò bẹ̀rẹ̀ ní ọ̀sẹ̀ tí ń bọ̀.	School will begin next week.	20124	house · book · FUT · begin · at · week · REL · PROG · come
bẹrẹ	Wọ́n ti bẹ̀rẹ̀ iṣẹ́ ilé náà.	They have begun the building work.	20125	3PL · PRF · begin · work · house · DEF
oṣelu	Àwọn òṣèlú ń bá ara wọn jà nítorí owó.	The politicians are fighting one another because of money.	20127	PL · politician · PROG · with · body · 3PL.POSS · fight · because.of · money
ẹ̀	Ìwé yìí ti ẹ̀ ni.	This book is his.	20128	book · this · of · 3SG · COP
ẹ̀	Mo fún un ní tèmi, ó sì fún mi ní ti ẹ̀.	I gave him mine, and he gave me his.	20129	1SG · give · 3SG · with · mine · 3SG · and · give · 1SG · with · of · 3SG
pọ	Owó rẹ̀ pọ̀ ju ti mi lọ.	He has more money than I do.	20131	money · 3SG.POSS · be.much · exceed · of · 1SG · go
oke	Ilé wọn wà lórí òkè náà.	Their house is on the hill.	20132	house · 3PL.POSS · be.at · on · hill · DEF
oke	Àwọn ọmọ ń gun òkè lọ sí oko bàbá wọn.	The children are climbing the hill to their father's farm.	20133	PL · child · PROG · climb · hill · go · to · farm · father · 3PL.POSS
ọna	Ọ̀nà tó lọ sí ilé wa gùn púpọ̀.	The road that leads to our house is very long.	20134	road · REL · go · to · house · 1PL.POSS · be.long · much
ọna	Ọ̀nà mìíràn wà láti ṣe é.	There is another way to do it.	20135	way · another · exist · to · do · 3SG.OBJ
iru	Irú aṣọ wo ni ó fẹ́?	What kind of cloth does he want?	20136	kind · cloth · which · FOC · 3SG · want
iru	Irú ìwà bẹ́ẹ̀ kò dára fún ọmọdé rárá.	That kind of behaviour is not good for a child at all.	20137	kind · character · such · NEG · be.good · for · child · at.all
aṣa	Àṣà wa ni láti bọ̀wọ̀ fún àgbà.	It is our custom to respect elders.	20138	custom · 1PL.POSS · COP · to · respect · for · elder
aṣa	Àwọn ọ̀dọ́ òde òní kò mọ àṣà ilẹ̀ wa mọ́.	Young people of today no longer know the customs of our land.	20139	PL · youth · outside · today · NEG · know · custom · land · 1PL.POSS · again
oṣu	Oṣù tuntun ti yọ, àjọ̀dún yóò bẹ̀rẹ̀.	The new moon has appeared; the festival will begin.	20140	moon · new · PRF · appear · festival · FUT · begin
oṣu	Ní oṣù tí ń bọ̀, a ó bẹ̀rẹ̀ iṣẹ́ tuntun.	Next month we will start a new job.	20141	at · month · REL · PROG · come · 1PL · FUT · begin · work · new
ounjẹ	Oúnjẹ tí ìyá mi sè lánàá dùn gan-an.	The food my mother cooked yesterday was very tasty.	20142	food · REL · mother · 1SG.POSS · cook · yesterday · be.sweet · very
ounjẹ	Oúnjẹ kò tó fún gbogbo wa.	The food is not enough for all of us.	20143	food · NEG · be.enough · for · all · 1PL
olori	Olórí ilé ẹ̀kọ́ wa jẹ́ obìnrin.	The head of our school is a woman.	20144	head · house · learning · 1PL.POSS · be · woman
olori	Wọ́n fi Adé jẹ olórí àwọn òṣìṣẹ́ lọ́dún yìí.	They made Ade the leader of the workers this year.	20145	3PL · take · Ade · become · leader · PL · worker · at.year · this
pọn	Àwọn ará ìlú pọ́n olóyè náà lé fún iṣẹ́ rere rẹ̀.	The townspeople praised the chief for his good work.	20146	PL · inhabitant · town · praise · chief · DEF · upon · for · work · good · 3SG.POSS
pọn	Ọ̀gẹ̀dẹ̀ tí mo rà lánàá ti pọ́n.	The banana I bought yesterday has ripened.	20147	banana · REL · 1SG · buy · yesterday · PRF · be.ripe
iyan	Mo jẹ iyán àti ẹ̀fọ́ ní ilé ìyá mi.	I ate pounded yam and vegetable stew at my mother's house.	20148	1SG · eat · pounded.yam · and · vegetable.stew · at · house · mother · 1SG.POSS
iyan	Ìyá mi ń gún iyán ní ìdáná.	My mother is pounding yam in the kitchen.	20149	mother · 1SG.POSS · PROG · pound · pounded.yam · at · kitchen
mẹfa	Mo rà ẹyin mẹ́fà lọ́jà lónìí.	I bought six eggs at the market today.	20150	1SG · buy · egg · six · at.market · today
mẹfa	Mo lo ọjọ́ mẹ́fà ní ilé ẹ̀gbọ́n mi ní Ìbàdàn.	I spent six days at my elder brother's house in Ibadan.	20151	1SG · spend · day · six · at · house · elder.sibling · 1SG.POSS · at · Ibadan
dani	Kí lo dání lọ́wọ́ rẹ?	What are you holding in your hand?	20152	what · FOC.2SG · hold · at.hand · 2SG.POSS
dani	Bàbá mi dání oko ńlá ní abúlé wa.	My father owns a big farm in our village.	20153	father · 1SG.POSS · own · farm · big · at · village · 1PL.POSS
nnkan	Nǹkan kan ṣubú lulẹ̀ nínú yàrá.	Something fell down in the room.	20154	thing · INDF · fall · to.ground · at.inside · room
nnkan	Gbogbo nǹkan tí mo ní wà nínú àpò yìí.	Everything I own is in this bag.	20155	all · thing · REL · 1SG · have · be.at · at.inside · bag · this
ẹjọ	Ọmọ náà ka ọ̀kan títí dé ẹ̀jọ.	The child counted from one up to eight.	20156	child · DEF · count · one · until · reach · eight
ẹjọ	Ẹ̀jọ ni ìdáhùn tí ó tọ́.	Eight is the correct answer.	20157	eight · COP · answer · REL · 3SG · be.correct
mọnamọna	Mọ̀nàmọ́ná ń kọ ní ojú ọ̀run.	Lightning is flashing in the sky.	20158	lightning · PROG · flash · at · face · sky
mọnamọna	Mọ̀nàmọ́ná kò sí nílé wa lálẹ́ àná.	There was no electricity in our house last night.	20159	electricity · NEG · exist · at.house · 1PL.POSS · at.night · yesterday
ibo	Ọ̀pọ̀ ènìyàn wá sí ibùdó ìbò ní òwúrọ̀ kùtùkùtù.	Many people came to the polling station early in the morning.	20161	many · person · come · to · station · vote · at · morning · early
igun	Àwọn igún péjọ sí ibi tí wọ́n ti pa ẹran náà.	The vultures gathered where they had killed the animal.	20162	PL · vulture · gather · to · place · REL · 3PL · PRF · kill · animal · DEF
igun	Igún kan dúró lórí òrùlé wa.	A vulture perched on our roof.	20163	vulture · INDF · stand · on · roof · 1PL.POSS
labẹ	Ológbò náà sùn lábẹ́ tábìlì.	The cat slept under the table.	20164	cat · DEF · sleep · under · table
labẹ	Gbogbo wa wà lábẹ́ òfin ilẹ̀ wa.	We are all under the law of our land.	20165	all · 1PL · be.at · under · law · land · 1PL.POSS
iba	Ibà mú mi lálẹ́ àná, mi ò sì sùn rárá.	A fever seized me last night, and I did not sleep at all.	20166	fever · seize · 1SG.OBJ · at.night · yesterday · 1SG · NEG · and · sleep · at.all
iba	Oníṣègùn náà fún un ní òògùn ibà.	The doctor gave him malaria medicine.	20167	doctor · DEF · give · 3SG.OBJ · LOC · medicine · malaria
in	Wọ́n sin ín sí ẹ̀gbẹ́ ìyá rẹ̀.	They buried him beside his mother.	20168	3PL · bury · 3SG.OBJ · to · side · mother · 3SG.POSS
in	Mo rà ẹja, mo sì dín in fún àwọn ọmọ.	I bought fish and fried it for the children.	20169	1SG · buy · fish · 1SG · and · fry · 3SG.OBJ · for · PL · child
re	Ilé ìyá mi ni mo ń rè lónìí.	I am going to my mother's house today.	20171	house · mother · 1SG.POSS · FOC · 1SG · PROG · go · today
ẹwọn	Wọ́n fi olè náà sínú ẹ̀wọ̀n fún ọdún méjì.	They put the thief in prison for two years.	20172	3PL · put · thief · DEF · into · prison · for · year · two
ẹwọn	Ẹ̀wọ̀n ajá wa ti já.	Our dog's chain has broken.	20173	chain · dog · 1PL.POSS · PRF · break
gbọdọ	Ọmọ gbọ́dọ̀ bọ̀wọ̀ fún àgbà.	A child must respect an elder.	20174	child · must · respect · for · elder
gbọdọ	Mo gbọ́dọ̀ dé ilé iṣẹ́ ní aago méje.	I must get to work by seven o'clock.	20175	1SG · must · arrive · house · work · at · clock · seven
gbọn	Ilẹ̀ gbọ̀n nígbà tí ọkọ̀ ńlá kọjá.	The ground shook when the big lorry passed.	20176	ground · shake · when · REL · vehicle · big · pass
gbọn	Ọwọ́ rẹ̀ ń gbọ̀n nítorí ibà.	His hands are trembling because of the fever.	20177	hand · 3SG.POSS · PROG · tremble · because.of · fever
aje	Ajé kìí wọlé fún ọ̀lẹ.	Wealth does not come to a lazy person.	20178	wealth · NEG.HAB · enter.house · for · lazy.person
aje	Iṣẹ́ àgbẹ̀ ń mú ajé wá fún àwọn ará ìlú.	Farming brings wealth to the townspeople.	20179	work · farmer · PROG · take · wealth · come · for · PL · inhabitant · town
oriṣa	Ṣàngó jẹ́ ọ̀kan lára àwọn òrìṣà ilẹ̀ Yorùbá.	Shango is one of the orishas of Yorubaland.	20180	Shango · COP · one · among · PL · orisha · land · Yoruba
oriṣa	Bàbá mi ń bọ òrìṣà ìdílé wa.	My father worships our family's orisha.	20181	father · 1SG.POSS · PROG · worship · orisha · family · 1PL.POSS
atijọ	Ní ayé àtijọ́, àwọn àgbẹ̀ ń fi ọwọ́ ro oko.	In the old days, farmers tilled the farm by hand.	20182	in · world · ancient · PL · farmer · PROG · use · hand · till · farm
atijọ	Ẹ kú àtijọ́, ọ̀rẹ́ mi!	Long time no see, my friend!	20183	2PL · greet · old.times · friend · 1SG.POSS
ero	Ọkọ̀ náà kún fún èrò.	The bus is full of passengers.	20184	vehicle · DEF · be.full · of · passenger
ero	Kí ni èrò rẹ nípa ọ̀rọ̀ yìí?	What is your opinion on this matter?	20185	what · COP · thought · 2SG.POSS · about · matter · this
apẹrẹ	Ẹ fún mi ní àpẹrẹ kan.	Give me an example, please.	20186	2PL · give · 1SG.OBJ · with · example · INDF
apẹrẹ	Ìyá kó gbogbo ẹ̀fọ́ rẹ̀ sínú apẹ̀rẹ̀ ńlá kan.	Mother packed all her vegetables into a big basket.	20187	mother · pack · all · vegetable · 3SG.POSS · into · basket · big · INDF
ifẹ	Ìfẹ́ ló so ìdílé wa pọ̀.	It is love that holds our family together.	20188	love · FOC.3SG · tie · family · 1PL.POSS · together
ifẹ	Ìyá mi fi ìfẹ́ tọ́ wa dàgbà.	My mother raised us with love.	20189	mother · 1SG.POSS · use · love · nurture · 1PL.OBJ · grow
ọdọ	Àwọn ọ̀dọ́ ìlú wa kò rí iṣẹ́ ṣe.	The young people of our town cannot find work.	20190	PL · youth · town · 1PL.POSS · NEG · find · work · do
ọdọ	Ọ̀dọ́ àgùntàn náà tẹ̀lé ìyá rẹ̀.	The lamb followed its mother.	20191	young · sheep · DEF · follow · mother · 3SG.POSS
ọ́	Ìyá rẹ ń pè ọ́.	Your mother is calling you.	20192	mother · 2SG.POSS · PROG · call · 2SG.OBJ
ọ́	Mo bẹ̀ ọ́, má ṣe bínú sí mi.	I beg you, don't be angry with me.	20193	1SG · beg · 2SG.OBJ · NEG.IMP · do · be.angry · to · 1SG.OBJ
ipinlẹ	Ìlú wa wà ní Ìpínlẹ̀ Ọ̀yọ́.	Our town is in Oyo State.	20194	town · 1PL.POSS · be.at · in · state · Oyo
ipinlẹ	Gómìnà ìpínlẹ̀ náà wá sí ilé ìwé wa lánàá.	The governor of that state came to our school yesterday.	20195	governor · state · DEF · come · to · house · book · 1PL.POSS · yesterday
alejo	Àwọn àlejò wa ti dé láti Èkó.	Our guests have arrived from Lagos.	20196	PL · guest · 1PL.POSS · PRF · arrive · from · Lagos
alejo	Àlejò ni mí ní ìlú yìí, mi ò mọ ọ̀nà.	I am a stranger in this town; I do not know the way.	20197	stranger · COP · 1SG · in · town · this · 1SG · NEG · know · road
idile	Orúkọ ìdílé wa ni Adéyẹmí.	Our family name is Adeyemi.	20198	name · family · 1PL.POSS · COP · Adeyemi
idile	Gbogbo ìdílé wa péjọ ní ilé bàbá àgbà.	Our whole family gathered at grandfather's house.	20199	all · family · 1PL.POSS · gather · at · house · father · elder
din	Ìyá ń dín ẹja nínú epo pupa.	Mother is frying fish in palm oil.	20200	mother · PROG · fry · fish · inside · oil · red
din	Ẹ jọ̀wọ́, ẹ dín owó rẹ̀ kù fún mi.	Please bring its price down for me.	20201	2PL · please · 2PL · reduce · money · 3SG.POSS · remain · for · 1SG.OBJ
fẹran	Àwọn òbí mi fẹ́ràn àlejò, wọ́n ń gba gbogbo ènìyàn sílé.	My parents love guests; they welcome everyone into the house.	20203	PL · parent · 1SG.POSS · love · guest · 3PL · PROG · receive · all · person · to.house
ọkan	Ọ̀kan péré ni ó kù nínú àwọn àkàrà náà.	Only one of those bean cakes is left.	20204	one · only · FOC · 3SG · remain · inside · PL · bean.cake · DEF
ọkan	Ọkàn mi kò balẹ̀ rárá.	My mind is not at ease at all.	20205	heart · 1SG.POSS · NEG · settle · at.all
ominira	Nàìjíríà gba òmìnira lọ́wọ́ àwọn òyìnbó.	Nigeria won its independence from the colonialists.	20206	Nigeria · receive · independence · from.hand · PL · white.person
ominira	Ẹ kú ọdún òmìnira o!	Happy Independence Day!	20207	2PL · greet · year · independence · EMPH
agbẹ	Àgbẹ̀ tí kò bá ṣiṣẹ́ kò ní kórè.	A farmer who does not work will not harvest.	20209	farmer · REL · NEG · COND · work · NEG · FUT · harvest
diẹ	Mo fẹ́ omi díẹ̀ láti mu.	I want a little water to drink.	20210	1SG · want · water · little · to · drink
diẹ	Ọmọ náà ń kọ́ èdè Yorùbá díẹ̀ díẹ̀.	The child is learning Yoruba little by little.	20211	child · DEF · PROG · learn · language · Yoruba · little · little
tẹ	Ìyá tẹ́ ẹní sílẹ̀ fún àwọn àlejò.	Mother spread the mat out for the guests.	20212	mother · spread · mat · down · for · PL · guest
tẹ	Ilẹ̀ oko wa tẹ́ dáadáa.	The ground on our farm is nice and level.	20213	ground · farm · 1PL.POSS · be.flat · well
ẹsin	Ẹ̀sìn wo ni o ń ṣe?	Which religion do you practise?	20214	religion · which · FOC · 2SG · PROG · do
ẹsin	Ẹ̀sìn rẹ̀ kò jẹ́ kí ó jẹ ẹran ẹlẹ́dẹ̀.	His religion does not allow him to eat pork.	20215	religion · 3SG.POSS · NEG · allow · SBJV · 3SG · eat · meat · pig
ijapa	Ìjàpá gbọ́n ju gbogbo ẹranko lọ nínú àlọ́.	In the folktales the tortoise is cleverer than all the other animals.	20216	tortoise · be.wise · surpass · all · animal · go · inside · folktale
ijapa	Ìjàpá tan gbogbo wọn jẹ.	The tortoise tricked them all.	20217	tortoise · deceive · all · 3PL · eat
aja	Ajá wa ń gbó sí àlejò.	Our dog is barking at a stranger.	20218	dog · 1PL.POSS · PROG · bark · at · stranger
aja	Àwọn ọdẹ máa ń mú ajá lọ sí igbó.	Hunters usually take dogs with them to the forest.	20219	PL · hunter · HAB · PROG · take · dog · go · to · forest
ibilẹ	Oúnjẹ ìbílẹ̀ ni mo fẹ́.	It is local food that I want.	20220	food · local · FOC · 1SG · want
ibilẹ	Wọ́n ṣe ìgbéyàwó ìbílẹ̀ ní ilé ìyàwó.	They held a traditional wedding at the bride's family house.	20221	3PL · do · wedding · traditional · at · house · bride
were	Má pe àgbà ní wèrè.	Don't call an elder a madman.	20222	NEG.IMP · call · elder · as · madman
were	Àwọn aládùúgbò sọ pé wèrè ń ṣe ọkùnrin náà.	The neighbours said the man was losing his mind.	20223	PL · neighbour · say · COMP · madness · PROG · do · man · DEF
oyinbo	Òyìnbó kan ń ra aṣọ ní ọjà wa lónìí.	A white man is buying cloth in our market today.	20224	white.person · INDF · PROG · buy · cloth · at · market · 1PL.POSS · today
oyinbo	Ọmọ kékeré náà ti mọ èdè òyìnbó dáadáa.	That little child already knows English well.	20225	child · small · DEF · PERF · know · language · white.person · well
gomina	Gómìnà ìpínlẹ̀ wa ti dé ìlú náà.	Our state governor has arrived in the town.	20226	governor · state · 1PL.POSS · PERF · arrive · town · DEF
gomina	Àwọn ará ìlú yàn gómìnà tuntun nínú ìdìbò tí ó kọjá.	The townspeople chose a new governor in the last election.	20227	PL · people · town · choose · governor · new · in · election · REL · 3SG · pass
olowo	Gbogbo ìlú mọ olówó náà.	The whole town knows that rich man.	20228	all · town · know · rich.person · DEF
olowo	Olówó ni ó ra ọkọ̀ tuntun fún ọmọ rẹ̀.	It was the rich man who bought a new car for his child.	20229	rich.person · FOC · 3SG · buy · vehicle · new · for · child · 3SG.POSS
aworan	Ọmọ náà ya àwòrán ilé wa.	The child drew a picture of our house.	20230	child · DEF · draw · picture · house · 1PL.POSS
aworan	Àwòrán ìgbéyàwó àwọn òbí mi wà lára ògiri.	My parents' wedding photograph is on the wall.	20231	picture · wedding · PL · parent · 1SG.POSS · be.at · on · wall
ọlọrọ	Ọlọ́rọ̀ àkọ́kọ́ ní ìpàdé náà ni olóyè ìlú wa.	The first speaker at the meeting was our town's chief.	20232	speaker · first · at · meeting · DEF · COP · chief · town · 1PL.POSS
ọlọrọ	Ọlọ́rọ̀ náà kọ́ ilé ìwòsàn fún ìlú wa.	That rich man built a hospital for our town.	20233	rich.person · DEF · build · house · healing · for · town · 1PL.POSS
ọga	Ọ̀gá mi kò dé ibi iṣẹ́ lónìí.	My boss did not come to work today.	20234	boss · 1SG.POSS · NEG · arrive · place · work · today
ọga	Ta ni ọ̀gá àwọn òṣìṣẹ́ wọ̀nyí?	Who is the boss of these workers?	20235	who · COP · boss · PL · worker · these
ijẹbu	Ìyá mi wá láti Ìjẹ̀bú.	My mother comes from Ijebu.	20236	mother · 1SG.POSS · come · from · place.name
ijẹbu	Ọ̀pọ̀ àwọn ará Ìjẹ̀bú ni ń ṣe òwò ní Èkó.	Many Ijebu people are traders in Lagos.	20237	many · PL · people · place.name · FOC · PROG · do · trade · in · Lagos
lẹyin	Lẹ́yìn tí a jẹun tán, gbogbo wa jókòó láti sọ̀rọ̀.	After we had finished eating, we all sat down to talk.	20238	after · REL · 1PL · eat · finish · all · 1PL · sit · to · talk
lẹyin	Ọkọ̀ náà dúró lẹ́yìn ilé wa.	The car stopped behind our house.	20239	vehicle · DEF · stop · behind · house · 1PL.POSS
sọrọ	Mo fẹ́ bá ọ sọ̀rọ̀ díẹ̀.	I want to have a quick word with you.	20240	1SG · want · with · 2SG · talk · little
sọrọ	Ọ̀gá wa sọ̀rọ̀ nípa iṣẹ́ tuntun náà ní ìpàdé.	Our boss spoke about the new job at the meeting.	20241	boss · 1PL.POSS · talk · about · work · new · DEF · at · meeting
igbo	Àwọn ọdẹ lọ sínú igbó láti pa ẹranko.	The hunters went into the forest to kill game.	20242	PL · hunter · go · into · forest · to · kill · animal
igbo	Ọ̀rẹ́ mi ń kọ́ èdè Ìgbò ní ilé-ìwé gíga.	My friend is learning Igbo at university.	20243	friend · 1SG.POSS · PROG · learn · language · people.name · at · school · high
fọ	Ó fọ̀ fún mi pé òun kò ní wá.	He told me that he would not come.	20244	3SG · say · to · 1SG · COMP · 3SG.LOG · NEG · FUT · come
fọ	Kí ni bàbá rẹ fọ̀ fún ọ?	What did your father say to you?	20245	what · FOC · father · 2SG.POSS · say · to · 2SG
ọla	Ọmọ rere ni ọlá fún òbí rẹ̀.	A good child is an honour to his parents.	20246	child · good · COP · honour · for · parent · 3SG.POSS
ọla	Wọ́n fún bàbá mi ní oyè nítorí ọlá rẹ̀ nínú ìlú.	They gave my father a chieftaincy title because of his standing in the town.	20247	3PL · give · father · 1SG.POSS · OBJ · title · because · honour · 3SG.POSS · in · town
iṣẹlẹ	Ìṣẹ̀lẹ̀ ńlá kan wáyé ní ọjà lánàá.	A big incident took place at the market yesterday.	20248	event · big · INDF · happen · at · market · yesterday
iṣẹlẹ	Gbogbo ará ìlú ń sọ̀rọ̀ nípa ìṣẹ̀lẹ̀ náà lónìí.	The whole town is talking about that incident today.	20249	all · people · town · PROG · talk · about · event · DEF · today
miiran	Fún mi ní ọ̀kan mìíràn.	Give me another one.	20250	give · 1SG · OBJ · one · other
miiran	Àwọn ọmọ mìíràn ti dé ilé-ìwé ṣáájú wa.	The other children had arrived at school before us.	20251	PL · child · other · PERF · arrive · school · before · 1PL
tẹlẹ	Mo ti rí ọkùnrin yẹn tẹ́lẹ̀.	I have seen that man before.	20252	1SG · PERF · see · man · that · before
tẹlẹ	Wọ́n ń gbé Èkó tẹ́lẹ̀, ṣùgbọ́n wọ́n ti kó lọ sí Ìbàdàn.	They used to live in Lagos, but they have moved to Ibadan.	20253	3PL · PROG · live · Lagos · before · but · 3PL · PERF · move · go · to · Ibadan
akara	Mo ra àkàrà mẹ́ta ní ọjà lónìí.	I bought three akara at the market today.	20254	1SG · buy · bean.fritter · three · at · market · today
akara	Ìyá náà máa ń ta àkàrà gbígbóná ní àárọ̀.	That woman sells hot akara in the morning.	20255	mother · DEF · HAB · PROG · sell · bean.fritter · hot · in · morning
ọlẹ	Ọ̀lẹ kì í ṣiṣẹ́, ṣùgbọ́n ó fẹ́ jẹun.	A lazy person will not work, but he wants to eat.	20256	lazy.person · NEG · HAB · work · but · 3SG · want · eat
ọlẹ	Kò sí ọ̀lẹ nínú ilé wa; gbogbo wa ni ń ṣiṣẹ́.	There is no lazy person in our house; we all work.	20257	NEG · exist · lazy.person · in · house · 1PL.POSS · all · 1PL · FOC · PROG · work
oorun	Mo gbọ́ òórùn oúnjẹ dídùn nínú ilé.	I smelled the aroma of good food in the house.	20258	1SG · perceive · smell · food · sweet · in · house
oorun	Òórùn ẹja tí ó bàjẹ́ kún gbogbo ọjà.	The smell of rotten fish filled the whole market.	20259	smell · fish · REL · 3SG · spoil · fill · all · market
ṣiṣẹ	Ìyá mi ń ṣiṣẹ́ ní ilé ìwòsàn.	My mother works at the hospital.	20260	mother · 1SG.POSS · PROG · work · at · house · healing
ṣiṣẹ	Ẹni tí kò bá ṣiṣẹ́ kò gbọdọ̀ jẹun.	Whoever does not work must not eat.	20261	person · REL · NEG · COND · work · NEG · must · eat
kiniun	A gbọ́ ohùn kìnìún nínú igbó lálẹ́ àná.	We heard the voice of a lion in the forest last night.	20263	1PL · hear · voice · lion · at.inside · forest · at.night · yesterday
ikun	Ebi ń pa mí, ikùn mi sì ń dún.	I am hungry, and my stomach is rumbling.	20264	hunger · PROG · kill · 1SG.OBJ · belly · 1SG.POSS · and · PROG · sound
ikun	Ọmọ náà fi ọwọ́ lé ikùn rẹ̀.	The child put his hand on his belly.	20265	child · DEF · take · hand · put.on · belly · 3SG.POSS
dagba	Ọmọ náà ń dàgbà kíákíá.	The child is growing quickly.	20266	child · DEF · PROG · grow · quickly
dagba	Igi tí a gbìn lọ́dún tó kọjá ti dàgbà gan-an.	The tree we planted last year has grown a lot.	20267	tree · REL · 1PL · plant · at.year · REL · pass · PRF · grow · very
adura	Ìyá mi ń gba àdúrà ní gbogbo òwúrọ̀.	My mother prays every morning.	20268	mother · 1SG.POSS · PROG · receive · prayer · at · all · morning
ikoko	Ọbẹ̀ wà nínú ìkòkò lórí iná.	The stew is in the pot on the fire.	20270	stew · be.at · at.inside · pot · on · fire
ikoko	Ìkòkò amọ̀ ni àwọn àgbà fi ń sè ẹ̀wà tẹ́lẹ̀.	It was in a clay pot that the elders used to cook beans.	20271	pot · clay · FOC · PL · elder · use · PROG · cook · beans · formerly
arugbo	Arúgbó náà jókòó lábẹ́ igi.	The old man sat down under the tree.	20272	old.person · DEF · sit.down · at.under · tree
arugbo	A gbọdọ̀ bọ̀wọ̀ fún arúgbó nínú ìlú wa.	We must respect the elderly in our town.	20273	1PL · must · respect · for · old.person · at.inside · town · 1PL.POSS
iṣe	Ìṣe rẹ̀ dára ju ọ̀rọ̀ rẹ̀ lọ.	His deeds are better than his words.	20274	deed · 3SG.POSS · be.good · exceed · word · 3SG.POSS · go
iṣe	Ìṣe àwọn bàbá wa ni a ń tẹ̀lé.	It is the tradition of our fathers that we follow.	20275	tradition · PL · father · 1PL.POSS · FOC · 1PL · PROG · follow
ọtí	Kò yẹ kí ọmọdé mu ọtí.	A child should not drink alcohol.	20276	NEG · be.proper · SBJV · child · drink · alcohol
ọtí	Wọ́n ta ọtí àti ohun mímu ní ibi ayẹyẹ náà.	They sold alcohol and drinks at the celebration.	20277	3PL · sell · alcohol · and · thing · drinking · at · place · celebration · DEF
jẹun	Ẹ wá jẹun, oúnjẹ ti ṣetán.	Come and eat, the food is ready.	20278	2PL · come · eat · food · PRF · be.ready
jẹun	Iṣẹ́ ọwọ́ rẹ̀ ni ó fi ń jẹun.	It is by his handiwork that he makes a living.	20279	work · hand · 3SG.POSS · FOC · 3SG · use · PROG · make.a.living
sinu	Ó wọ sínú ọkọ̀ náà kíákíá.	He got into the vehicle quickly.	20280	3SG · enter · into · vehicle · DEF · quickly
sinu	Àwọn ọmọ sáré sínú ilé nígbà tí òjò bẹ̀rẹ̀.	The children ran into the house when the rain started.	20281	PL · child · run · into · house · at.time · REL · rain · begin
ẹmi	Wọ́n gbà pé ẹ̀mí àwọn òkú ń ṣọ́ ìdílé.	They believe that the spirits of the dead watch over the family.	20282	3PL · believe · that · spirit · PL · dead · PROG · guard · family
nkọ	Mo wà dáadáa, ìwọ ńkọ́?	I am well, and you?	20285	1SG · be · well · 2SG · what.about
ẹyin	Adìẹ náà yé ẹyin mẹ́ta lánàá.	The hen laid three eggs yesterday.	20286	hen · DEF · lay · egg · three · yesterday
ẹyin	Ẹyin dídín àti búrẹ́dì ni mo jẹ lóòwúrọ̀.	Fried egg and bread is what I ate this morning.	20287	egg · fried · and · bread · FOC · 1SG · eat · at.morning
alẹ	Ìtàn ni àwọn àgbà máa ń pa ní alẹ́.	It is folktales that the elders tell in the evening.	20289	story · FOC · PL · elder · HAB · PROG · tell · at · evening
ẹlomiran	Ẹlòmíràn ti ra ilé náà.	Someone else has bought that house.	20290	another.person · PRF · buy · house · DEF
ẹlomiran	Bí ìwọ kò bá ṣe é, ẹlòmíràn yóò ṣe é.	If you do not do it, someone else will do it.	20291	if · 2SG · NEG · COND · do · 3SG.OBJ · another.person · FUT · do · 3SG.OBJ
igbagbọ	A ní ìgbàgbọ́ pé ohun gbogbo yóò dára.	We have faith that everything will be fine.	20293	1PL · have · faith · that · thing · all · FUT · be.good
igbe	Oṣù Ìgbé ni a bí mi.	It was in the month of April that I was born.	20294	month · April · FOC · IMPRS · bear · 1SG.OBJ
igbe	Òjò máa ń rọ̀ púpọ̀ ní oṣù Ìgbé.	It rains a lot in the month of April.	20295	rain · HAB · PROG · fall · much · at · month · April
ẹda	Ènìyàn ni ẹ̀dá tí ó ní ọgbọ́n jù.	Man is the creature that has the most wisdom.	20296	person · COP · creature · REL · 3SG · have · wisdom · most
ẹda	Ọlọ́run dá gbogbo ẹ̀dá alààyè.	God created every living creature.	20297	God · create · all · creature · living
agbara	Olóyè náà ní agbara nínú ìlú wa.	That chief has power in our town.	20298	chief · that · have · power · inside · town · our
agbara	Iṣẹ́ oko gba agbara púpọ̀.	Farm work takes a lot of strength.	20299	work · farm · take · strength · much
ere	Kò sí ere nínú iṣẹ́ náà.	There is no profit in that work.	20300	NEG · exist · profit · inside · work · the
ere	Ó rí ere púpọ̀ nínú òwò tí ó ṣe lọ́dún yìí.	He made a lot of profit from the business he did this year.	20301	3SG · see · profit · much · inside · trade · REL · 3SG · do · in.year · this
oṣiṣẹ	Oṣiṣẹ ìjọba ni bàbá mi.	My father is a government worker.	20302	worker · government · COP · father · my
oṣiṣẹ	Àwọn oṣiṣẹ ilé-iṣẹ́ náà ń bẹ̀rẹ̀ iṣẹ́ ní agogo méje òwúrọ̀.	The workers at that company start work at seven in the morning.	20303	PL · worker · company · the · PROG · begin · work · at · clock · seven · morning
ayelujara	Mo rí i lórí ẹ̀rọ ayelujara.	I saw it on the internet.	20304	1SG · see · 3SG · on · machine · internet
ayelujara	Àwọn ọmọ wa ń kọ́ èdè Yorùbá lórí ẹ̀rọ ayelujara.	Our children are learning Yoruba on the internet.	20305	PL · child · our · PROG · learn · language · Yoruba · on · machine · internet
nikan	Èmi nikan ni mo wà nílé.	I was the only one at home.	20306	1SG.EMPH · only · FOC · 1SG · be.at · at.home
nikan	Ọmọ kan nikan ni ó wá sí ilé-ìwé lónìí.	Only one child came to school today.	20307	child · one · only · FOC · 3SG · come · to · school · today
oye	Bàbá mi jẹ oye ní ìlú wa.	My father took a chieftaincy title in our town.	20308	father · my · eat · title · in · town · our
oye	Kò mọ oye owó tí ó ná ní ọjà lánàá.	He does not know the amount of money he spent at the market yesterday.	20309	NEG · know · amount · money · REL · 3SG · spend · at · market · yesterday
ọlọrun	Ọlọrun á bá ọ lọ.	God will go with you.	20310	God · FUT · accompany · 2SG · go
ọlọrun	A dúpẹ́ lọ́wọ́ Ọlọrun fún ọjọ́ tuntun yìí.	We thank God for this new day.	20311	1PL · thank · from.hand · God · for · day · new · this
mẹta	Mo ra ọ̀gẹ̀dẹ̀ mẹta ní ọjà.	I bought three bananas at the market.	20312	1SG · buy · banana · three · at · market
mẹta	Ọdún mẹta ni mo ti wà ní Èkó.	I have been in Lagos for three years.	20313	year · three · FOC · 1SG · PRF · be.at · in · Lagos
kekere	Ilé kekere ni wọ́n ń gbé.	It is a small house they live in.	20314	house · small · FOC · 3PL · PROG · dwell
kekere	Láti kekere ni ìyá mi ti kọ́ mi ní iṣẹ́ ọwọ́.	From childhood my mother taught me a trade.	20315	from · young.age · FOC · mother · my · PRF · teach · 1SG · OBJ · work · hand
rọbi	Ìyàwó rẹ̀ ń rọbi ní ilé-ìwòsàn.	His wife is in labour at the hospital.	20316	wife · his · PROG · be.in.labour · at · hospital
rọbi	Ó rọbi fún wákàtí mẹ́wàá kí ó tó bí ọmọ náà.	She was in labour for ten hours before she gave birth to the child.	20317	3SG · be.in.labour · for · hour · ten · COMP · 3SG · before · bear · child · the
ikan	Ikan ti jẹ igi ilé náà.	Termites have eaten the wood of that house.	20318	termite · PRF · eat · wood · house · the
ikan	Àwọn àgbẹ̀ ń wá ọ̀nà láti lé ikan kúrò nínú oko.	The farmers are looking for a way to drive termites out of the farm.	20319	PL · farmer · PROG · seek · way · to · drive · termite · away · inside · farm
adiẹ	Adiẹ mi bí ọmọ mẹ́fà.	My hen hatched six chicks.	20320	chicken · my · bear · child · six
adiẹ	Mo fẹ́ ra adiẹ àti ẹyin ní ọjà lọ́la.	I want to buy a chicken and eggs at the market tomorrow.	20321	1SG · want · buy · chicken · and · egg · at · market · tomorrow
kọja	Ọkọ̀ náà kọja níwájú ilé wa.	The vehicle passed in front of our house.	20322	vehicle · the · pass · in.front · house · our
kọja	Iye owó tí mo ná ní ọjà kọja ẹgbẹ̀rún méjì náírà.	The amount of money I spent at the market exceeded two thousand naira.	20323	amount · money · REL · 1SG · spend · at · market · exceed · thousand · two · naira
oloye	Oloye ìlú wa ti dàgbà gan-an.	The chief of our town has grown very old.	20324	chief · town · our · PRF · grow.old · very
oloye	Wọ́n kó àwọn oloye jọ níwájú ọba lánàá.	They gathered the chiefs before the king yesterday.	20325	3PL · gather · PL · chief · together · in.front · king · yesterday
agbegbe	Kò sí omi ní agbegbe wa.	There is no water in our area.	20326	NEG · exist · water · in · region · our
agbegbe	Àwọn ọmọdé ní agbegbe yìí ń lọ sí ilé-ìwé kan náà.	The children in this area go to the same school.	20327	PL · child · in · region · this · PROG · go · to · school · one · same
ọbọ	Ọbọ ń jẹ ọ̀gẹ̀dẹ̀ lórí igi.	A monkey is eating a banana up in the tree.	20328	monkey · PROG · eat · banana · on · tree
ọbọ	Àwọn ọmọdé rí ọbọ méjì nínú igbó nígbà tí wọ́n lọ sí oko.	The children saw two monkeys in the forest when they went to the farm.	20329	PL · child · see · monkey · two · inside · forest · when · REL · 3PL · go · to · farm
ọrun	Bàbá àgbà mi ti lọ sí ọrun.	My grandfather has gone to heaven.	20330	father · elder · my · PRF · go · to · heaven
ọrun	Àwọn ẹyẹ ń fò ní ọrun nígbà tí ilẹ̀ ń ṣú.	The birds are flying in the sky as evening falls.	20331	PL · bird · PROG · fly · in · sky · when · REL · ground · PROG · darken
alaye	Olùkọ́ wa ṣe alaye ẹ̀kọ́ náà fún àwọn ọmọ ilé-ìwé lẹ́ẹ̀kejì.	Our teacher explained the lesson to the pupils a second time.	20332	teacher · our · do · explanation · lesson · the · for · PL · child · school · second.time
alaye	Bàbá béèrè alaye lọ́wọ́ ọmọ rẹ̀.	Father asked his son for an explanation.	20333	father · ask · explanation · from.hand · child · his
gun	Ọ̀nà tí ó lọ sí Ìbàdàn gun gan-an.	The road that goes to Ibadan is very long.	20334	road · REL · 3SG · go · to · Ibadan · be.long · very
jo	Ẹ wá jó pẹ̀lú wa.	Come and dance with us.	20336	2PL · come · dance · with · 1PL
jo	Àwọn ọmọdé ń jó sí orin tí wọ́n ń kọ.	The children are dancing to the song they are singing.	20337	PL · child · PROG · dance · to · song · REL · 3PL · PROG · sing
ṣoṣo	Ọmọ kan ṣoṣo ni Bọ́lá ní.	Bọ́lá has only one child.	20338	child · one · only · FOC · Bola · have
ṣoṣo	Ọjọ́ kan ṣoṣo ni mo ní láti parí iṣẹ́ yìí.	I have only one day to finish this work.	20339	day · one · only · FOC · 1SG · have · to · finish · work · this
ajọdun	Ìlú wa ń ṣe àjọ̀dún ní oṣù tó ń bọ̀.	Our town is holding a festival next month.	20340	town · 1PL.POSS · PROG · do · festival · in · month · REL · PROG · come
ajọdun	Lónìí ni àjọ̀dún ìgbéyàwó wọn.	Today is their wedding anniversary.	20341	today · FOC · anniversary · wedding · 3PL.POSS
yara	Yàrá mi kéré, ṣùgbọ́n ó mọ́ gan-an.	My room is small, but it is very clean.	20342	room · 1SG.POSS · be.small · but · 3SG · be.clean · very
yara	Wọ́n pèsè yàrá méjì fún àwọn àlejò tó dé lánàá.	They provided two rooms for the guests who arrived yesterday.	20343	3PL · provide · room · two · for · PL · guest · REL · arrive · yesterday
imọ	Olùkọ́ náà ní ìmọ̀ púpọ̀ nípa ìtàn ilẹ̀ Yorùbá.	That teacher has a great deal of knowledge about Yoruba history.	20345	teacher · DEF · have · knowledge · much · about · history · land · Yoruba
ẹhin	Ẹ̀hìn mi ń dùn mí lónìí.	My back hurts today.	20346	back · 1SG.POSS · PROG · hurt · 1SG.OBJ · today
ẹhin	Àwọn ọmọ ń ṣeré ní ẹ̀hìn ilé wa.	The children are playing behind our house.	20347	PL · child · PROG · play · at · back · house · 1PL.POSS
ekeji	Túndé ni ọmọ èkejì mi.	Túndé is my second child.	20348	Tunde · COP · child · second · 1SG.POSS
ekeji	Ọ̀kan wà lọ́wọ́ mi, èkejì wà lọ́dọ̀ Bọ́lá.	One of them is with me; the other one is with Bọ́lá.	20349	one · be.at · in.hand · 1SG.POSS · other · be.at · with · Bola
adugbo	Gbogbo àdúgbò wa mọ Bàbá Àyọ̀.	The whole neighbourhood knows Baba Ayọ̀.	20350	all · neighbourhood · 1PL.POSS · know · father · Ayo
adugbo	Ọjà kan wà ní àdúgbò tí mo ń gbé.	There is a market in the neighbourhood where I live.	20351	market · one · exist · at · neighbourhood · REL · 1SG · PROG · live
akin	Akin ọkùnrin náà ya gbogbo wa lẹ́nu.	That man's bravery astonished all of us.	20352	bravery · man · DEF · surprise · all · 1PL.OBJ · in.mouth
akin	Àwọn akin ìlú wa kì í sá fún ogun.	The warriors of our town never flee from war.	20353	PL · warrior · town · 1PL.POSS · NEG · HAB · flee · from · war
agbado	Ìyá mi ń sun àgbàdo ní ẹ̀gbẹ́ ọ̀nà.	My mother is roasting corn by the roadside.	20354	mother · 1SG.POSS · PROG · roast · maize · at · side · road
agbado	Àgbàdo pọ̀ ní oko wa.	There is plenty of maize on our farm.	20355	maize · be.plentiful · at · farm · 1PL.POSS
isinku	Ètò ìsìnkú bàbá rẹ̀ wáyé lọ́jọ́ Àbámẹ́ta, gbogbo ìlú sì wá.	His father's funeral took place on Saturday, and the whole town came.	20356	arrangement · funeral · father · 3SG.POSS · take.place · on.day · Saturday · all · town · and · come
isinku	Wọ́n ṣe ìsìnkú rẹ̀ ní abúlé wọn.	They held his funeral in their village.	20357	3PL · do · funeral · 3SG.POSS · at · village · 3PL.POSS
ye	Yè mi, ẹ kú àárọ̀.	Good morning, mother.	20358	mother · 1SG.POSS · 2PL · greet · morning
ye	Ẹ jọ̀wọ́, yè, ẹ jẹ́ kí n bá yín gbé e.	Please, ma, let me help you carry it.	20359	2PL · please · mother · 2PL · let · that · 1SG · help · 2PL.OBJ · carry · 3SG.OBJ
gele	Ìyá Bọ́lá wé gèlè pupa sí ibi ìgbéyàwó.	Bọ́lá's mother tied a red gele to the wedding.	20360	mother · Bola · tie · headwrap · red · to · place · wedding
eku	Eku wọ inú ilé lálẹ́ àná.	A rat got into the house last night.	20362	rat · enter · inside · house · at.night · last
eku	Àwọn ọdẹ abúlé wa máa ń pa eku fún oúnjẹ.	The hunters in our village kill bush rats for food.	20363	PL · hunter · village · 1PL.POSS · HAB · PROG · kill · rat · for · food
gẹẹsi	Àwọn Gẹ̀ẹ́sì ni wọ́n kọ́ ọ̀nà ojú irin yìí.	It was the British who built this railway.	20364	PL · English · FOC · 3PL · build · road · eye · iron · this
gẹẹsi	Ó ń sọ èdè Gẹ̀ẹ́sì dáadáa.	He speaks English well.	20365	3SG · PROG · speak · language · English · well
sin	Bàbá mi ń sìn Ọlọ́run.	My father worships God.	20366	father · 1SG.POSS · PROG · worship · God
sin	A gbọ́dọ̀ sìn àwọn àgbà ní ilẹ̀ Yorùbá.	We must revere the elders in Yorubaland.	20367	1PL · must · revere · PL · elder · at · land · Yoruba
parí	Mo ti parí iṣẹ́ mi.	I have finished my work.	20368	1SG · PRF · finish · work · 1SG.POSS
parí	Ìpàdé náà kò ní parí kí ó tó di aago mẹ́fà.	The meeting will not end before six o'clock.	20369	meeting · DEF · NEG · FUT · finish · before · 3SG · reach · become · clock · six
alaini	Ẹ ràn àwọn aláìní lọ́wọ́.	Help the needy.	20370	2PL · help · PL · needy.person · in.hand
alaini	Aláìní tí ó bá ṣiṣẹ́ kára yóò rí jẹ.	A person in need who works hard will have something to eat.	20371	needy.person · REL · 3SG · COND · work · hard · FUT · find · eat
akoko	Ẹyẹ àkókó ń gbẹ́ igi lóko.	The woodpecker is boring into the tree on the farm.	20372	bird · woodpecker · PROG · carve · tree · at.farm
akoko	Mo gbọ́ ohùn àkókó nínú igbó, ṣùgbọ́n mi ò rí i.	I heard a woodpecker in the forest, but I did not see it.	20373	1SG · hear · voice · woodpecker · inside · forest · but · 1SG · NEG · see · 3SG.OBJ
omiran	Bàbá mi sọ ìtàn omiran fún wa lálẹ́ àná.	My father told us the story of the giant last night.	20374	father · 1SG.POSS · tell · story · giant · for · 1PL · at.night · yesterday
ọgẹdẹ	Mo rà ọgẹdẹ mẹ́ta ní ọjà lánàá.	I bought three bananas at the market yesterday.	20376	1SG · buy · banana · three · at · market · yesterday
ọgẹdẹ	Ìyá mi ń dín ọgẹdẹ fún oúnjẹ alẹ́.	My mother is frying plantain for dinner.	20377	mother · 1SG.POSS · PROG · fry · plantain · for · food · evening
ranti	Ṣé o ranti orúkọ mi?	Do you remember my name?	20378	Q · 2SG · remember · name · 1SG.POSS
ranti	Èmi kò ranti ohun tí ó sọ fún mi lánàá.	I don't remember what he said to me yesterday.	20379	1SG.EMPH · NEG · remember · thing · REL · 3SG · say · to · 1SG.OBJ · yesterday
ẹlẹdẹ	Àwọn kan kìí jẹ ẹran ẹlẹdẹ.	Some people do not eat pork.	20380	PL · some · NEG.HAB · eat · meat · pig
ẹlẹdẹ	Má ṣe bí ẹlẹdẹ, fọ ọwọ́ rẹ kí o tó jẹun.	Don't behave like a pig — wash your hands before you eat.	20381	NEG.IMP · do · like · pig · wash · hand · 2SG.POSS · SBJV · 2SG · before · eat
ajo	Fi ajo díẹ̀ sí inú ọbẹ̀ náà.	Put a little turmeric in the stew.	20382	put · turmeric · little · to · inside · stew · DEF
ajo	Wọ́n ń tà ajo ní ọjà, ó sì dára fún ara.	They sell turmeric at the market, and it is good for the body.	20383	3PL · PROG · sell · turmeric · at · market · 3SG · and · be.good · for · body
iwájú	Ọkọ̀ ọlọ́pàá dúró sí iwájú ọjà náà.	The police car stopped in front of the market.	20384	vehicle · police · stop · at · front · market · DEF
iwájú	Ọjọ́ iwájú yóò dára fún wa.	The days ahead will be good for us.	20385	day · front · FUT · be.good · for · 1PL
ṣẹlẹ	Kí ni ó ṣẹlẹ sí ọ?	What happened to you?	20386	what · COP · 3SG · happen · to · 2SG.OBJ
ṣẹlẹ	Mo fẹ́ mọ ohun tí ó ṣẹlẹ lánàá.	I want to know what happened yesterday.	20387	1SG · want · know · thing · REL · 3SG · happen · yesterday
onile	Mo san owó ilé fún onile mi lánàá.	I paid the rent to my landlord yesterday.	20389	1SG · pay · money · house · to · landlord · 1SG.POSS · yesterday
aṣẹ	Wọ́n mú aṣẹ náà lọ sí ọdọ̀ ọba.	They took the offender to the king.	20390	3PL · take · offender · DEF · go · to · presence · king
aṣẹ	Ọba ló ní aṣẹ ní ìlú yìí.	It is the king who has authority in this town.	20391	king · FOC.3SG · have · authority · at · town · this
ewu	Ewu ti bo orí bàbá àgbà mi.	Gray hair has covered my grandfather's head.	20392	gray.hair · PRF · cover · head · father · elder · 1SG.POSS
ewu	Ẹ ṣọ́ra, ewu wà níbẹ̀.	Be careful, there is danger there.	20393	2PL · be.careful · danger · be.at · there
wu	Aṣọ tuntun yìí wu mí gan-an.	I really like this new cloth.	20394	cloth · new · this · please · 1SG.OBJ · very
wu	Bí ó bá wu ọ́, wá sí ilé wa lọ́la.	If you like, come to our house tomorrow.	20395	if · 3SG · COND · please · 2SG.OBJ · come · to · house · 1PL.POSS · tomorrow
ire	Ire gbogbo ni mo ń fẹ́ fún ọ.	I wish you every good thing.	20396	good.fortune · all · FOC · 1SG · PROG · want · for · 2SG.OBJ
ire	Ọdún yìí kún fún ire.	This year is full of good fortune.	20397	year · this · be.full · of · good.fortune
oogun	Dókítà fún mi ní oogun ibà.	The doctor gave me medicine for fever.	20398	doctor · give · 1SG.OBJ · LOC · medicine · fever
oogun	Ọ̀pọ̀ ènìyàn ṣì gbàgbọ́ nínú oogun ní abúlé wa.	Many people still believe in juju in our village.	20399	many · person · still · believe · in · charm · at · village · 1PL.POSS
waye	Ìgbéyàwó náà yóò waye ní ọjọ́ Sátidé.	The wedding will take place on Saturday.	20400	wedding · DEF · FUT · happen · at · day · Saturday
waye	Àpéjọ ńlá waye ní ìlú wa lọ́dún tí ó kọjá.	A big meeting took place in our town last year.	20401	gathering · big · happen · at · town · 1PL.POSS · in.year · REL · 3SG · pass
tọju	Mo ń tọju ìyá àgbà mi ní ilé.	I look after my grandmother at home.	20402	1SG · PROG · care.for · mother · elder · 1SG.POSS · at · house
ṣẹ	Igi náà ṣẹ nítorí ẹ̀fúùfù ńlá.	The tree snapped because of the strong wind.	20404	tree · DEF · break · because · wind · big
ṣẹ	Ṣẹ díẹ̀ nínú búrẹ́dì náà fún mi.	Break off a little of the bread for me.	20405	break · little · inside · bread · DEF · for · 1SG.OBJ
abẹtẹlẹ	Ọlọ́pàá gba abẹtẹlẹ lọ́wọ́ awakọ̀ náà.	The policeman took a bribe from the driver.	20406	police · receive · bribe · from.hand · driver · DEF
abẹtẹlẹ	Abẹtẹlẹ ti pọ̀ jù ní orílẹ̀-èdè wa.	Corruption has become too much in our country.	20407	corruption · PRF · be.much · exceed · at · country · 1PL.POSS
aisan	Bàbá mi ní aisan, ó ń sinmi ní ilé.	My father is ill; he is resting at home.	20408	father · 1SG.POSS · have · sickness · 3SG · PROG · rest · at · house
aisan	Aisan wo ni ó ń ṣe ọ́?	What sickness is troubling you?	20409	sickness · which · FOC · 3SG · PROG · do · 2SG.OBJ
ibọn	Ọdẹ náà gbé ibọn lọ sí igbó.	The hunter took a gun to the forest.	20410	hunter · DEF · carry · gun · go · to · forest
ibọn	Ẹnikẹ́ni kò gbọ́dọ̀ mú ibọn wá sí ilé-ìwé.	No one may bring a gun to school.	20411	anyone · NEG · must · take · gun · come · to · house-book
àgbàlagbà	Àwọn àgbàlagbà ń jókòó lábẹ́ igi, wọ́n sì ń sọ ìtàn.	The elders are sitting under the tree, and they are telling stories.	20412	PL · elder · PROG · sit · under · tree · 3PL · and · PROG · tell · story
àgbàlagbà	Bọ̀wọ̀ fún àgbàlagbà nígbà gbogbo.	Always respect elders.	20413	respect · for · elder · at.time · all
ida	Idà ni wọ́n fi jà ogun nígbà àtijọ́.	It was with swords that they fought wars in the old days.	20415	sword · FOC · 3PL · use · fight · war · at.time · olden.days
ẹgbọn	Ẹ̀gbọ́n mi ń ṣiṣẹ́ ní Èkó.	My older brother works in Lagos.	20416	older.sibling · 1SG.POSS · PROG · work · at · Lagos
ẹgbọn	Àwọn ọmọ gbọ́dọ̀ bọ̀wọ̀ fún ẹ̀gbọ́n wọn nígbà gbogbo.	Children must always respect their older siblings.	20417	PL · child · must · respect · for · older.sibling · 3PL.POSS · at.time · all
abẹ	Abẹ́ tábìlì ni ológbò náà wà.	The cat is under the table.	20418	under · table · FOC · cat · DEF · be.at
abẹ	Ọmọ náà fi ìwé rẹ̀ sí abẹ́ ẹní.	The child put his book under the mat.	20419	child · DEF · put · book · 3SG.POSS · to · under · mat
ibadan	Mo ń lọ sí Ìbàdàn lọ́la.	I am going to Ibadan tomorrow.	20420	1SG · PROG · go · to · Ibadan · tomorrow
ibadan	Bàbá mi ti gbé ní Ìbàdàn fún ogún ọdún.	My father has lived in Ibadan for twenty years.	20421	father · 1SG.POSS · PRF · live · at · Ibadan · for · twenty · year
awọ	Wọ́n fi awọ màlúù ṣe bàtà yìí.	They made these shoes from cow hide.	20423	3PL · use · hide · cow · make · shoe · this
ọpẹ	Ẹbí náà fi ọpẹ́ hàn sí olùkọ́ náà.	The family showed their gratitude to the teacher.	20425	family · DEF · use · gratitude · show · to · teacher · DEF
igbin	Mo gbọ́ ohùn ìgbìn ní òru àná.	I heard the sound of the igbin drums last night.	20426	1SG · hear · sound · log.drum · at · night · yesterday
igbin	Ìgbìn ni wọ́n ń lù ní ọdún Ọbàtálá.	It is the igbin drums that they beat at the Obatala festival.	20427	log.drum · FOC · 3PL · PROG · beat · at · festival · Obatala
gbàgbé	Má gbàgbé láti pè mí.	Don't forget to call me.	20428	NEG.IMP · forget · to · call · 1SG.OBJ
gbàgbé	Mo ti gbàgbé orúkọ ọkùnrin náà pátápátá.	I have completely forgotten that man's name.	20429	1SG · PRF · forget · name · man · DEF · completely
gbiyanju	Ẹ gbìyànjú láti dé ní àkókò.	Please try to arrive on time.	20430	2PL · try · to · arrive · at · time
gbiyanju	Ó gbìyànjú gan-an, ṣùgbọ́n kò rí iṣẹ́ náà gbà.	He tried very hard, but he did not get the job.	20431	3SG · try · very · but · NEG · see · work · DEF · receive
nile	Bàbá kò sí nílé lónìí.	Father is not at home today.	20432	father · NEG · be.at · at.home · today
nile	Àwọn àlejò wa yóò sùn nílé wa lálẹ́ yìí.	Our guests will sleep at our house tonight.	20433	PL · guest · 1PL.POSS · FUT · sleep · at.house · 1PL.POSS · at.night · this
iṣoro	Àwọn akẹ́kọ̀ọ́ ní ìṣòro púpọ̀ nínú ìdánwò náà.	The students had a lot of difficulty in that exam.	20435	PL · student · have · difficulty · much · in · exam · DEF
ariwo	Ariwo ọjà náà pọ̀ jù.	The noise of that market is too much.	20436	noise · market · DEF · be.much · exceed
ariwo	Má ṣe ariwo, ọmọ náà ń sùn.	Don't make noise, the child is sleeping.	20437	NEG.IMP · make · noise · child · DEF · PROG · sleep
iranti	Ìrántí bàbá àgbà mi kò ní parẹ́ láéláé.	The memory of my grandfather will never fade.	20438	memory · father · elder · 1SG.POSS · NEG · FUT · fade · forever
iranti	Ó fún mi ní ẹ̀bùn ìrántí.	She gave me a keepsake.	20439	3SG · give · 1SG.OBJ · LOC · gift · remembrance
keresimesi	Ọdún Kérésìmesì yìí dùn gan-an.	This Christmas was very enjoyable.	20440	festival · Christmas · this · be.sweet · very
keresimesi	Wọ́n rà aṣọ tuntun fún àwọn ọmọ ní Kérésìmesì.	They bought new clothes for the children at Christmas.	20441	3PL · buy · cloth · new · for · PL · child · at · Christmas
ojukokoro	Ojúkòkòrò ọkùnrin náà mú kí ó pàdánù ohun gbogbo.	That man's greed made him lose everything.	20443	greed · man · DEF · cause · COMP · 3SG · lose · thing · all
aya	Ó fẹ́ aya ní ọdún tí ó kọjá.	He took a wife last year.	20445	3SG · marry · wife · at · year · REL · 3SG · pass
ẹmu	Àwọn àgbà ń mu ẹmu ní àárọ̀.	The elders drink palm wine in the morning.	20446	PL · elder · PROG · drink · palm.wine · at · morning
ẹmu	Ẹmu tuntun ni wọ́n mú wá.	It was fresh palm wine that they brought.	20447	palm.wine · new · FOC · 3PL · take · come
igbese	Mo ti san igbèsè mi tán.	I have finished paying my debt.	20448	1SG · PRF · pay · debt · 1SG.POSS · finish
igbese	Igbèsè ńlá ni ó wà lọ́rùn ọkùnrin náà.	It is a heavy debt that hangs on that man's neck.	20449	debt · big · FOC · 3SG · be.at · on.neck · man · DEF
ijọ	Ìyá mi lọ sí ìjọ.	My mother went to church.	20450	mother · 1SG.POSS · go · to · church
ijọ	Gbogbo ìjọ dìde nígbà tí àlùfáà wọlé.	The whole congregation stood up when the priest came in.	20451	all · congregation · stand.up · at.time · REL · priest · enter
ọya	Ọdẹ náà pa ọ̀yà kan lánàá.	The hunter killed a grasscutter yesterday.	20452	hunter · DEF · kill · cane.rat · INDF · yesterday
ọya	Ẹran ọ̀yà ni mo fẹ́ràn jù nínú gbogbo ẹran.	Grasscutter is the meat I like best of all.	20453	meat · cane.rat · FOC · 1SG · like · most · in · all · meat
aburo	Àbúrò mi ti bẹ̀rẹ̀ ilé ìwé lọ́dún yìí.	My younger sibling started school this year.	20454	younger.sibling · 1SG.POSS · PRF · begin · house · book · at.year · this
aburo	Mo ní àbúrò obìnrin kan.	I have a younger sister.	20455	1SG · have · younger.sibling · female · INDF
amọ	Mo pè é, àmọ́ kò dáhùn.	I called him, but he didn't answer.	20456	1SG · call · 3SG.OBJ · but · NEG · answer
amọ	Oúnjẹ náà dùn, àmọ́ ó gbóná jù.	The food is tasty, but it's too hot.	20457	food · DEF · be.sweet · but · 3SG · be.hot · too.much
irẹsi	Mo fẹ́ jẹ ìrẹsì àti ẹ̀wà.	I want to eat rice and beans.	20458	1SG · want · eat · rice · and · beans
irẹsi	Ìrẹsì ti wọ́n gan-an ní ọjà báyìí.	Rice has become very expensive at the market now.	20459	rice · PRF · be.costly · very · at · market · now
aadọta	Bàbá àgbà mi ti pé ọmọ ọdún àádọ́ta.	My grandfather has turned fifty.	20460	father · elder · 1SG.POSS · PRF · complete · child · year · fifty
aadọta	Ènìyàn àádọ́ta wá sí ìpàdé náà.	Fifty people came to the meeting.	20461	person · fifty · come · to · meeting · DEF
otitọ	Sọ òtítọ́ nígbà gbogbo, ọmọ mi.	Always tell the truth, my child.	20462	say.IMP · truth · at.time · all · child · 1SG.POSS
otitọ	Kò sí òtítọ́ kankan nínú ọ̀rọ̀ rẹ̀.	There is no truth at all in what he says.	20463	NEG · exist · truth · any · in · word · 3SG.POSS
aṣiri	Má ṣe tú àṣírí mi fún ẹnikẹ́ni.	Don't give away my secret to anyone.	20464	NEG.IMP · do · expose · secret · 1SG.POSS · to · anyone
aṣiri	Àṣírí rẹ̀ tú ní ìlú.	His secret got out around town.	20465	secret · 3SG.POSS · be.exposed · at · town
ṣeré	Ọmọ náà fẹ́ ṣeré nìkan.	That child only wants to play.	20466	child · DEF · want · play · only
ṣeré	Àwọn ọmọ náà ṣeré títí di alẹ́.	The children played until evening.	20467	PL · child · DEF · play · until · reach · evening
gbin	Ó ń gbin nítorí ìrora.	He is groaning because of the pain.	20468	3SG · PROG · groan · because.of · pain
gbin	Aláìsàn náà gbin ní gbogbo òru.	The sick man moaned all night.	20469	sick.person · DEF · groan · at · all · night
kẹtẹkẹtẹ	Kẹ́tẹ́kẹ́tẹ́ náà ń ru ẹrù wúwo lọ sí ọjà.	The donkey is carrying a heavy load to the market.	20470	donkey · DEF · PROG · carry · load · be.heavy · go · to · market
kẹtẹkẹtẹ	Àgbẹ̀ náà rà kẹ́tẹ́kẹ́tẹ́ méjì.	The farmer bought two donkeys.	20471	farmer · DEF · buy · donkey · two
ẹja	Ẹja tútù wà lọ́jà lónìí.	There is fresh fish at the market today.	20472	fish · be.fresh · be.at · at.market · today
ẹja	Bàbá mi pa ẹja ńlá kan lódò.	My father caught a big fish in the river.	20473	father · 1SG.POSS · kill · fish · big · INDF · at.river
bẹru	Má bẹ̀rù, mo wà pẹ̀lú rẹ.	Don't be afraid, I am with you.	20474	NEG.IMP · fear · 1SG · be.at · with · 2SG
bẹru	Ọmọ náà bẹ̀rù ajá tó ń gbó.	The child was afraid of the dog that was barking.	20475	child · DEF · fear · dog · REL · PROG · bark
ipolongo	Ìpolongo ìdìbò ti bẹ̀rẹ̀ ní ìlú wa.	The election campaign has started in our town.	20476	campaign · election · PRF · begin · at · town · 1PL.POSS
ipolongo	A gbọ́ ìpolongo ọba lórí rédíò.	We heard the king's proclamation on the radio.	20477	1PL · hear · proclamation · king · on · radio
ekiti	Àwọn òbí mi ń gbé ní Èkìtì.	My parents live in Ekiti.	20478	PL · parent · 1SG.POSS · PROG · live · at · Ekiti
ekiti	Èkìtì ni ìlú ìbílẹ̀ bàbá mi.	Ekiti is my father's hometown.	20479	Ekiti · COP · town · native · father · 1SG.POSS
lẹ	Mo lẹ̀ àwòrán mọ́ ògiri.	I stuck a picture on the wall.	20480	1SG · paste · picture · onto · wall
lẹ	Wọ́n lẹ̀ ìwé ìkéde sí ẹnu ọ̀nà ọjà.	They pasted the notice at the market gate.	20481	3PL · paste · paper · announcement · at · mouth · road · market
awolọwọ	Awólọ́wọ̀ jẹ́ olóṣèlú tí gbogbo ènìyàn mọ̀.	Awolowo was a politician everybody knew.	20482	Awolowo · COP · politician · REL · all · person · know
awolọwọ	Mo kà ìwé ìtàn Awólọ́wọ̀ ní ilé ìwé.	I read Awolowo's life story at school.	20483	1SG · read · book · story · Awolowo · at · house · book
ewurẹ	Ewúrẹ́ ń jẹ koríko lẹ́yìn ilé.	The goat is eating grass behind the house.	20484	goat · PROG · eat · grass · at.behind · house
ewurẹ	Wọ́n pa ewúrẹ́ méjì fún ayẹyẹ náà.	They killed two goats for the celebration.	20485	3PL · kill · goat · two · for · celebration · DEF
onigbagbọ	Àwọn onígbàgbọ́ pàdé ní ṣọ́ọ̀ṣì ní ọjọ́ Àìkú.	The believers met at the church on Sunday.	20487	PL · believer · meet · at · church · on · day · Sunday
okunkun	Mi ò rí ọ̀nà nínú òkùnkùn.	I couldn't see the road in the darkness.	20488	1SG · NEG · see · road · in · darkness
okunkun	Iná kú lálẹ́, òkùnkùn sì bo gbogbo ilé náà.	The light went out at night, and darkness covered the whole house.	20489	fire · die · at.night · darkness · and · cover · all · house · DEF
akọ	Ó fà idà náà yọ nínú akọ rẹ̀.	He pulled the sword out of its sheath.	20490	3SG · pull · sword · DEF · come.out · from.in · sheath · 3SG.POSS
akọ	Fi idà náà sínú akọ rẹ̀.	Put the sword back into its sheath.	20491	put.IMP · sword · DEF · into · sheath · 3SG.POSS
wura	Ìyàwó náà wọ òrùka wúrà.	The bride wore a gold ring.	20492	bride · DEF · wear · ring · gold
wura	Wúrà ni wọ́n fi ṣe adé ọba.	It is gold that they used to make the king's crown.	20493	gold · FOC · 3PL · use · make · crown · king
ọwọn	Ẹja ti di ọ̀wọ́n ní ọjà wa.	Fish has become expensive in our market.	20494	fish · PERF · become · scarce · at · market · 1PL.POSS
ajẹ	Wọ́n ní àjẹ́ ló fa àìsàn ọmọ náà.	They said it was witchcraft that caused the child's illness.	20496	3PL · say · witchcraft · FOC.3SG · cause · illness · child · DEF
ajẹ	Ọ̀pọ̀ ènìyàn ṣì ń bẹ̀rù àjẹ́.	Many people still fear witchcraft.	20497	many · person · still · PROG · fear · witchcraft
ṣiṣe	Ṣíṣe àti sísọ jẹ́ ohun méjì ọ̀tọ̀ọ̀tọ̀.	Doing and saying are two different things.	20498	doing · and · saying · COP · thing · two · different
ṣiṣe	Ó ń kọ́ ṣíṣe oúnjẹ lọ́wọ́ ìyá rẹ̀.	She is learning cooking from her mother.	20499	3SG · PROG · learn · making · food · from · mother · 3SG.POSS
laaarin	Ilé wa wà láàárín ọjà àti ilé ìwé.	Our house is between the market and the school.	20500	house · 1PL.POSS · be.located · between · market · and · house · book
laaarin	Ó jókòó láàárín àwọn ọ̀rẹ́ rẹ̀.	He sat in the middle of his friends.	20501	3SG · sit · in.middle.of · PL · friend · 3SG.POSS
keje	Oṣù keje ni wọ́n bí ọmọ náà.	The child was born in the seventh month.	20502	month · seventh · FOC · 3PL · give.birth · child · DEF
keje	Èyí ni ìgbà keje tí mo ti pè ọ́.	This is the seventh time I have called you.	20503	this · COP · time · seventh · REL · 1SG · PERF · call · 2SG.OBJ
arun	Àrùn ibà mú ọmọ náà lọ́sẹ̀ tó kọjá.	The child came down with malaria last week.	20504	disease · fever · seize · child · DEF · in.week · REL · pass
arun	Ìwòsàn wà fún àrùn yìí.	There is a cure for this disease.	20505	cure · exist · for · disease · this
ẹjẹ	Ẹ̀jẹ̀ ń ṣàn ní ọwọ́ rẹ̀.	Blood is flowing from his hand.	20506	blood · PROG · flow · at · hand · 3SG.POSS
ẹjẹ	Ẹ̀jẹ̀ kan náà ni àwa méjèèjì.	The two of us are of the same blood.	20507	blood · one · same · COP · 1PL.EMPH · both
kẹta	Ilé wọn ni ilé kẹta ní òpópónà yìí.	Their house is the third house on this street.	20508	house · 3PL.POSS · COP · house · third · on · street · this
kẹta	Ó parí ìdíje náà ní ipò kẹta.	He finished the competition in third place.	20509	3SG · finish · competition · DEF · at · position · third
ila	Ìyá mi sè ọbẹ̀ ilá lónìí.	My mother cooked okra stew today.	20510	mother · 1SG.POSS · cook · stew · okra · today
ila	A gbin ilá àti ata nínú ọgbà wa.	We planted okra and pepper in our garden.	20511	1PL · plant · okra · and · pepper · inside · garden · 1PL.POSS
imu	Ó fi ọwọ́ bo imú rẹ̀ nítorí èéfín.	He covered his nose with his hand because of the smoke.	20513	3SG · use · hand · cover · nose · 3SG.POSS · because.of · smoke
ijẹṣa	Èdè àwọn Ìjẹ̀ṣà yàtọ̀ díẹ̀ sí ti wa.	The speech of the Ijesha differs a little from ours.	20514	language · PL · Ijesha · differ · little · from · that.of · 1PL.POSS
ijẹṣa	Ọ̀rẹ́ mi jẹ́ ọmọ Ìjẹ̀ṣà.	My friend is an Ijesha.	20515	friend · 1SG.POSS · COP · child · Ijesha
ijo	Àwọn ọmọdé ń kọ́ ijó ìbílẹ̀ ní ilé ìwé.	The children are learning traditional dance at school.	20517	PL · child · PROG · learn · dance · traditional · at · house · book
adé	Ọba wọ adé rẹ̀ sí ibi ayẹyẹ náà.	The king wore his crown to the ceremony.	20518	king · wear · crown · 3SG.POSS · to · place · celebration · DEF
adé	Kò rọrùn láti wọ adé.	Wearing a crown is not easy.	20519	NEG · be.easy · to · wear · crown
imọran	Ìmọ̀ràn rẹ̀ ràn mí lọ́wọ́.	His advice helped me.	20520	advice · 3SG.POSS · help · 1SG.OBJ · at.hand
imọran	Àwọn àgbà ń fún àwọn ọ̀dọ́ ní ìmọ̀ràn.	The elders give the young people advice.	20521	PL · elder · PROG · give · PL · youth · OBJ · advice
eewọ	Èèwọ̀ ni láti fi ọwọ́ òsì gba nǹkan lọ́wọ́ àgbà.	It is taboo to take something from an elder with the left hand.	20522	taboo · COP · to · use · hand · left · receive · thing · from · elder
eewọ	Ìlú kọ̀ọ̀kan ní èèwọ̀ tirẹ̀.	Each town has its own taboo.	20523	town · each · have · taboo · own.3SG
akẹkọọ	Ó jẹ́ akẹ́kọ̀ọ́ tuntun ní kíláàsì wa.	He is a new student in our class.	20524	3SG · COP · student · new · in · class · 1PL.POSS
akẹkọọ	Gbogbo akẹ́kọ̀ọ́ gbọ́dọ̀ wá ní àkókò.	Every student must come on time.	20525	all · student · must · come · at · time
gbangba	Wọ́n jó ní gbangba níwájú ilé ọba.	They danced in the open in front of the king's house.	20526	3PL · dance · at · open.space · in.front.of · house · king
gbangba	Ó sọ òtítọ́ náà ní gbangba fún gbogbo ènìyàn.	He told the truth openly to everyone.	20527	3SG · say · truth · DEF · at · open · to · all · person
ọn	Ìyá náà pọ̀n ọ́n lẹ́yìn lọ sí ọjà.	The mother strapped him to her back and went to the market.	20528	mother · DEF · strap.to.back · 3SG.OBJ · at.back · go · to · market
ọn	Oníṣòwò náà wọ̀n ọ́n fún mi.	The trader weighed it for me.	20529	trader · DEF · weigh · 3SG.OBJ · for · 1SG.OBJ
ajọ	Ìyá mi fi ajọ sẹ́ ògì náà.	My mother strained the pap with a sieve.	20530	mother · 1SG.POSS · use · sieve · strain · pap · DEF
kẹrin	Ó gba ipò kẹrin nínú ìdíje náà.	He took fourth place in the competition.	20532	3SG · take · position · fourth · inside · competition · DEF
kẹrin	Bọ́lá ni ọmọ kẹrin tí ìyá mi bí.	Bola is the fourth child my mother had.	20533	Bola · FOC · child · fourth · REL · mother · 1SG.POSS · bear
amala	Ìyá mi ro amala fún wa lálẹ́ àná.	My mother made us yam-flour paste last night.	20534	mother · 1SG.POSS · stir · yam.flour.paste · for · 1PL · at.night · yesterday
amala	Amala àti ẹ̀fọ́ ni mo máa ń jẹ ní ilé oúnjẹ.	Yam-flour paste and vegetable stew is what I usually eat at the restaurant.	20535	yam.flour.paste · and · vegetable.stew · FOC · 1SG · HAB · PROG · eat · at · house · food
pade	Mo pade olùkọ́ mi ní ọjà lánàá.	I met my teacher at the market yesterday.	20536	1SG · meet · teacher · 1SG.POSS · at · market · yesterday
pade	Àwọn àgbà ìlú yóò pade lọ́la ní àfin ọba.	The town elders will meet tomorrow at the king's palace.	20537	PL · elder · town · FUT · meet · tomorrow · at · palace · king
dibo	Babaláwo náà dibo fún wa lánàá.	The babalawo cast the ibo lots for us yesterday.	20538	diviner · DEF · cast.lots · for · 1PL · yesterday
dibo	Gbogbo ará ìlú lọ dibo ní ọjọ́ Àbámẹ́ta.	All the townspeople went to vote on Saturday.	20539	all · people · town · go · vote · on · day · Saturday
akoba	Má ṣe akoba fún ọmọ ẹlòmíràn.	Do not bring harm on somebody else's child.	20540	NEG.IMP · do · harm · for · child · another.person
akoba	Ọ̀rọ̀ tí ó sọ náà fa akoba fún gbogbo ìdílé wa.	What he said brought trouble on our whole family.	20541	word · REL · 3SG · say · DEF · cause · harm · for · all · family · 1PL.POSS
apo	Ọdẹ náà kó gbogbo ọfà rẹ̀ sínú apo kí ó tó lọ sí igbó.	The hunter gathered all his arrows into the quiver before he set off for the forest.	20542	hunter · DEF · gather · all · arrow · 3SG.POSS · into · quiver · SBJV · 3SG · before · go · to · forest
apo	Kò sí owó kankan nínú apo mi.	There is no money at all in my pocket.	20543	NEG · exist · money · any · inside · pocket · 1SG.POSS
sita	Àwọn ọmọ sáré jáde sita nígbà tí òjò dá.	The children ran outside when the rain stopped.	20544	PL · child · run · exit · outside · when · REL · rain · stop
sita	Bàbá gbé àga rẹ̀ sita ní ìrọ̀lẹ́.	Father carried his chair outside in the evening.	20545	father · carry · chair · 3SG.POSS · outside · at · evening
iranlọwọ	Ẹ jọ̀wọ́, mo nílò iranlọwọ yín.	Please, I need your help.	20546	2PL · please · 1SG · need · help · 2PL.POSS
iranlọwọ	Àwọn aládùúgbò wa fún wa ní iranlọwọ nígbà tí ilé wa jóná.	Our neighbours gave us help when our house burned down.	20547	PL · neighbour · 1PL.POSS · give · 1PL · OBJ · help · when · REL · house · 1PL.POSS · burn
ajoji	Ajoji ni mí ní ìlú yìí.	I am a stranger in this town.	20548	stranger · COP · 1SG · in · town · this
ajoji	Àwọn ará ìlú gba ajoji náà pẹ̀lú inú dídùn.	The townspeople welcomed the stranger gladly.	20549	PL · people · town · receive · stranger · DEF · with · inside · sweetness
irọ	Irọ ni ọ̀rọ̀ tí ó sọ.	What he said is a lie.	20550	lie · COP · word · REL · 3SG · say
irọ	Bàbá kìlọ̀ fún wa pé ká má pa irọ.	Father warned us not to tell lies.	20551	father · warn · to · 1PL · COMP · SBJV.1PL · NEG.IMP · tell · lie
aarin	Ọjà náà wà ní aarin ìlú.	The market is in the middle of town.	20552	market · DEF · be.at · in · middle · town
aarin	Ọmọ náà jókòó sí aarin ìyá àti bàbá rẹ̀.	The child sat down between his mother and his father.	20553	child · DEF · sit · to · middle · mother · and · father · 3SG.POSS
itẹlọrun	Ó ní itẹlọrun nínú iṣẹ́ rẹ̀.	He is content with his work.	20554	3SG · have · contentment · inside · work · 3SG.POSS
itẹlọrun	Owó púpọ̀ nìkan kò lè mú itẹlọrun wá.	Money alone cannot bring contentment.	20555	money · much · only · NEG · can · take · contentment · come
mẹrin	Mo ra ọsàn mẹrin ní ọjà lónìí.	I bought four oranges at the market today.	20556	1SG · buy · orange · four · at · market · today
mẹrin	Ilé wa ní yàrá mẹrin.	Our house has four rooms.	20557	house · 1PL.POSS · have · room · four
awo	Awo ni ọ̀rọ̀ yìí, ẹ má sọ ọ́ fún ẹnikẹ́ni.	This matter is a secret; do not tell it to anyone.	20558	secret · COP · matter · this · 2PL · NEG.IMP · tell · 3SG.OBJ · to · anyone
awo	Àwọn àgbà nìkan ni ó mọ awo ẹgbẹ́ náà.	Only the elders know the secrets of that society.	20559	PL · elder · only · FOC · 3SG · know · secret · society · DEF
ejò	Ejò kan wọ inú ọgbà wa lánàá.	A snake got into our yard yesterday.	20560	snake · a · enter · inside · yard · 1PL.POSS · yesterday
ejò	Àwọn ọmọ sá lọ nígbà tí wọ́n rí ejò nínú koríko.	The children ran away when they saw a snake in the grass.	20561	PL · child · flee · go · when · REL · 3PL · see · snake · inside · grass
ẹfọn	Ẹfọn tóbi ju màlúù lọ.	A buffalo is bigger than a cow.	20562	buffalo · big · exceed · cow · go
ẹfọn	Ọdẹ náà rí ẹfọn méjì nínú igbó lánàá.	The hunter saw two buffalo in the forest yesterday.	20563	hunter · DEF · see · buffalo · two · inside · forest · yesterday
soke	Gbé ọwọ́ rẹ soke bí o bá mọ ìdáhùn.	Raise your hand if you know the answer.	20564	raise · hand · 2SG.POSS · up · if · 2SG · IRR · know · answer
soke	Owó oúnjẹ ti lọ soke ní ọjà.	Food prices have gone up at the market.	20565	money · food · PERF · go · up · at · market
ẹbun	Mo fún ìyá mi ní ẹbun ní ọjọ́ ìbí rẹ̀.	I gave my mother a gift on her birthday.	20566	1SG · give · mother · 1SG.POSS · OBJ · gift · on · day · birth · 3SG.POSS
ẹbun	Ohùn dídùn rẹ̀ jẹ́ ẹbun láti ọ̀dọ̀ Ọlọ́run.	Her sweet voice is a gift from God.	20567	voice · sweet · 3SG.POSS · be · gift · from · presence · God
igbẹ	Àwọn ọdẹ lọ sínú igbẹ láti wá ẹran.	The hunters went into the bush to look for game.	20568	PL · hunter · go · into · bush · to · seek · meat
igbẹ	Ẹran igbẹ ni wọ́n ń tà ní ọjà náà.	It is bushmeat that they sell at that market.	20569	meat · bush · FOC · 3PL · PROG · sell · at · market · DEF
